CRASH_UNIT_ID,CRASH_RECORD_ID,CRASH_DATE,UNIT_NO,UNIT_TYPE,NUM_PASSENGERS,VEHICLE_ID,CMRC_VEH_I,MAKE,MODEL,LIC_PLATE_STATE,VEHICLE_YEAR,VEHICLE_DEFECT,VEHICLE_TYPE,VEHICLE_USE,TRAVEL_DIRECTION,MANEUVER,TOWED_I,FIRE_I,OCCUPANT_CNT,EXCEED_SPEED_LIMIT_I,TOWED_BY,TOWED_TO,AREA_00_I,AREA_01_I,AREA_02_I,AREA_03_I,AREA_04_I,AREA_05_I,AREA_06_I,AREA_07_I,AREA_08_I,AREA_09_I,AREA_10_I,AREA_11_I,AREA_12_I,AREA_99_I,FIRST_CONTACT_POINT,CMV_ID,USDOT_NO,CCMC_NO,ILCC_NO,COMMERCIAL_SRC,GVWR,CARRIER_NAME,CARRIER_STATE,CARRIER_CITY,HAZMAT_PLACARDS_I,HAZMAT_NAME,UN_NO,HAZMAT_PRESENT_I,HAZMAT_REPORT_I,HAZMAT_REPORT_NO,MCS_REPORT_I,MCS_REPORT_NO,HAZMAT_VIO_CAUSE_CRASH_I,MCS_VIO_CAUSE_CRASH_I,IDOT_PERMIT_NO,WIDE_LOAD_I,TRAILER1_WIDTH,TRAILER2_WIDTH,TRAILER1_LENGTH,TRAILER2_LENGTH,TOTAL_VEHICLE_LENGTH,AXLE_CNT,VEHICLE_CONFIG,CARGO_BODY_TYPE,LOAD_TYPE,HAZMAT_OUT_OF_SERVICE_I,MCS_OUT_OF_SERVICE_I,HAZMAT_CLASS
2108554,de0b191d21b76fb817a5573679ddc65d870d3797c5bb12e10644b1a1e368bc0b3f3b78cbea420e6f83f8e57f59cc8ce705c661a19f849ca7a2fb4f7756f51a12,07/17/2025 12:00:00 PM,2,DRIVER,,2010127,,TOYOTA,CAMRY,IL,2018,NONE,PASSENGER,PERSONAL,N,STRAIGHT AHEAD,Y,,1,,PERSONAL TOW,,,Y,,,,,,,,Y,Y,Y,Y,,FRONT-LEFT-CORNER,,,,,,,,,,,,,,,,,,,,,,,,,,,,,,,,,
2108560,28dbb03800c0671331bccf271441bb45d56111624ad7e6beaf6b0825bfa037cb510f437e0d4cf34ed7eae79dd175cab939a189e12d0d70b97e5049f35f093b38,07/17/2025 11:53:00 AM,1,DRIVER,,2010125,,FORD,F150,IL,2017,NONE,PICKUP,PERSONAL,N,AVOIDING VEHICLES/OBJECTS,,,1,,,,,,,,,,,,,,,Y,,,FRONT-LEFT-CORNER,,,,,,,,,,,,,,,,,,,,,,,,,,,,,,,,,
2108561,28dbb03800c0671331bccf271441bb45d56111624ad7e6beaf6b0825bfa037cb510f437e0d4cf34ed7eae79dd175cab939a189e12d0d70b97e5049f35f093b38,07/17/2025 11:53:00 AM,2,DRIVER,,2010137,,LEXUS,NX,IL,2024,NONE,SPORT UTILITY VEHICLE (SUV),PERSONAL,N,TURNING LEFT,,,1,,,,,,,,,Y,,,,,,,,,REAR-RIGHT-CORNER,,,,,,,,,,,,,,,,,,,,,,,,,,,,,,,,,
2109110,8d6bb2202c3648ec9de110d1a1e866135d87599fb13ebca4a5d058e24d2e33648e76ce8dde1988f0023d70cf373f2566bc080bae56134fa4a27859d5f15d470d,07/17/2025 11:38:00 AM,1,DRIVER,,2010646,,UNKNOWN,MOTORIZED,,,UNKNOWN,UNKNOWN/NA,UNKNOWN/NA,S,STRAIGHT AHEAD,,,1,,,,,,,,,,,,,,,,,Y,UNKNOWN,,,,,,,,,,,,,,,,,,,,,,,,,,,,,,,,,
2108528,8d14d8bf0c634e091e62d5cd6198033d04107c39a659feffe0819ab3a0a6f75317b9e4eb1873b7ded80b866bb0649f8496b3d1c856a32f63d8d4d38e9ca732cd,07/17/2025 11:37:00 AM,1,DRIVER,,2010094,N,CHEVROLET,SILVERADO,OH,2023,UNKNOWN,PICKUP,OTHER,N,STRAIGHT AHEAD,,,1,,,,Y,,,,,,,,,,,,,,FRONT,,,,,,,,,,,,,,,,,,,,,,,,,,,,,,,,,
2108529,8d14d8bf0c634e091e62d5cd6198033d04107c39a659feffe0819ab3a0a6f75317b9e4eb1873b7ded80b866bb0649f8496b3d1c856a32f63d8d4d38e9ca732cd,07/17/2025 11:37:00 AM,2,DRIVER,1,2010098,,VOLKSWAGEN,PASSAT,IL,2014,UNKNOWN,PASSENGER,PERSONAL,N,SLOW/STOP IN TRAFFIC,,,2,,,,,,,,,,Y,,,,,,,,REAR,,,,,,,,,,,,,,,,,,,,,,,,,,,,,,,,,
2108535,b8289c5efc1792398a344016b8940162e6966412e0ed4aa31a12458137c961ccb8e372b65195887ae9d82f89bcfab9f05540b6b89bda2e7b0109f2c451ff4d61,07/17/2025 11:30:00 AM,1,DRIVER,,2010101,,MERCEDES-BENZ,OTHER (EXPLAIN IN NARRATIVE),IL,2024,NONE,VAN/MINI-VAN,OTHER,N,STRAIGHT AHEAD,Y,,1,,private,,,Y,,,,,,,,,,Y,Y,,FRONT,,,,,,,,,,,,,,,,,,,,,,,,,,,,,,,,,
2108536,b8289c5efc1792398a344016b8940162e6966412e0ed4aa31a12458137c961ccb8e372b65195887ae9d82f89bcfab9f05540b6b89bda2e7b0109f2c451ff4d61,07/17/2025 11:30:00 AM,2,DRIVER,,2010107,,GENERAL MOTORS CORPORATION (GMC),HANDI-VAN,,2009,NONE,VAN/MINI-VAN,OTHER,N,STRAIGHT AHEAD,,,1,,,,,Y,,,,Y,Y,Y,,,,Y,Y,,REAR,,,,,,,,,,,,,,,,,,,,,,,,,,,,,,,,,
2108537,b8289c5efc1792398a344016b8940162e6966412e0ed4aa31a12458137c961ccb8e372b65195887ae9d82f89bcfab9f05540b6b89bda2e7b0109f2c451ff4d61,07/17/2025 11:30:00 AM,3,DRIVER,,2010111,,FORD,OTHER (EXPLAIN IN NARRATIVE),IL,2007,NONE,VAN/MINI-VAN,OTHER,N,STRAIGHT AHEAD,,,1,,,,,,,,,Y,Y,Y,,,,,,,REAR,,,,,,,,,,,,,,,,,,,,,,,,,,,,,,,,,
2108509,c4c0ac5964e92b7df176148f5b598eaba98b8e8687e7bced83ac8d0f97a52a523a760ab0350a7e00ecefeec46bffa31af78f7c4cf9c913870539b501fd475d54,07/17/2025 11:25:00 AM,1,DRIVER,,2010077,,UNKNOWN,OTHER (EXPLAIN IN NARRATIVE),IL,,UNKNOWN,MOTORCYCLE (OVER 150CC),UNKNOWN/NA,S,STRAIGHT AHEAD,,,1,,,,,,,,,,,,,,,,Y,,FRONT,,,,,,,,,,,,,,,,,,,,,,,,,,,,,,,,,
2108510,c4c0ac5964e92b7df176148f5b598eaba98b8e8687e7bced83ac8d0f97a52a523a760ab0350a7e00ecefeec46bffa31af78f7c4cf9c913870539b501fd475d54,07/17/2025 11:25:00 AM,2,DRIVER,,2010083,,CADILLAC,STS,IL,1999,NONE,PASSENGER,PERSONAL,S,TURNING LEFT,Y,,1,,OWNER,UNK,,,,,,,,,,,Y,Y,,,SIDE-LEFT,,,,,,,,,,,,,,,,,,,,,,,,,,,,,,,,,
2108556,a3745432aa1e54f7ba0df050d7fdd0be1d6f22046d0144b2163d4d3ce4275e1e9919588446da3ae1e302725347bbe03477b75b29f85970d5e1a07180e3559262,07/17/2025 11:20:00 AM,1,DRIVER,,2010119,,TOYOTA,YARIS,IL,2007,UNKNOWN,PASSENGER,PERSONAL,N,STRAIGHT AHEAD,,,1,,,,,Y,,,,,,,,,,Y,Y,,FRONT,,,,,,,,,,,,,,,,,,,,,,,,,,,,,,,,,
2108557,a3745432aa1e54f7ba0df050d7fdd0be1d6f22046d0144b2163d4d3ce4275e1e9919588446da3ae1e302725347bbe03477b75b29f85970d5e1a07180e3559262,07/17/2025 11:20:00 AM,2,DRIVER,,2010131,,TOYOTA,CAMRY,IL,2019,NONE,PASSENGER,PERSONAL,N,STRAIGHT AHEAD,,,1,,,,,,,,,Y,,Y,,,,,,,REAR,,,,,,,,,,,,,,,,,,,,,,,,,,,,,,,,,
2108522,e9ad31193a622b352a7f0f4823a46ad54f20b12183e62a7ffa8b82e458469b92410db59aec14d53315e2c5afc9ca8d1eec6972c9b735fe5d00f08afc8ac0ccaa,07/17/2025 11:20:00 AM,1,DRIVER,,2010086,,HONDA,CIVIC,IL,2016,UNKNOWN,PASSENGER,PERSONAL,N,CHANGING LANES,,,1,,,,,,Y,Y,Y,,,,,,,,,,SIDE-RIGHT,,,,,,,,,,,,,,,,,,,,,,,,,,,,,,,,,
2108523,e9ad31193a622b352a7f0f4823a46ad54f20b12183e62a7ffa8b82e458469b92410db59aec14d53315e2c5afc9ca8d1eec6972c9b735fe5d00f08afc8ac0ccaa,07/17/2025 11:20:00 AM,2,DRIVER,,2010089,,KIA,SPORTAGE,IL,2024,UNKNOWN,SPORT UTILITY VEHICLE (SUV),PERSONAL,N,STRAIGHT AHEAD,,,1,,,,,Y,Y,,,,,,,,,Y,,,FRONT-LEFT-CORNER,,,,,,,,,,,,,,,,,,,,,,,,,,,,,,,,,
2108601,524fd4081730d31f89bf0093da0a973ba468745858526b13db16ef7632fd0b3a9cd8122c83a0601923bf8c4e6360fc26100f98ed5e4f0959995da3013c18ff93,07/17/2025 11:15:00 AM,1,DRIVER,,2010159,,AUTOCAR,AUTOCAR,IL,2021,NONE,TRACTOR W/O SEMI-TRAILER,STATE OWNED,S,BACKING,,,1,,,,,,,,,,,Y,,,,,,,REAR-LEFT-CORNER,,,,,,,,,,,,,,,,,,,,,,,,,,,,,,,,,
2108494,22b055186d72559ef8c5eacec612485d9e6a85b3354c6340a29814f9a0ae641b20aed54ceabb213c1a25f85fe424fc3544116744ecf8183d3722ba2b456125d8,07/17/2025 11:00:00 AM,1,DRIVER,,2010064,,BUICK,OTHER (EXPLAIN IN NARRATIVE),IL,2014,NONE,PASSENGER,PERSONAL,W,STRAIGHT AHEAD,,,1,,,,,,,,,,,Y,Y,Y,Y,Y,,,SIDE-LEFT,,,,,,,,,,,,,,,,,,,,,,,,,,,,,,,,,
2108495,22b055186d72559ef8c5eacec612485d9e6a85b3354c6340a29814f9a0ae641b20aed54ceabb213c1a25f85fe424fc3544116744ecf8183d3722ba2b456125d8,07/17/2025 11:00:00 AM,2,DRIVER,1,2010074,,CHRYSLER,OTHER (EXPLAIN IN NARRATIVE),IL,2022,NONE,VAN/MINI-VAN,PERSONAL,W,STRAIGHT AHEAD,,,2,,,,,Y,Y,Y,Y,Y,,,,,,,,,SIDE-RIGHT,,,,,,,,,,,,,,,,,,,,,,,,,,,,,,,,,
2109120,3aeddf60066477fc93f9c175e5374697300bae68d71a07de4cc7c903e75f846a9c82c5df9ec8c7875e7e8d34211de4e4371cb2906717b686719d00ef9ffdbbcd,07/17/2025 11:00:00 AM,1,DRIVER,,2010659,,UNKNOWN,OTHER (EXPLAIN IN NARRATIVE),XX,,UNKNOWN,TRUCK - SINGLE UNIT,UNKNOWN/NA,N,UNKNOWN/NA,,,1,,,,,,,,,,,,,,,,,Y,UNKNOWN,,,,,,,,,,,,,,,,,,,,,,,,,,,,,,,,,
2108856,6278cc52d94c835850e3fb52f8f08ce9712e569e62a1d758ad2bd65eed85e61bca66630ed746cebbc72e57cf1ac6eacc0ba6b29a824f1d7a82debdaa4847ddb9,07/17/2025 11:00:00 AM,1,DRIVER,,2010395,,UNKNOWN,OTHER (EXPLAIN IN NARRATIVE),,,UNKNOWN,UNKNOWN/NA,UNKNOWN/NA,UNKNOWN,UNKNOWN/NA,,,1,,,,,,,,,,,,,,,,,Y,UNKNOWN,,,,,,,,,,,,,,,,,,,,,,,,,,,,,,,,,
2108857,6278cc52d94c835850e3fb52f8f08ce9712e569e62a1d758ad2bd65eed85e61bca66630ed746cebbc72e57cf1ac6eacc0ba6b29a824f1d7a82debdaa4847ddb9,07/17/2025 11:00:00 AM,2,PARKED,,2010397,,VOLVO,XC70,IL,2013,UNKNOWN,SPORT UTILITY VEHICLE (SUV),PERSONAL,E,PARKED,,,0,,,,,,,,,,,Y,,,,,,,SIDE-LEFT-REAR,,,,,,,,,,,,,,,,,,,,,,,,,,,,,,,,,
2108518,7008d581d9180caa486f90a8b97919f516d31aaae235f5b951d6fa9d791b6cddeb025eca346e18ce0f2e3587928145cc84398b6b015859d60ce952831051db4a,07/17/2025 11:00:00 AM,1,DRIVER,,2010088,,CHEVROLET,MALIBU,IL,2009,NONE,PASSENGER,PERSONAL,E,STRAIGHT AHEAD,,,1,,,,,Y,,,,,,,,,,,,,FRONT-RIGHT-CORNER,,,,,,,,,,,,,,,,,,,,,,,,,,,,,,,,,
2108519,7008d581d9180caa486f90a8b97919f516d31aaae235f5b951d6fa9d791b6cddeb025eca346e18ce0f2e3587928145cc84398b6b015859d60ce952831051db4a,07/17/2025 11:00:00 AM,2,PARKED,,2010091,,UNKNOWN,OTHER (EXPLAIN IN NARRATIVE),IL,2025,NONE,OTHER,FIRE,E,PARKED,,,0,,,,,,,,,,,Y,,,,,,,REAR-LEFT-CORNER,,,,,,,,,,,,,,,,,,,,,,,,,,,,,,,,,
2108678,af303f3f01ba3561545d713178fd47c88e2d69cbd803cf1f5df07e8c555aa562c0b755ac3ab67177769370b7103c074af089bdd01b0ac2ea60653b4cc0a9ffdb,07/17/2025 10:58:00 AM,1,DRIVER,,2010235,,JEEP,COMPASS,IL,2018,UNKNOWN,SPORT UTILITY VEHICLE (SUV),UNKNOWN/NA,W,STRAIGHT AHEAD,,,1,,,,,,,,,,,,,,,,,Y,FRONT,,,,,,,,,,,,,,,,,,,,,,,,,,,,,,,,,
2108679,af303f3f01ba3561545d713178fd47c88e2d69cbd803cf1f5df07e8c555aa562c0b755ac3ab67177769370b7103c074af089bdd01b0ac2ea60653b4cc0a9ffdb,07/17/2025 10:58:00 AM,2,DRIVER,,2010238,,KIA,SELTOS,IN,2022,UNKNOWN,SPORT UTILITY VEHICLE (SUV),PERSONAL,W,SLOW/STOP IN TRAFFIC,,,1,,,,,,,,,,Y,Y,,,,,,,REAR,,,,,,,,,,,,,,,,,,,,,,,,,,,,,,,,,
2108503,f3114ae056bf95df2770a3342b4e23997cf575eae3b6742479db09673099afbbf4a3734b00a76a31444e802d860e1a23a310c169460219eae1223c8a4d1782ef,07/17/2025 10:55:00 AM,1,DRIVER,,2010073,,TRIUMPH (VMA WAS MERD; FORMER CODE TRIU),TRIUMPH (VMA WAS MERD; FORMER CODE TRIU),IL,2006,UNKNOWN,MOTORCYCLE (OVER 150CC),PERSONAL,W,STRAIGHT AHEAD,Y,,1,,SELF,UNKNOWN,,,,,,,,,,,Y,,,,OTHER,,,,,,,,,,,,,,,,,,,,,,,,,,,,,,,,,
2108504,f3114ae056bf95df2770a3342b4e23997cf575eae3b6742479db09673099afbbf4a3734b00a76a31444e802d860e1a23a310c169460219eae1223c8a4d1782ef,07/17/2025 10:55:00 AM,2,DRIVER,,2010078,,LEXUS,SC430,IL,2003,UNKNOWN,PASSENGER,PERSONAL,S,TURNING LEFT,,,1,,,,,,,,,,,,,,,,Y,,FRONT,,,,,,,,,,,,,,,,,,,,,,,,,,,,,,,,,
2108499,56b61dedd5b6de5b7e0851dbd9bcb993d718f27a13b2ece7ff262d5007e1166b383f4003725f05f5e2151ad8bc4e51380aa4327a99f6f370559c84cd424f8dfb,07/17/2025 10:54:00 AM,1,DRIVER,,2010068,,DODGE,OTHER (EXPLAIN IN NARRATIVE),IL,2013,UNKNOWN,PASSENGER,PERSONAL,W,STRAIGHT AHEAD,,,1,,,,,Y,,,,,,,,,,Y,Y,,FRONT,,,,,,,,,,,,,,,,,,,,,,,,,,,,,,,,,
2108500,56b61dedd5b6de5b7e0851dbd9bcb993d718f27a13b2ece7ff262d5007e1166b383f4003725f05f5e2151ad8bc4e51380aa4327a99f6f370559c84cd424f8dfb,07/17/2025 10:54:00 AM,2,DRIVER,1,2010072,,SUBARU,FORESTER,IL,2007,UNKNOWN,PASSENGER,PERSONAL,N,STRAIGHT AHEAD,Y,,2,,private,,,,,Y,Y,Y,,,,,,,,,SIDE-RIGHT-REAR,,,,,,,,,,,,,,,,,,,,,,,,,,,,,,,,,
2108476,09c2b8e8b50bde09b881f3a6c7cf120480fdb13606f4bd0a30caccedeea63882273f82e2bb683e9bdc4ff22fafd7291cf9ae71dbdcd7c715b49c82324947941d,07/17/2025 10:50:00 AM,1,DRIVER,2,2010055,,HONDA,ODYSSEY,IL,2007,NONE,VAN/MINI-VAN,PERSONAL,E,BACKING,,,3,,,,,,,,,,,Y,Y,,,,,,REAR-LEFT-CORNER,,,,,,,,,,,,,,,,,,,,,,,,,,,,,,,,,
2108477,09c2b8e8b50bde09b881f3a6c7cf120480fdb13606f4bd0a30caccedeea63882273f82e2bb683e9bdc4ff22fafd7291cf9ae71dbdcd7c715b49c82324947941d,07/17/2025 10:50:00 AM,2,PARKED,,2010075,Y,UTILITY TRAILER,UTILITY TRAILER,IL,2010,NONE,OTHER VEHICLE WITH TRAILER,COMMERCIAL - SINGLE UNIT,W,PARKED,,,0,,,,,,,Y,,,,,,,,,,,SIDE-RIGHT,"21,839",,,,,,BATTAGLIA DISTRIBUTING CO,IL,CHICAGO,,,,,,,,,,,,,,,,,,,TRACTOR/SEMI-TRAILER,VAN/ENCLOSED BOX,OTHER,,,
2109171,84c539894dd258757d4ea69b4a1342681d95e178bcab88215a8d756a89d9a0d39961610694ef9b2fddbeae22536aee86b28a47c2cbd00183a45eda3bb65ba2c8,07/17/2025 10:50:00 AM,1,DRIVER,1,2010719,,FORD,ECONOLINE E350,IL,2012,UNKNOWN,VAN/MINI-VAN,PERSONAL,N,STRAIGHT AHEAD,Y,,2,,PRIVET,UNK,,,,,,,,,,,,,Y,,FRONT,,,,,,,,,,,,,,,,,,,,,,,,,,,,,,,,,
2109033,bcb23e5542f82ee4b0dff81e885df6dc075536d14cb78e8bd25ac8dc12c4e0d1849082b3ae05d763433e72be60b32ad793a78d2f3aa737405a65711dd72e033a,07/17/2025 10:45:00 AM,1,DRIVER,,2010574,,HONDA,HR-V,IL,2022,UNKNOWN,PASSENGER,UNKNOWN/NA,N,STRAIGHT AHEAD,,,1,,,,,,,,,,,,,,,,,Y,UNKNOWN,,,,,,,,,,,,,,,,,,,,,,,,,,,,,,,,,
2109034,bcb23e5542f82ee4b0dff81e885df6dc075536d14cb78e8bd25ac8dc12c4e0d1849082b3ae05d763433e72be60b32ad793a78d2f3aa737405a65711dd72e033a,07/17/2025 10:45:00 AM,2,DRIVER,1,2010575,,LEXUS,CT200H,IL,2015,UNKNOWN,PASSENGER,PERSONAL,N,STRAIGHT AHEAD,,,2,,,,,,,,,,,,,,,Y,,,FRONT-LEFT-CORNER,,,,,,,,,,,,,,,,,,,,,,,,,,,,,,,,,
2108480,40c304233ed0403c68ac405b27b2ab47e431c0aed00d4427f3241b10ae12685531d91bd04f444b2c399e41ca2c4e67d1526198a3a191d5f76bb31930afb941d4,07/17/2025 10:41:00 AM,1,DRIVER,,2010048,,DODGE,GRAND CARAVAN,IL,2002,UNKNOWN,VAN/MINI-VAN,PERSONAL,N,LEAVING TRAFFIC LANE TO PARK,,,1,,,,,,,,,,Y,Y,,,,,,,REAR-LEFT-CORNER,,,,,,,,,,,,,,,,,,,,,,,,,,,,,,,,,
2108481,40c304233ed0403c68ac405b27b2ab47e431c0aed00d4427f3241b10ae12685531d91bd04f444b2c399e41ca2c4e67d1526198a3a191d5f76bb31930afb941d4,07/17/2025 10:41:00 AM,2,PARKED,,2010052,,GENERAL MOTORS CORPORATION (GMC),SIERRA,IL,2018,UNKNOWN,PICKUP,PERSONAL,S,PARKED,,,0,,,,,,,,,,,,,,,Y,Y,,FRONT-LEFT-CORNER,,,,,,,,,,,,,,,,,,,,,,,,,,,,,,,,,
2108520,7f46c8bc0dcfe29be53030e828e02e5fb449fd405fe025e633b8a1c857005ad410328a4fa8a5e4e2af6783b39c6f96faebf0f65758602a384e8be0ac1789aacb,07/17/2025 10:36:00 AM,1,DRIVER,,2010095,,UNKNOWN,OTHER (EXPLAIN IN NARRATIVE),,,UNKNOWN,PICKUP,UNKNOWN/NA,S,STRAIGHT AHEAD,,,1,,,,,,,,,,,,,,,,,Y,UNKNOWN,,,,,,,,,,,,,,,,,,,,,,,,,,,,,,,,,
2108521,7f46c8bc0dcfe29be53030e828e02e5fb449fd405fe025e633b8a1c857005ad410328a4fa8a5e4e2af6783b39c6f96faebf0f65758602a384e8be0ac1789aacb,07/17/2025 10:36:00 AM,2,PARKED,1,2010085,,DODGE,RAM 1500 VAN,IL,2021,UNKNOWN,VAN/MINI-VAN,OTHER,S,PARKED,,,1,,,,,,,,,,,,,Y,N,,,,SIDE-LEFT,,,,,,,,,,,,,,,,,,,,,,,,,,,,,,,,,
2108478,211a95aacf5ea8fab3083a648700dbc84e47921cc91496667f3c9e59983cc165a8df887722f472beefd9aa467cb1cc94561e69349983729e77275401a05d1f3c,07/17/2025 10:30:00 AM,1,DRIVER,,2010057,,UNKNOWN,MOTORIZED,IL,,NONE,UNKNOWN/NA,UNKNOWN/NA,NW,TURNING LEFT,,,1,,,,,Y,,,,,,,,,,,,,FRONT-RIGHT-CORNER,,,,,,,,,,,,,,,,,,,,,,,,,,,,,,,,,
2108479,211a95aacf5ea8fab3083a648700dbc84e47921cc91496667f3c9e59983cc165a8df887722f472beefd9aa467cb1cc94561e69349983729e77275401a05d1f3c,07/17/2025 10:30:00 AM,2,DRIVER,,2010063,,FORD,EXPLORER,IL,2017,NONE,PASSENGER,PERSONAL,NW,TURNING RIGHT,,,1,,,,,,,,,,,,,Y,,,,,SIDE-LEFT,,,,,,,,,,,,,,,,,,,,,,,,,,,,,,,,,
2108543,4166bbf246dc2ee311c3bfc65e57ae824f0b7650b06bed7bd3af90df620e8415c82724ced00e42ef2adf02025379e3acdd7c606bf3c7df695b5a0f8f83e1dc87,07/17/2025 10:30:00 AM,1,DRIVER,,2010102,,UNKNOWN,OTHER (EXPLAIN IN NARRATIVE),,,UNKNOWN,UNKNOWN/NA,UNKNOWN/NA,UNKNOWN,UNKNOWN/NA,,,1,,,,,,,,,,,,,,,,,Y,UNKNOWN,,,,,,,,,,,,,,,,,,,,,,,,,,,,,,,,,
2108544,4166bbf246dc2ee311c3bfc65e57ae824f0b7650b06bed7bd3af90df620e8415c82724ced00e42ef2adf02025379e3acdd7c606bf3c7df695b5a0f8f83e1dc87,07/17/2025 10:30:00 AM,2,PARKED,,2010108,,CHEVROLET,MALIBU,IL,2018,NONE,PASSENGER,NOT IN USE,E,PARKED,Y,,0,,JESUS APEDA TOW,OWNER'S MECHANIC SHOP,,Y,Y,,,,,,,,Y,Y,,,FRONT-LEFT-CORNER,,,,,,,,,,,,,,,,,,,,,,,,,,,,,,,,,
2108511,90c34ef333763ba96325860243949825ad3dc4689486252f2f9915b8fd29091b0948c324d19901c23ba70693be90944ceaffd0cc5f1566a42d034bebb11edf8a,07/17/2025 10:30:00 AM,1,DRIVER,,2010079,,SUBARU,CROSSTREK,IN,2004,NONE,PASSENGER,PERSONAL,N,STRAIGHT AHEAD,Y,,1,,PRIVATE,UNK,,Y,Y,,,,,,,,,Y,Y,,REAR-LEFT-CORNER,,,,,,,,,,,,,,,,,,,,,,,,,,,,,,,,,
2108512,90c34ef333763ba96325860243949825ad3dc4689486252f2f9915b8fd29091b0948c324d19901c23ba70693be90944ceaffd0cc5f1566a42d034bebb11edf8a,07/17/2025 10:30:00 AM,2,PARKED,,2010082,,CHEVROLET,ASTRO,IL,2000,NONE,VAN/MINI-VAN,PERSONAL,S,PARKED,,,0,,,,,Y,,,,,,,,,Y,Y,Y,,FRONT-LEFT-CORNER,,,,,,,,,,,,,,,,,,,,,,,,,,,,,,,,,
2108492,002742bbefe4e19873a3c4b78e871fab5f28421dd47c21400417927d31f30e83b4875d15c24ca8f7351215a7fe07352f3671fd5a4dfdbdb0d3f552bde4605e17,07/17/2025 10:20:00 AM,1,DRIVER,,2010061,,FORD,EXPLORER,IL,2017,UNKNOWN,PASSENGER,UNKNOWN/NA,N,TURNING RIGHT,,,1,,,,,,,,,,,,,,,Y,,,FRONT-LEFT-CORNER,,,,,,,,,,,,,,,,,,,,,,,,,,,,,,,,,
2108493,002742bbefe4e19873a3c4b78e871fab5f28421dd47c21400417927d31f30e83b4875d15c24ca8f7351215a7fe07352f3671fd5a4dfdbdb0d3f552bde4605e17,07/17/2025 10:20:00 AM,2,DRIVER,2,2010069,,ISUZU,TRUCK,IL,2024,NONE,SINGLE UNIT TRUCK WITH TRAILER,OTHER,N,TURNING RIGHT,,,3,,,,,,Y,,,,,,,,,,,,SIDE-RIGHT-FRONT,,,,,,,,,,,,,,,,,,,,,,,,,,,,,,,,,
2108484,9af19534f903f09eafa172baba66011dd7e8c3988c7acc3be307628a2104804048b5bf9431bbf6828eda3c8dc82af4a835eb767dccd9aa928630289316e589f0,07/17/2025 10:11:00 AM,1,DRIVER,,2010060,,NISSAN,SENTRA,IL,2019,NONE,PASSENGER,PERSONAL,E,ENTERING TRAFFIC LANE FROM PARKING,,,1,,,,,,,,,,,,,,,Y,,,FRONT-LEFT-CORNER,,,,,,,,,,,,,,,,,,,,,,,,,,,,,,,,,
2108498,9af19534f903f09eafa172baba66011dd7e8c3988c7acc3be307628a2104804048b5bf9431bbf6828eda3c8dc82af4a835eb767dccd9aa928630289316e589f0,07/17/2025 10:11:00 AM,2,DRIVER,,2010067,,MERCEDES-BENZ,GLC,IL,2017,NONE,PASSENGER,PERSONAL,E,STRAIGHT AHEAD,Y,,1,,AAA,,,,Y,Y,Y,Y,,,,,,,,,REAR-RIGHT-CORNER,,,,,,,,,,,,,,,,,,,,,,,,,,,,,,,,,
2108501,985c5939caa501cc3681506e5032f3925eccc80eaf73f6e2c90cda9049c59c16f1ac0e4bd10221e2fa308b4c93f21855d94a5e08f13b83c54c64a7e1f68da1c3,07/17/2025 10:04:00 AM,1,DRIVER,1,2010071,,HONDA,ODYSSEY,IL,2022,NONE,VAN/MINI-VAN,PERSONAL,NW,TURNING LEFT,,,2,,,,Y,,,,,,,,,,,,,,FRONT,,,,,,,,,,,,,,,,,,,,,,,,,,,,,,,,,
2108502,985c5939caa501cc3681506e5032f3925eccc80eaf73f6e2c90cda9049c59c16f1ac0e4bd10221e2fa308b4c93f21855d94a5e08f13b83c54c64a7e1f68da1c3,07/17/2025 10:04:00 AM,2,PEDESTRIAN,,,,,,,,,,,,,,,,,,,,,,,,,,,,,,,,,,,,,,,,,,,,,,,,,,,,,,,,,,,,,,,,,,
2108786,643417f5e633c1c48e89b8d0f68485de74a8052a076a481d681821baf6022e0a8aa439cc2dbb854676b4d9099861237ba70544059839a60a2d4383230747edc8,07/17/2025 10:00:00 AM,1,DRIVER,,2010333,,UNKNOWN,OTHER (EXPLAIN IN NARRATIVE),IL,,UNKNOWN,UNKNOWN/NA,UNKNOWN/NA,UNKNOWN,UNKNOWN/NA,,,1,,,,,,,,,,,,,,,,,,UNKNOWN,,,,,,,,,,,,,,,,,,,,,,,,,,,,,,,,,
2108787,643417f5e633c1c48e89b8d0f68485de74a8052a076a481d681821baf6022e0a8aa439cc2dbb854676b4d9099861237ba70544059839a60a2d4383230747edc8,07/17/2025 10:00:00 AM,2,PARKED,,2010335,,GENERAL MOTORS CORPORATION (GMC),ACADIA,IL,2019,NONE,PASSENGER,PERSONAL,UNKNOWN,PARKED,,,0,,,,,Y,,,,,,,,,,,Y,,FRONT-RIGHT-CORNER,,,,,,,,,,,,,,,,,,,,,,,,,,,,,,,,,