CRASH_UNIT_ID,CRASH_RECORD_ID,CRASH_DATE,UNIT_NO,UNIT_TYPE,NUM_PASSENGERS,VEHICLE_ID,CMRC_VEH_I,MAKE,MODEL,LIC_PLATE_STATE,VEHICLE_YEAR,VEHICLE_DEFECT,VEHICLE_TYPE,VEHICLE_USE,TRAVEL_DIRECTION,MANEUVER,TOWED_I,FIRE_I,OCCUPANT_CNT,EXCEED_SPEED_LIMIT_I,TOWED_BY,TOWED_TO,AREA_00_I,AREA_01_I,AREA_02_I,AREA_03_I,AREA_04_I,AREA_05_I,AREA_06_I,AREA_07_I,AREA_08_I,AREA_09_I,AREA_10_I,AREA_11_I,AREA_12_I,AREA_99_I,FIRST_CONTACT_POINT,CMV_ID,USDOT_NO,CCMC_NO,ILCC_NO,COMMERCIAL_SRC,GVWR,CARRIER_NAME,CARRIER_STATE,CARRIER_CITY,HAZMAT_PLACARDS_I,HAZMAT_NAME,UN_NO,HAZMAT_PRESENT_I,HAZMAT_REPORT_I,HAZMAT_REPORT_NO,MCS_REPORT_I,MCS_REPORT_NO,HAZMAT_VIO_CAUSE_CRASH_I,MCS_VIO_CAUSE_CRASH_I,IDOT_PERMIT_NO,WIDE_LOAD_I,TRAILER1_WIDTH,TRAILER2_WIDTH,TRAILER1_LENGTH,TRAILER2_LENGTH,TOTAL_VEHICLE_LENGTH,AXLE_CNT,VEHICLE_CONFIG,CARGO_BODY_TYPE,LOAD_TYPE,HAZMAT_OUT_OF_SERVICE_I,MCS_OUT_OF_SERVICE_I,HAZMAT_CLASS
2108482,661abcf3b3bc4f33fb5f74dc1c85c21ba4ae6cb7358bea446d0e2597cba4eb6c8b9899f56cf25d6086054427fd1139a043746441222af447ee4f318e155d0005,07/17/2025 10:00:00 AM,1,DRIVER,,2010058,,KIA,SOUL,IL,2024,NONE,PASSENGER,PERSONAL,E,STRAIGHT AHEAD,,,1,,,,,,,Y,Y,,,,,,,,,,SIDE-RIGHT,,,,,,,,,,,,,,,,,,,,,,,,,,,,,,,,,
2108483,661abcf3b3bc4f33fb5f74dc1c85c21ba4ae6cb7358bea446d0e2597cba4eb6c8b9899f56cf25d6086054427fd1139a043746441222af447ee4f318e155d0005,07/17/2025 10:00:00 AM,2,DRIVER,,2010054,,TOYOTA,CAMRY,IL,2017,NONE,PASSENGER,PERSONAL,E,TURNING RIGHT,,,1,,,,,,,,,,,Y,,,,,,,REAR-LEFT-CORNER,,,,,,,,,,,,,,,,,,,,,,,,,,,,,,,,,
2108540,a2ed0d8388abdc57f4f806faebcb8e87cdcb36f573d9ba0dc511557545b5f5f007ac06819775a80b10bc3bc6742f41702c29b606eae96545c6a3187f557e0005,07/17/2025 10:00:00 AM,1,DRIVER,,2010100,,MAZDA,MX-3,IL,2010,BRAKES,PASSENGER,PERSONAL,N,STRAIGHT AHEAD,Y,,1,,,,,,,,,,,Y,Y,,,,,,REAR-LEFT-CORNER,,,,,,,,,,,,,,,,,,,,,,,,,,,,,,,,,
2108541,a2ed0d8388abdc57f4f806faebcb8e87cdcb36f573d9ba0dc511557545b5f5f007ac06819775a80b10bc3bc6742f41702c29b606eae96545c6a3187f557e0005,07/17/2025 10:00:00 AM,2,DRIVER,3,2010109,,BMW,X5,IL,2014,NONE,PASSENGER,PERSONAL,N,STRAIGHT AHEAD,Y,,4,,,,,,,,,,,,,,Y,,,,FRONT-LEFT-CORNER,,,,,,,,,,,,,,,,,,,,,,,,,,,,,,,,,
2108542,a2ed0d8388abdc57f4f806faebcb8e87cdcb36f573d9ba0dc511557545b5f5f007ac06819775a80b10bc3bc6742f41702c29b606eae96545c6a3187f557e0005,07/17/2025 10:00:00 AM,3,DRIVER,,2010116,,KIA,SORENTO,IL,2016,NONE,SPORT UTILITY VEHICLE (SUV),PERSONAL,S,STRAIGHT AHEAD,,,1,,,,,,,,,,,,Y,Y,,,,,SIDE-LEFT,,,,,,,,,,,,,,,,,,,,,,,,,,,,,,,,,
2108470,e03b56335e35d560179c5735d1fd6212bdaca3ce36016eb5853bdd303d1876fa0aef7cd8aa4ecd2ab9cda442e337017aab0be7791acd1ac3cfe98e13b438a3c0,07/17/2025 10:00:00 AM,1,DRIVER,,2010038,,TOYOTA,RAV4,IL,2020,NONE,PASSENGER,PERSONAL,N,STRAIGHT AHEAD,,,1,,,,,N,,,Y,Y,,,,,,,,,SIDE-RIGHT,,,,,,,,,,,,,,,,,,,,,,,,,,,,,,,,,
2108471,e03b56335e35d560179c5735d1fd6212bdaca3ce36016eb5853bdd303d1876fa0aef7cd8aa4ecd2ab9cda442e337017aab0be7791acd1ac3cfe98e13b438a3c0,07/17/2025 10:00:00 AM,2,PARKED,,2010040,,SUBARU,IMPREZA,IL,2023,NONE,PASSENGER,PERSONAL,N,PARKED,,,0,,,,,,,,,,,,,,,Y,,,FRONT-LEFT-CORNER,,,,,,,,,,,,,,,,,,,,,,,,,,,,,,,,,
2108454,4a6d63d53da0062095dcee4ead23f01f026603dd8bfa26e8d100c1b394cfee1309c99fa8188b3c62e4597c081c6b425cb208811043cc93f72d4b8660a06a7738,07/17/2025 09:55:00 AM,1,DRIVER,,2010028,,HYUNDAI,ELANTRA,IL,2014,NONE,PASSENGER,PERSONAL,S,STRAIGHT AHEAD,,,1,,,,,Y,,,,,,,,,,Y,Y,,FRONT,,,,,,,,,,,,,,,,,,,,,,,,,,,,,,,,,
2108455,4a6d63d53da0062095dcee4ead23f01f026603dd8bfa26e8d100c1b394cfee1309c99fa8188b3c62e4597c081c6b425cb208811043cc93f72d4b8660a06a7738,07/17/2025 09:55:00 AM,2,DRIVER,,2010031,,TOYOTA,TUNDRA,IL,2025,NONE,PICKUP,PERSONAL,S,STRAIGHT AHEAD,,,1,,,,,N,,,,Y,Y,Y,,,,,N,,REAR,,,,,,,,,,,,,,,,,,,,,,,,,,,,,,,,,
2108516,44c24c60364f2c625cdf5d353e9411aabf4ec30b98c6912a4a88b19793fc685b7c24f5004ee6a7e3cad91701ab5887e69636aea0f09fd3dca7c29795085f4c15,07/17/2025 09:48:00 AM,1,DRIVER,,2010084,,CHEVROLET,OTHER (EXPLAIN IN NARRATIVE),IL,2017,NONE,PASSENGER,UNKNOWN/NA,E,STRAIGHT AHEAD,,,1,,,,,,,,,,,,,,,,,Y,UNKNOWN,,,,,,,,,,,,,,,,,,,,,,,,,,,,,,,,,
2108517,44c24c60364f2c625cdf5d353e9411aabf4ec30b98c6912a4a88b19793fc685b7c24f5004ee6a7e3cad91701ab5887e69636aea0f09fd3dca7c29795085f4c15,07/17/2025 09:48:00 AM,2,DRIVER,,2010090,,UNKNOWN,OTHER (EXPLAIN IN NARRATIVE),IL,2021,NONE,OTHER,PERSONAL,E,STRAIGHT AHEAD,,,1,,,,,,,,,,,,,,,,,,TOTAL (ALL AREAS),,,,,,,,,,,,,,,,,,,,,,,,,,,,,,,,,
2108462,9bfa1039d65be38bf47cba49bf98415515346ef1b1426f3285572ff6521d937ee2fdc4adaf358fcb0687e153835f5bf6f68b6cbd6cccc8c563ea01f9919d6e45,07/17/2025 09:45:00 AM,1,DRIVER,,2010039,,CHEVROLET,SILVERADO,,,UNKNOWN,SPORT UTILITY VEHICLE (SUV),PERSONAL,N,TURNING RIGHT,,,1,,,,,,,,,,,,,,,Y,,,FRONT-LEFT-CORNER,,,,,,,,,,,,,,,,,,,,,,,,,,,,,,,,,
2108463,9bfa1039d65be38bf47cba49bf98415515346ef1b1426f3285572ff6521d937ee2fdc4adaf358fcb0687e153835f5bf6f68b6cbd6cccc8c563ea01f9919d6e45,07/17/2025 09:45:00 AM,2,DRIVER,,2010046,,CHEVROLET,MALIBU,,2017,NONE,PASSENGER,PERSONAL,E,STRAIGHT AHEAD,,,1,,,,,Y,Y,Y,,,,,,,,,Y,,SIDE-RIGHT,,,,,,,,,,,,,,,,,,,,,,,,,,,,,,,,,
2108452,2839e174329e08af35bcb47d26daca25873049f21631c73780c675c158470b9a7bef3e8934bb46cca64123a30d69cfdfc7710e937fda120e2e2320d63d0fffae,07/17/2025 09:40:00 AM,1,DRIVER,,2010024,,TOYOTA,RAV4,IL,2015,NONE,PASSENGER,PERSONAL,S,STRAIGHT AHEAD,,,1,,,,Y,,,,,,,,,,,,,,FRONT,,,,,,,,,,,,,,,,,,,,,,,,,,,,,,,,,
2108453,2839e174329e08af35bcb47d26daca25873049f21631c73780c675c158470b9a7bef3e8934bb46cca64123a30d69cfdfc7710e937fda120e2e2320d63d0fffae,07/17/2025 09:40:00 AM,2,PEDESTRIAN,,,,,,,,,,,,,,,,,,,,,,,,,,,,,,,,,,,,,,,,,,,,,,,,,,,,,,,,,,,,,,,,,,
2108526,c60f4b65c52e1b1d2b1e062eecde962d6bbddc7c48278e426d705eaedaca3f829f58d6e7c01a71be783c854761aebb676f366c08f014adaadb4d43d1ebbec379,07/17/2025 09:40:00 AM,1,DRIVER,,2010093,,CHRYSLER,VOYAGER,IL,2025,NONE,VAN/MINI-VAN,OTHER,S,STRAIGHT AHEAD,Y,,1,,depertment of finance,unk,,Y,Y,Y,Y,,,,,,Y,Y,Y,,FRONT-LEFT-CORNER,,,,,,,,,,,,,,,,,,,,,,,,,,,,,,,,,
2108527,c60f4b65c52e1b1d2b1e062eecde962d6bbddc7c48278e426d705eaedaca3f829f58d6e7c01a71be783c854761aebb676f366c08f014adaadb4d43d1ebbec379,07/17/2025 09:40:00 AM,2,PARKED,,2010096,,CADILLAC,XT5,IL,2019,NONE,SPORT UTILITY VEHICLE (SUV),NOT IN USE,S,PARKED,,,0,,,,,,,,,Y,Y,Y,,,,,,,REAR,,,,,,,,,,,,,,,,,,,,,,,,,,,,,,,,,
2116357,330322b9fac080c6f924d4ccd77d20aba85689d71a35617b4327775a4aa05bc7733a7757001a0655d2f1eef92a1787ddc0f31b0344708b9dce0d5c3b0cd64427,07/17/2025 09:35:00 AM,1,DRIVER,,2017533,,JEEP,GRAND CHEROKEE,IL,2015,UNKNOWN,SPORT UTILITY VEHICLE (SUV),UNKNOWN/NA,SW,BACKING,,,1,,,,,,,,,Y,,,,,,,,N,SIDE-RIGHT-REAR,,,,,,,,,,,,,,,,,,,,,,,,,,,,,,,,,
2116358,330322b9fac080c6f924d4ccd77d20aba85689d71a35617b4327775a4aa05bc7733a7757001a0655d2f1eef92a1787ddc0f31b0344708b9dce0d5c3b0cd64427,07/17/2025 09:35:00 AM,2,PARKED,,2017539,,PORSCHE,MACAN,IL,2021,NONE,PASSENGER,NOT IN USE,S,PARKED,,,0,,,,,,,,,Y,,,,,,,,,SIDE-RIGHT-REAR,,,,,,,,,,,,,,,,,,,,,,,,,,,,,,,,,
2109780,a149bc4f5b5abf4651d387600e4cb3c4bd13a71c73740dd765d248e6764f01550ea4c99cae6656df5a635378c6ccab58f3ecd151f7eec0c8e5d486da1984d4eb,07/17/2025 09:35:00 AM,1,DRIVER,,2011295,,DODGE,GRAND CARAVAN,,2015,UNKNOWN,VAN/MINI-VAN,PERSONAL,W,PASSING/OVERTAKING,,,1,,,,,Y,Y,,,,,,,,,,,,FRONT-RIGHT-CORNER,,,,,,,,,,,,,,,,,,,,,,,,,,,,,,,,,
2109781,a149bc4f5b5abf4651d387600e4cb3c4bd13a71c73740dd765d248e6764f01550ea4c99cae6656df5a635378c6ccab58f3ecd151f7eec0c8e5d486da1984d4eb,07/17/2025 09:35:00 AM,2,DRIVER,,2011303,,CHEVROLET,EQUINOX,,2012,UNKNOWN,PASSENGER,PERSONAL,W,STRAIGHT AHEAD,,,1,,,,,,Y,Y,Y,,,,,,,,,,SIDE-RIGHT,,,,,,,,,,,,,,,,,,,,,,,,,,,,,,,,,
2108448,86ccb3fbb3a9ff193d8d89729158e1d1db6b067222b3971c1ac045b542b1fa518953ab9daf4321aa31c3d81e062df8eaff0fff3c9610fdf7b9c9c7d1cbdb4c33,07/17/2025 09:26:00 AM,1,DRIVER,,2010014,,TOYOTA,CAMRY,IL,2000,NONE,PASSENGER,PERSONAL,S,MERGING,,,1,,,,,,,,,,,,,,Y,Y,,,FRONT-LEFT-CORNER,,,,,,,,,,,,,,,,,,,,,,,,,,,,,,,,,
2108449,86ccb3fbb3a9ff193d8d89729158e1d1db6b067222b3971c1ac045b542b1fa518953ab9daf4321aa31c3d81e062df8eaff0fff3c9610fdf7b9c9c7d1cbdb4c33,07/17/2025 09:26:00 AM,2,DRIVER,,2010020,,CHEVROLET,SUBURBAN,IL,2024,NONE,PASSENGER,PERSONAL,S,STRAIGHT AHEAD,,,1,,,,,Y,Y,,,,,,,,,,,,FRONT-RIGHT-CORNER,,,,,,,,,,,,,,,,,,,,,,,,,,,,,,,,,
2109096,44e58b028431750db3b550cf88544eb1c3d7b594dfdce18ed59ca750968a6d55cc9e8d8e26bc5431381287f062c6216031cf4c0a5183d07838f77f5e3512c8cd,07/17/2025 09:20:00 AM,1,DRIVER,,2010637,,FORD,VAN,IL,2017,UNKNOWN,VAN/MINI-VAN,OTHER,UNKNOWN,BACKING,,,1,,,,,,,,,,,,,,,,,Y,REAR,,,,,,,,,,,,,,,,,,,,,,,,,,,,,,,,,
2113763,88d466feec4ef1f37bf16543cc950cab87b22fe623eacbc137ad0f3878d55a249bba47d7f3fb30f2edf169d9424f4e04bcc710a1005a9cccd2a23f2b6ba78a27,07/17/2025 09:20:00 AM,1,DRIVER,,2015077,,KIA,SORENTO,IL,2011,UNKNOWN,PASSENGER,UNKNOWN/NA,E,TURNING RIGHT,,,1,,,,,,,Y,Y,Y,,,,,,,,,SIDE-RIGHT,,,,,,,,,,,,,,,,,,,,,,,,,,,,,,,,,
2113764,88d466feec4ef1f37bf16543cc950cab87b22fe623eacbc137ad0f3878d55a249bba47d7f3fb30f2edf169d9424f4e04bcc710a1005a9cccd2a23f2b6ba78a27,07/17/2025 09:20:00 AM,2,DRIVER,,2015078,,CHEVROLET,SILVERADO,IL,2024,NONE,PICKUP,PERSONAL,E,TURNING RIGHT,,,1,,,,,,,,,,,,,,,Y,,,FRONT-LEFT-CORNER,,,,,,,,,,,,,,,,,,,,,,,,,,,,,,,,,
2108439,fe0cc1240b09dfe2ce8649d4f854ec55171e5d2664587540dad3876b104a0fbb979aac58ddb1e85ea624564fd2e1355b150a33b6ea272413b15fa9a1f0913572,07/17/2025 09:20:00 AM,1,DRIVER,,2010004,,VOLKSWAGEN,ATLAS,IL,2024,UNKNOWN,SPORT UTILITY VEHICLE (SUV),UNKNOWN/NA,W,STRAIGHT AHEAD,,,1,,,,,,,,,,,,,,,,Y,,FRONT,,,,,,,,,,,,,,,,,,,,,,,,,,,,,,,,,
2108440,fe0cc1240b09dfe2ce8649d4f854ec55171e5d2664587540dad3876b104a0fbb979aac58ddb1e85ea624564fd2e1355b150a33b6ea272413b15fa9a1f0913572,07/17/2025 09:20:00 AM,2,DRIVER,1,2010010,,FORD,FUSION,IL,2012,UNKNOWN,PASSENGER,PERSONAL,N,STRAIGHT AHEAD,,,2,,,,,,,,,,,Y,Y,Y,,,,,SIDE-LEFT,,,,,,,,,,,,,,,,,,,,,,,,,,,,,,,,,
2108490,b04e116383918c90abf025647d62215e16e56685030c5094cd683c8630e2f48e224ee1c527d4f2e72e573a8091bd7111e765c31133dfef773f96fda910fb719c,07/17/2025 09:18:00 AM,1,DRIVER,,2010059,,UNKNOWN,OTHER (EXPLAIN IN NARRATIVE),,,UNKNOWN,PASSENGER,PERSONAL,N,TURNING LEFT,,,1,,,,,,,,,,,,,,,,,Y,UNKNOWN,,,,,,,,,,,,,,,,,,,,,,,,,,,,,,,,,
2108491,b04e116383918c90abf025647d62215e16e56685030c5094cd683c8630e2f48e224ee1c527d4f2e72e573a8091bd7111e765c31133dfef773f96fda910fb719c,07/17/2025 09:18:00 AM,2,DRIVER,1,2010065,,FORD,OTHER (EXPLAIN IN NARRATIVE),IL,2020,NONE,BUS UP TO 15 PASS.,UNKNOWN/NA,N,TURNING LEFT,,,2,,,,,,,,,,,Y,Y,,,,,,REAR-LEFT-CORNER,,,,,,,,,,,,,,,,,,,,,,,,,,,,,,,,,
2108437,6103ccf9d1b85bb671413dff0b4057ea6f03b7620552d9d240096c7d3fc650ec48c1fd78007e344b9e795e62b970f976d32cd13d9f2df1cffbc19e7d9d4e6234,07/17/2025 09:15:00 AM,1,DRIVER,,2010006,,TOYOTA,CAMRY,IL,1999,NONE,PASSENGER,PERSONAL,SW,ENTERING TRAFFIC LANE FROM PARKING,,,1,,,,,,,,,,,,,,Y,Y,Y,,FRONT-LEFT-CORNER,,,,,,,,,,,,,,,,,,,,,,,,,,,,,,,,,
2108438,6103ccf9d1b85bb671413dff0b4057ea6f03b7620552d9d240096c7d3fc650ec48c1fd78007e344b9e795e62b970f976d32cd13d9f2df1cffbc19e7d9d4e6234,07/17/2025 09:15:00 AM,2,DRIVER,1,2010011,,HYUNDAI,ELANTRA,IL,2007,NONE,PASSENGER,PERSONAL,W,STRAIGHT AHEAD,Y,,2,,PRIVATE TOW,,,Y,Y,Y,,,,,,,,,,,FRONT-RIGHT-CORNER,,,,,,,,,,,,,,,,,,,,,,,,,,,,,,,,,
2114796,b17fcb0eac1a7cca7200a6bd8594b109600755e81b5295f63b377b5b033f7908701b51e60ba97ec5e4bab2500e10feceb95229ac2f91861c9e5144ea1d79136a,07/17/2025 09:13:00 AM,1,DRIVER,,2016046,,FORD,F350,IL,1999,NONE,PASSENGER,COMMERCIAL - SINGLE UNIT,S,STRAIGHT AHEAD,,,1,,,,,N,N,,Y,Y,,,,,,,,,REAR-RIGHT-CORNER,,,,,,,,,,,,,,,,,,,,,,,,,,,,,,,,,
2114797,b17fcb0eac1a7cca7200a6bd8594b109600755e81b5295f63b377b5b033f7908701b51e60ba97ec5e4bab2500e10feceb95229ac2f91861c9e5144ea1d79136a,07/17/2025 09:13:00 AM,2,DRIVER,,2016047,,JEEP,GRAND CHEROKEE,IL,2021,NONE,PASSENGER,PERSONAL,N,STRAIGHT AHEAD,,,1,,,,Y,Y,Y,Y,,,,,,,,Y,Y,,FRONT-LEFT-CORNER,,,,,,,,,,,,,,,,,,,,,,,,,,,,,,,,,
2108435,736b89282be9a6f09bb7883299dd5af1c175237f3e1a082d0dec315be216aa720007311294e7b50c8ab2b542018f38a238a709b93868b0021916cee209c8a6bd,07/17/2025 09:08:00 AM,1,DRIVER,,2010008,Y,NEW FLYER,OTHER (EXPLAIN IN NARRATIVE),IL,2008,UNKNOWN,BUS UP TO 15 PASS.,CTA,S,PASSING/OVERTAKING,,,1,,,,,,,Y,Y,Y,,,,,,,,,SIDE-LEFT-REAR,"21,838",,,,,,CHICAGO TRANSIT AUTHORITY,IL,CHICAGO,,,,N,N,,N,,N,N,,,,,,,,,BUS,BUS,OTHER,N,N,
2108436,736b89282be9a6f09bb7883299dd5af1c175237f3e1a082d0dec315be216aa720007311294e7b50c8ab2b542018f38a238a709b93868b0021916cee209c8a6bd,07/17/2025 09:08:00 AM,2,PARKED,,2010015,,FORD,F250,IL,2024,UNKNOWN,PICKUP,NOT IN USE,S,PARKED,,,0,,,,,,,,,,,,,Y,Y,Y,,,SIDE-LEFT-FRONT,,,,,,,,,,,,,,,,,,,,,,,,,,,,,,,,,
2108420,d2750a6f3217d4b4fa5166430114627cd09e4e40733189af5bba36dce50b7ccf711b049866c784efa75de73e080b5261500881bd3e153d11f0a7c6a5f6dc95a5,07/17/2025 09:02:00 AM,1,DRIVER,1,2009991,,HONDA,CR-V,IL,2019,NONE,PASSENGER,PERSONAL,S,BACKING,,,2,,,,,,,,,Y,Y,Y,,,,,,,REAR,,,,,,,,,,,,,,,,,,,,,,,,,,,,,,,,,
2108421,d2750a6f3217d4b4fa5166430114627cd09e4e40733189af5bba36dce50b7ccf711b049866c784efa75de73e080b5261500881bd3e153d11f0a7c6a5f6dc95a5,07/17/2025 09:02:00 AM,2,DRIVER,2,2009998,,KIA,CARNIVAL,IL,2022,NONE,PASSENGER,PERSONAL,W,STRAIGHT AHEAD,,,3,,,,,,,Y,Y,Y,,,,,,,,,REAR-RIGHT-CORNER,,,,,,,,,,,,,,,,,,,,,,,,,,,,,,,,,
2108852,43642a53587702f83cb697d65ccb14bf5f2b1aeeaa36b92a908a693068359d29671450a14c6d220e9dcf16ff5a36d75a6705747d78aededf53b7484130d9c1fc,07/17/2025 09:00:00 AM,1,DRIVER,,2010407,,TOYOTA,CAMRY,IL,2011,UNKNOWN,PASSENGER,PERSONAL,E,STRAIGHT AHEAD,,,1,,,,,,,,,,,,,,,,,Y,UNKNOWN,,,,,,,,,,,,,,,,,,,,,,,,,,,,,,,,,
2108853,43642a53587702f83cb697d65ccb14bf5f2b1aeeaa36b92a908a693068359d29671450a14c6d220e9dcf16ff5a36d75a6705747d78aededf53b7484130d9c1fc,07/17/2025 09:00:00 AM,2,DRIVER,,2010412,,TESLA,MODEL Y,IL,2024,NONE,PASSENGER,PERSONAL,E,STRAIGHT AHEAD,,,1,,,,,,,,,Y,Y,Y,,,,,,,REAR,,,,,,,,,,,,,,,,,,,,,,,,,,,,,,,,,
2108414,ffa3c37bf3658b4e914daa187e27e4a0d67c67a8c79043eff25b2f4ec6c303036e7610f2fec02416a508caa393a33c7ad7b43dc8df0cfbdedc227ea9397db4f0,07/17/2025 09:00:00 AM,1,DRIVER,,2009996,,TOYOTA,RAV4,IL,2021,UNKNOWN,PASSENGER,PERSONAL,S,LEAVING TRAFFIC LANE TO PARK,,,1,,,,,,,,,,,,,Y,Y,Y,,,SIDE-LEFT-FRONT,,,,,,,,,,,,,,,,,,,,,,,,,,,,,,,,,
2108415,ffa3c37bf3658b4e914daa187e27e4a0d67c67a8c79043eff25b2f4ec6c303036e7610f2fec02416a508caa393a33c7ad7b43dc8df0cfbdedc227ea9397db4f0,07/17/2025 09:00:00 AM,2,DRIVER,,2010017,,NISSAN,OTHER (EXPLAIN IN NARRATIVE),IL,2015,UNKNOWN,TRUCK - SINGLE UNIT,COMMERCIAL - SINGLE UNIT,S,ENTERING TRAFFIC LANE FROM PARKING,,,1,,,,,,Y,Y,Y,,,,,,,,,,SIDE-RIGHT,,,,,,,,,,,,,,,,,,,,,,,,,,,,,,,,,
2108433,0d89132f235c40502e429a53c9ab40adddb9e9076d42d462bf92aa877954c068b630e03dab90b61263f98ca12704b52a681e8460e5a8d4f23b0ac6f4bdd6b395,07/17/2025 08:54:00 AM,1,DRIVER,,2010002,,JEEP,WRANGLER,XX,,UNKNOWN,PASSENGER,PERSONAL,E,CHANGING LANES,,,1,,,,,,,,,,,,Y,Y,Y,N,,,SIDE-LEFT,,,,,,,,,,,,,,,,,,,,,,,,,,,,,,,,,
2108434,0d89132f235c40502e429a53c9ab40adddb9e9076d42d462bf92aa877954c068b630e03dab90b61263f98ca12704b52a681e8460e5a8d4f23b0ac6f4bdd6b395,07/17/2025 08:54:00 AM,2,DRIVER,1,2010016,,HONDA,ACCORD,IL,2010,UNKNOWN,PASSENGER,PERSONAL,E,STRAIGHT AHEAD,Y,,2,,UNK,UNK,,Y,,,,,,,,,,Y,Y,,FRONT-RIGHT-CORNER,,,,,,,,,,,,,,,,,,,,,,,,,,,,,,,,,
2108416,33ffcf0e9de2eafa584fe6f382160fc56ce8d4d1fc3ee1ec30d45c6bd89fcb4b9eae3af8c0ec11cf5a311652d1c0be9600c2ec5dacfaaabea4a99ec9eb760bf5,07/17/2025 08:45:00 AM,1,DRIVER,,2009986,,UNKNOWN,OTHER (EXPLAIN IN NARRATIVE),,,UNKNOWN,PASSENGER,PERSONAL,E,STRAIGHT AHEAD,,,1,,,,,Y,,,,,,,,,,Y,Y,,FRONT,,,,,,,,,,,,,,,,,,,,,,,,,,,,,,,,,
2108417,33ffcf0e9de2eafa584fe6f382160fc56ce8d4d1fc3ee1ec30d45c6bd89fcb4b9eae3af8c0ec11cf5a311652d1c0be9600c2ec5dacfaaabea4a99ec9eb760bf5,07/17/2025 08:45:00 AM,2,DRIVER,1,2009995,,NISSAN,MURANO,IL,2015,NONE,PASSENGER,PERSONAL,S,STRAIGHT AHEAD,Y,,2,,PERSONAL TOW,,,,,Y,Y,Y,,Y,Y,,,,,,SIDE-RIGHT-REAR,,,,,,,,,,,,,,,,,,,,,,,,,,,,,,,,,
2108431,c7b1ddc7ae4252aef1ad6f5f4afa043551657b1784a11245bf78e8618dd003f738862ca9da32259e6a804feeaa2362940d527322a41962942631bf334f90fdf7,07/17/2025 08:37:00 AM,1,DRIVER,,2010000,,UNKNOWN,MOTORIZED,XX,,UNKNOWN,UNKNOWN/NA,UNKNOWN/NA,S,STRAIGHT AHEAD,,,1,,,,,Y,Y,,,,,,,,,Y,Y,,FRONT-RIGHT-CORNER,,,,,,,,,,,,,,,,,,,,,,,,,,,,,,,,,
2108432,c7b1ddc7ae4252aef1ad6f5f4afa043551657b1784a11245bf78e8618dd003f738862ca9da32259e6a804feeaa2362940d527322a41962942631bf334f90fdf7,07/17/2025 08:37:00 AM,2,DRIVER,,2010009,,HYUNDAI,TUCSON,IL,2023,NONE,SPORT UTILITY VEHICLE (SUV),OTHER,E,STARTING IN TRAFFIC,,,1,,,,,Y,,,,,,,,,Y,Y,Y,,FRONT,,,,,,,,,,,,,,,,,,,,,,,,,,,,,,,,,
2108458,b5d95157585b27c3e44646a456f7cad845e03b72a5529463fa9f7893c7a73daaa310023f08dbd79a1674b544be27fd31f7aa8da5ffdd3feb74fd8a8aef4110d6,07/17/2025 08:36:00 AM,1,DRIVER,,2010030,,DODGE,RAM 1500 PU,IL,2013,UNKNOWN,PICKUP,OTHER,W,BACKING,,,1,,,,,,,,,,Y,,,,,,,,REAR,,,,,,,,,,,,,,,,,,,,,,,,,,,,,,,,,
2108459,b5d95157585b27c3e44646a456f7cad845e03b72a5529463fa9f7893c7a73daaa310023f08dbd79a1674b544be27fd31f7aa8da5ffdd3feb74fd8a8aef4110d6,07/17/2025 08:36:00 AM,2,DRIVER,1,2010036,,LEXUS,RX300,IL,2001,UNKNOWN,PASSENGER,PERSONAL,E,OTHER,,,2,,,,,Y,,,,,,,,,,,,,FRONT-RIGHT-CORNER,,,,,,,,,,,,,,,,,,,,,,,,,,,,,,,,,
2108394,059bdaf2c7e2d98b39dcb7df68459a5838409063ace47e027dc2f7de2d42669c280913583d3546b4b835c681034a0eccc861f94b034e212635d633501956a5f5,07/17/2025 08:30:00 AM,1,DRIVER,,2009968,Y,UNKNOWN,OTHER (EXPLAIN IN NARRATIVE),IL,2022,UNKNOWN,OTHER,OTHER,N,STRAIGHT AHEAD,,,1,,,,,,,,,,,,,,,,,,TOP,"21,836",,,,LOG BOOK,,AGM TRANSPORTATION INC,IL,JOLIET,,,,U,N,,N,,N,N,,,,,,,,,TRACTOR/SEMI-TRAILER,VAN/ENCLOSED BOX,UNKNOWN,N,N,
2112751,0a0453ce7f327c50e904a6472e330f37c8662581d71b261e85bdada7efe25c8da7762f8cc03dc3ee652e6de3f7abc494631e714971f25e078fa6d2d016bf8298,07/17/2025 08:30:00 AM,1,DRIVER,,2014119,,CHEVROLET,CRUZE,IL,2012,UNKNOWN,PASSENGER,UNKNOWN/NA,S,TURNING RIGHT,,,1,,,,,Y,,,,,,,,,,,,,FRONT-RIGHT-CORNER,,,,,,,,,,,,,,,,,,,,,,,,,,,,,,,,,
2112752,0a0453ce7f327c50e904a6472e330f37c8662581d71b261e85bdada7efe25c8da7762f8cc03dc3ee652e6de3f7abc494631e714971f25e078fa6d2d016bf8298,07/17/2025 08:30:00 AM,2,DRIVER,,2014131,,PORSCHE,CAYENNE,IL,2015,UNKNOWN,SPORT UTILITY VEHICLE (SUV),PERSONAL,S,TURNING RIGHT,,,1,,,,,,,,,,,,,,Y,Y,,,SIDE-LEFT,,,,,,,,,,,,,,,,,,,,,,,,,,,,,,,,,