CRASH_UNIT_ID,CRASH_RECORD_ID,CRASH_DATE,UNIT_NO,UNIT_TYPE,NUM_PASSENGERS,VEHICLE_ID,CMRC_VEH_I,MAKE,MODEL,LIC_PLATE_STATE,VEHICLE_YEAR,VEHICLE_DEFECT,VEHICLE_TYPE,VEHICLE_USE,TRAVEL_DIRECTION,MANEUVER,TOWED_I,FIRE_I,OCCUPANT_CNT,EXCEED_SPEED_LIMIT_I,TOWED_BY,TOWED_TO,AREA_00_I,AREA_01_I,AREA_02_I,AREA_03_I,AREA_04_I,AREA_05_I,AREA_06_I,AREA_07_I,AREA_08_I,AREA_09_I,AREA_10_I,AREA_11_I,AREA_12_I,AREA_99_I,FIRST_CONTACT_POINT,CMV_ID,USDOT_NO,CCMC_NO,ILCC_NO,COMMERCIAL_SRC,GVWR,CARRIER_NAME,CARRIER_STATE,CARRIER_CITY,HAZMAT_PLACARDS_I,HAZMAT_NAME,UN_NO,HAZMAT_PRESENT_I,HAZMAT_REPORT_I,HAZMAT_REPORT_NO,MCS_REPORT_I,MCS_REPORT_NO,HAZMAT_VIO_CAUSE_CRASH_I,MCS_VIO_CAUSE_CRASH_I,IDOT_PERMIT_NO,WIDE_LOAD_I,TRAILER1_WIDTH,TRAILER2_WIDTH,TRAILER1_LENGTH,TRAILER2_LENGTH,TOTAL_VEHICLE_LENGTH,AXLE_CNT,VEHICLE_CONFIG,CARGO_BODY_TYPE,LOAD_TYPE,HAZMAT_OUT_OF_SERVICE_I,MCS_OUT_OF_SERVICE_I,HAZMAT_CLASS
2108583,43f1d6256d988592eebe0de101de3efb422fd55af7b32936a2ea94841ad7585ef4c0f2539a283498d3e4a31f450dc710203a23694e524b345ef77d095ba02c03,07/17/2025 08:30:00 AM,1,DRIVER,,2010164,,UNKNOWN,MOTORIZED,IL,,UNKNOWN,SPORT UTILITY VEHICLE (SUV),PERSONAL,UNKNOWN,TURNING LEFT,,,1,,,,,,,,,,,,,,,,,Y,UNKNOWN,,,,,,,,,,,,,,,,,,,,,,,,,,,,,,,,,
2108584,43f1d6256d988592eebe0de101de3efb422fd55af7b32936a2ea94841ad7585ef4c0f2539a283498d3e4a31f450dc710203a23694e524b345ef77d095ba02c03,07/17/2025 08:30:00 AM,2,BICYCLE,,,,,,,,,,,,,,,,,,,,,,,,,,,,,,,,,,,,,,,,,,,,,,,,,,,,,,,,,,,,,,,,,,
2108392,78a5f3b547ed1e6da422a7aab85dcbf8ec9a0cf09925be1a30936597e6bfaaf60ce951edc586b08f4d98cc35d9f1f8ba3d10e6b9335b117e8659d44fa03c4166,07/17/2025 08:21:00 AM,1,DRIVER,,2009966,,HONDA,OTHER (EXPLAIN IN NARRATIVE),,,UNKNOWN,PASSENGER,PERSONAL,S,TURNING RIGHT,,,1,,,,,Y,,,,,,,,,,,Y,,FRONT-RIGHT-CORNER,,,,,,,,,,,,,,,,,,,,,,,,,,,,,,,,,
2108393,78a5f3b547ed1e6da422a7aab85dcbf8ec9a0cf09925be1a30936597e6bfaaf60ce951edc586b08f4d98cc35d9f1f8ba3d10e6b9335b117e8659d44fa03c4166,07/17/2025 08:21:00 AM,2,DRIVER,,2009971,,DODGE,RAM 2500 PU,TX,2022,NONE,PICKUP,PERSONAL,S,STRAIGHT AHEAD,,,1,,,,,,,,,,,Y,,,,,,,REAR-LEFT-CORNER,,,,,,,,,,,,,,,,,,,,,,,,,,,,,,,,,
2108379,763294e0e4dabcdda007ce5d5a502a6250138b5c72a162c8bcd7bfe27bb87a71ba80a4eb5172dd857066ad5c3ef4d6e17f44a2a64f512fbe089b735ea49dcfde,07/17/2025 08:20:00 AM,1,DRIVER,,2009956,,GENERAL MOTORS CORPORATION (GMC),ENVOY,IL,2005,NONE,PASSENGER,PERSONAL,E,STRAIGHT AHEAD,,,1,,,,,,,,,,,,,,,,Y,,FRONT,,,,,,,,,,,,,,,,,,,,,,,,,,,,,,,,,
2108380,763294e0e4dabcdda007ce5d5a502a6250138b5c72a162c8bcd7bfe27bb87a71ba80a4eb5172dd857066ad5c3ef4d6e17f44a2a64f512fbe089b735ea49dcfde,07/17/2025 08:20:00 AM,2,DRIVER,,2009959,,VOLKSWAGEN,OTHER (EXPLAIN IN NARRATIVE),IL,2023,NONE,PASSENGER,UNKNOWN/NA,N,STRAIGHT AHEAD,,,1,,,,,,,,,,,,,N,Y,Y,,,FRONT-LEFT-CORNER,,,,,,,,,,,,,,,,,,,,,,,,,,,,,,,,,
2108390,e9357fda02fc758de026250429400a9590837830e8d523ae0bb12f6dc85b619081be1dc18bf449c6b4199d5afec1b3d3f857e2e88e5fd48b6c91f88c3e17bd8d,07/17/2025 08:15:00 AM,1,DRIVER,,2009970,,NISSAN,ROGUE,IL,2021,NONE,SPORT UTILITY VEHICLE (SUV),PERSONAL,E,STRAIGHT AHEAD,,,1,,,,,Y,,,,,,,,,,Y,Y,,FRONT,,,,,,,,,,,,,,,,,,,,,,,,,,,,,,,,,
2108391,e9357fda02fc758de026250429400a9590837830e8d523ae0bb12f6dc85b619081be1dc18bf449c6b4199d5afec1b3d3f857e2e88e5fd48b6c91f88c3e17bd8d,07/17/2025 08:15:00 AM,2,DRIVER,,2009972,,GENESIS,G80,IL,2018,NONE,PASSENGER,PERSONAL,N,STRAIGHT AHEAD,,,1,,,,,,,,,,,,,,Y,Y,,,FRONT-LEFT-CORNER,,,,,,,,,,,,,,,,,,,,,,,,,,,,,,,,,
2108395,5cbc77eb07b14eda2c3edde32695f54d10b8c8f3140f4e8a6265c4adb170504a39b77b6682cac524b03ed0cc403d101823ee7fdaabb8c4964f9155b74c505696,07/17/2025 08:10:00 AM,1,DRIVER,,2009973,,COOK SEMI TRAILER,COOK SEMI TRAILER,IL,2020,UNKNOWN,TRACTOR W/ SEMI-TRAILER,OTHER,W,TURNING LEFT,,,1,,,,Y,,,,,,,,,,,,,,REAR,,,,,,,,,,,,,,,,,,,,,,,,,,,,,,,,,
2108396,5cbc77eb07b14eda2c3edde32695f54d10b8c8f3140f4e8a6265c4adb170504a39b77b6682cac524b03ed0cc403d101823ee7fdaabb8c4964f9155b74c505696,07/17/2025 08:10:00 AM,2,DRIVER,,2009981,,CHEVROLET,TRAIL BLAZER,IL,2002,NONE,PASSENGER,PERSONAL,W,TURNING LEFT,,,1,,,,,Y,Y,,,,,,,,,,Y,,FRONT-RIGHT-CORNER,,,,,,,,,,,,,,,,,,,,,,,,,,,,,,,,,
2109417,d703f99789498c227eb07694b32f8c9b81568fb389329684e2045d34560ad09b3350633a6f6418324ee27b6580f748c92b329e472583b3af544e940fc881a2af,07/17/2025 08:10:00 AM,2,DRIVER,,2010930,,GENERAL MOTORS CORPORATION (GMC),TERRAIN,IN,2023,UNKNOWN,PASSENGER,PERSONAL,N,STRAIGHT AHEAD,,,1,,,,,,,,Y,,,,,,,,,,SIDE-RIGHT,,,,,,,,,,,,,,,,,,,,,,,,,,,,,,,,,
2109418,d703f99789498c227eb07694b32f8c9b81568fb389329684e2045d34560ad09b3350633a6f6418324ee27b6580f748c92b329e472583b3af544e940fc881a2af,07/17/2025 08:10:00 AM,1,DRIVER,,2010931,,HYUNDAI,SONATA,IL,2022,NONE,PASSENGER,PERSONAL,N,STRAIGHT AHEAD,,,1,,,,,,,,,,,,,,,Y,,,FRONT-LEFT-CORNER,,,,,,,,,,,,,,,,,,,,,,,,,,,,,,,,,
2108388,10f7203478203bf02ceb1a0b8c202056be8915a08fc24445979f491ac3fae7956839b36118be0ee5102c379075c6189a49a5c2dd0a81b0a842c046658606b352,07/17/2025 08:00:00 AM,1,DRIVER,,2009965,,UNKNOWN,ENGINE,,,UNKNOWN,UNKNOWN/NA,UNKNOWN/NA,UNKNOWN,UNKNOWN/NA,,,1,,,,,Y,,,,,,,,,,,,,FRONT-RIGHT-CORNER,,,,,,,,,,,,,,,,,,,,,,,,,,,,,,,,,
2108389,10f7203478203bf02ceb1a0b8c202056be8915a08fc24445979f491ac3fae7956839b36118be0ee5102c379075c6189a49a5c2dd0a81b0a842c046658606b352,07/17/2025 08:00:00 AM,2,DRIVERLESS,,2009969,,FORD,ESCAPE,IL,2011,NONE,PASSENGER,PERSONAL,N,PARKED,,,0,,,,,,,,,,,Y,,,,Y,,,SIDE-LEFT-REAR,,,,,,,,,,,,,,,,,,,,,,,,,,,,,,,,,
2109037,61ccfc2484013f3e6efe401d50ec32bb78ce9e5619bcea843754676d579d375a7aca4f95af56f8383ce784eee5f0aeeb803e99da9641799c67072e6b9d4cf84d,07/17/2025 08:00:00 AM,1,DRIVER,,2010578,,UNKNOWN,OTHER (EXPLAIN IN NARRATIVE),,,UNKNOWN,UNKNOWN/NA,UNKNOWN/NA,UNKNOWN,UNKNOWN/NA,,,1,,,,,,,,,,,,,,,,,,UNKNOWN,,,,,,,,,,,,,,,,,,,,,,,,,,,,,,,,,
2109038,61ccfc2484013f3e6efe401d50ec32bb78ce9e5619bcea843754676d579d375a7aca4f95af56f8383ce784eee5f0aeeb803e99da9641799c67072e6b9d4cf84d,07/17/2025 08:00:00 AM,2,PARKED,,2010579,,VOLKSWAGEN,JETTA,IL,2025,NONE,PASSENGER,NOT IN USE,W,PARKED,,,0,,,,,Y,,,,,,,,,,Y,Y,,FRONT,,,,,,,,,,,,,,,,,,,,,,,,,,,,,,,,,
2108412,81410a333c18aa18c1bf631ded0962b41a16fefa9095318de7c481cafa067243d19d88cf18fe5d92b586cc5297cc10dba5a9716d77ebd3b2e46dabe0f9e016af,07/17/2025 08:00:00 AM,1,DRIVER,,2010005,,CHEVROLET,EQUINOX,IL,2019,UNKNOWN,SPORT UTILITY VEHICLE (SUV),UNKNOWN/NA,E,STRAIGHT AHEAD,,,1,,,,,,,,,,,,,,,,,Y,UNKNOWN,,,,,,,,,,,,,,,,,,,,,,,,,,,,,,,,,
2108413,81410a333c18aa18c1bf631ded0962b41a16fefa9095318de7c481cafa067243d19d88cf18fe5d92b586cc5297cc10dba5a9716d77ebd3b2e46dabe0f9e016af,07/17/2025 08:00:00 AM,2,DRIVER,1,2009997,,HYUNDAI,TUCSON,IL,2024,UNKNOWN,SPORT UTILITY VEHICLE (SUV),PERSONAL,E,SLOW/STOP IN TRAFFIC,,,2,,,,,,,,,Y,Y,Y,,,,,,,REAR,,,,,,,,,,,,,,,,,,,,,,,,,,,,,,,,,
2108361,acd15e0dd8d26cbbf576fca6e03d65ab7f5576b08ca3e101fbb3d2f219dd954a086418c3848d137ad987c32d55dadeae6939ea2a7ab2397e02fe518c64f144b9,07/17/2025 08:00:00 AM,1,DRIVER,,2009948,,GENERAL MOTORS CORPORATION (GMC),TERRAIN,IL,2012,UNKNOWN,SPORT UTILITY VEHICLE (SUV),PERSONAL,E,STRAIGHT AHEAD,,,1,,,,,Y,,,,,,,,,,Y,Y,,FRONT,,,,,,,,,,,,,,,,,,,,,,,,,,,,,,,,,
2108362,acd15e0dd8d26cbbf576fca6e03d65ab7f5576b08ca3e101fbb3d2f219dd954a086418c3848d137ad987c32d55dadeae6939ea2a7ab2397e02fe518c64f144b9,07/17/2025 08:00:00 AM,2,DRIVER,,2009945,,VOLVO,XC90,IL,2019,UNKNOWN,SPORT UTILITY VEHICLE (SUV),PERSONAL,E,SLOW/STOP IN TRAFFIC,,,1,,,,,,,,,Y,Y,Y,,,,,,,REAR,,,,,,,,,,,,,,,,,,,,,,,,,,,,,,,,,
2108661,c40573f59e0fec07e370767490c4b04208971373d9822c865d4802e24c40f980f455e28cbe74714be6a902b553a5177954031175e4894a6661fcac29f7b53b98,07/17/2025 08:00:00 AM,1,DRIVER,,2010225,,NISSAN,OTHER (EXPLAIN IN NARRATIVE),IL,2009,UNKNOWN,SPORT UTILITY VEHICLE (SUV),PERSONAL,E,STRAIGHT AHEAD,,,1,,,,,,,,,,,,,,,,Y,,FRONT,,,,,,,,,,,,,,,,,,,,,,,,,,,,,,,,,
2108662,c40573f59e0fec07e370767490c4b04208971373d9822c865d4802e24c40f980f455e28cbe74714be6a902b553a5177954031175e4894a6661fcac29f7b53b98,07/17/2025 08:00:00 AM,2,DRIVER,,2010229,,FORD,OTHER (EXPLAIN IN NARRATIVE),IL,2020,UNKNOWN,VAN/MINI-VAN,OTHER,E,STRAIGHT AHEAD,,,1,,,,,,,,,,,,,,,,,,REAR,,,,,,,,,,,,,,,,,,,,,,,,,,,,,,,,,
2108575,f034708e2ca6c5b06e6f1281b66a22a6580705c90800c9893902c837ee6b334adc27a816c17c0f1005577d08dfbc18ad434622e92e681e23083b710f16569927,07/17/2025 08:00:00 AM,1,DRIVER,,2010134,,UNKNOWN,OTHER (EXPLAIN IN NARRATIVE),,,UNKNOWN,UNKNOWN/NA,UNKNOWN/NA,UNKNOWN,OTHER,,,1,,,,,,,,,,,,,,,,,Y,UNKNOWN,,,,,,,,,,,,,,,,,,,,,,,,,,,,,,,,,
2108576,f034708e2ca6c5b06e6f1281b66a22a6580705c90800c9893902c837ee6b334adc27a816c17c0f1005577d08dfbc18ad434622e92e681e23083b710f16569927,07/17/2025 08:00:00 AM,2,PARKED,,2010139,,TOYOTA,COROLLA,IL,2025,UNKNOWN,PASSENGER,NOT IN USE,E,PARKED,,,0,,,,,,Y,Y,Y,,,,,,,,,,SIDE-RIGHT,,,,,,,,,,,,,,,,,,,,,,,,,,,,,,,,,
2108443,c1da376a9659e869db33fe69a7fc06f097777e12b50f635719d5aca13c1c9a047e87b1d434ed36224d07d0a0878854e76bfc95a69e5bd2bf7bf5e5ac069579c9,07/17/2025 07:42:00 AM,1,DRIVER,,2010022,,LEXUS,GS350,IL,2013,UNKNOWN,PASSENGER,PERSONAL,S,STRAIGHT AHEAD,Y,,1,,ALL TOWING & RECOVERY,314 E. 69TH ST,,Y,Y,,,,,,,,Y,Y,Y,,FRONT,,,,,,,,,,,,,,,,,,,,,,,,,,,,,,,,,
2108444,c1da376a9659e869db33fe69a7fc06f097777e12b50f635719d5aca13c1c9a047e87b1d434ed36224d07d0a0878854e76bfc95a69e5bd2bf7bf5e5ac069579c9,07/17/2025 07:42:00 AM,2,DRIVER,1,2010032,,LEXUS,RX350,IL,2021,UNKNOWN,PASSENGER,PERSONAL,S,STRAIGHT AHEAD,Y,,2,,PROGRESSIVE INSURANCE,,,,,,Y,Y,Y,,,,Y,Y,Y,,REAR-RIGHT-CORNER,,,,,,,,,,,,,,,,,,,,,,,,,,,,,,,,,
2108445,c1da376a9659e869db33fe69a7fc06f097777e12b50f635719d5aca13c1c9a047e87b1d434ed36224d07d0a0878854e76bfc95a69e5bd2bf7bf5e5ac069579c9,07/17/2025 07:42:00 AM,3,DRIVER,1,2010042,,NISSAN,ALTIMA,IL,2010,UNKNOWN,PASSENGER,PERSONAL,S,STRAIGHT AHEAD,,,2,,,,,Y,Y,Y,Y,,,,,,,,,,SIDE-RIGHT,,,,,,,,,,,,,,,,,,,,,,,,,,,,,,,,,
2108374,256549b724661e96b44201bc7911b76b844a86a0b97971b646d442d7481e1ecda1c9c5984953cca648e470f719210f206ea6780dded81f445049d572a67bb6f2,07/17/2025 07:40:00 AM,1,DRIVER,,2009950,Y,ISUZU,TRUCK,IL,2019,UNKNOWN,TRUCK - SINGLE UNIT,COMMERCIAL - SINGLE UNIT,S,TURNING RIGHT,,,1,,,,,,,,Y,,,,,,,,,,SIDE-RIGHT-REAR,"21,835",,,,,,,,,,,,,,,,,,,,,,,,,,,,,,,,
2108792,fdc8bdaa1e8a5797442524ac9eb4085eee4dd8dcc366c19d3caf74ab2c8269ceff4c028a553243e3448c6818de9036bfb11f32b572113e41cc62c1fc2d958ad4,07/17/2025 07:40:00 AM,1,DRIVER,,2010341,,UNKNOWN,ENCLOSED BODY,,,UNKNOWN,PASSENGER,UNKNOWN/NA,N,STRAIGHT AHEAD,,,1,,,,,,Y,,,,,,,,,,,,SIDE-RIGHT-FRONT,,,,,,,,,,,,,,,,,,,,,,,,,,,,,,,,,
2108793,fdc8bdaa1e8a5797442524ac9eb4085eee4dd8dcc366c19d3caf74ab2c8269ceff4c028a553243e3448c6818de9036bfb11f32b572113e41cc62c1fc2d958ad4,07/17/2025 07:40:00 AM,2,BICYCLE,,,,,,,,,,,,,,,,,,,,,,,,,,,,,,,,,,,,,,,,,,,,,,,,,,,,,,,,,,,,,,,,,,
2109052,13b28b3a4ea680a512b32fe4fdc5e54081d2420592111fb0d56748ebb90a9c47c653f845956fe18bf6256b121c7456ecac9d14bcb14024f25be69ab93b5bda42,07/17/2025 07:30:00 AM,1,DRIVER,,2010591,,UNKNOWN,OTHER (EXPLAIN IN NARRATIVE),,,UNKNOWN,UNKNOWN/NA,UNKNOWN/NA,UNKNOWN,UNKNOWN/NA,,,1,,,,,,,,,,,,,,,,,Y,UNKNOWN,,,,,,,,,,,,,,,,,,,,,,,,,,,,,,,,,
2109053,13b28b3a4ea680a512b32fe4fdc5e54081d2420592111fb0d56748ebb90a9c47c653f845956fe18bf6256b121c7456ecac9d14bcb14024f25be69ab93b5bda42,07/17/2025 07:30:00 AM,2,DRIVERLESS,,2010593,,FORD,ESCAPE,IL,2018,UNKNOWN,UNKNOWN/NA,PERSONAL,N,PARKED,Y,,0,,All Towing & Recovery,314 E 69TH ST,,,,,,,,Y,Y,Y,,,,,REAR-LEFT-CORNER,,,,,,,,,,,,,,,,,,,,,,,,,,,,,,,,,
2108375,55c3b30b5f13e77492f55cf1d2ca1241fd54d53a7069798bd116c2dd5bfabdb6444e30a1e6208ebe7018051a21b1d41bd3c38011c22b6665bf11f5d7c308be90,07/17/2025 07:30:00 AM,1,DRIVER,,2009952,,JEEP,COMPASS,IL,2018,NONE,SPORT UTILITY VEHICLE (SUV),PERSONAL,S,BACKING,,,1,,,,,Y,,,,,,,,,,,Y,,FRONT-RIGHT-CORNER,,,,,,,,,,,,,,,,,,,,,,,,,,,,,,,,,
2108376,55c3b30b5f13e77492f55cf1d2ca1241fd54d53a7069798bd116c2dd5bfabdb6444e30a1e6208ebe7018051a21b1d41bd3c38011c22b6665bf11f5d7c308be90,07/17/2025 07:30:00 AM,2,DRIVER,,2009957,,FORD,BRONCO / BRONCO II,IL,2021,NONE,SPORT UTILITY VEHICLE (SUV),PERSONAL,N,STRAIGHT AHEAD,,,1,,,,,,,,,,,,Y,Y,Y,,,,SIDE-LEFT,,,,,,,,,,,,,,,,,,,,,,,,,,,,,,,,,
2109818,bf9e85792a4611d1990401dc5da67b32b611b1f5ef4636a081132ee8a6a6fdb3e7037054ae080b288c2c9b7a7bfd1c35e0980f28166dbc58767a3d7ac78c76dc,07/17/2025 07:30:00 AM,1,DRIVER,,2011335,,UNKNOWN,OTHER (EXPLAIN IN NARRATIVE),XX,,UNKNOWN,UNKNOWN/NA,UNKNOWN/NA,UNKNOWN,UNKNOWN/NA,,,1,,,,,,,,,,,,,,,,,Y,UNKNOWN,,,,,,,,,,,,,,,,,,,,,,,,,,,,,,,,,
2109819,bf9e85792a4611d1990401dc5da67b32b611b1f5ef4636a081132ee8a6a6fdb3e7037054ae080b288c2c9b7a7bfd1c35e0980f28166dbc58767a3d7ac78c76dc,07/17/2025 07:30:00 AM,2,PARKED,,2011327,,FORD,TAURUS,IL,2011,NONE,PASSENGER,PERSONAL,W,PARKED,,,0,,,,,Y,Y,Y,Y,Y,,,,,,,,,UNKNOWN,,,,,,,,,,,,,,,,,,,,,,,,,,,,,,,,,
2108802,ff7549d62666d1064e74950b9d8be1fd6376f1044701da140c60f6268a85e38cec1a01b142cee3b7932473275fe2ba9e1e659530f2eb4b7ed264ae62afc9a13f,07/17/2025 07:20:00 AM,1,DRIVER,,2010360,,TOYOTA,RAV4,IL,2008,NONE,SPORT UTILITY VEHICLE (SUV),PERSONAL,S,STRAIGHT AHEAD,,,1,,,,,,,,,,,,,,,,Y,,FRONT,,,,,,,,,,,,,,,,,,,,,,,,,,,,,,,,,
2108803,ff7549d62666d1064e74950b9d8be1fd6376f1044701da140c60f6268a85e38cec1a01b142cee3b7932473275fe2ba9e1e659530f2eb4b7ed264ae62afc9a13f,07/17/2025 07:20:00 AM,2,DRIVER,,2010355,,TOYOTA,COROLLA,IL,2016,NONE,PASSENGER,PERSONAL,W,STRAIGHT AHEAD,,,1,,,,,,Y,Y,Y,,,,,,,,,,SIDE-RIGHT,,,,,,,,,,,,,,,,,,,,,,,,,,,,,,,,,
2108369,3e677b4df2338e1d6807414b82b6022d9f8e2e304afe351d7559ba8ed067ebeb7a10014923b9129e82026365ca089ef860a2c8b7458927cc01a1723ab9bc548b,07/17/2025 07:15:00 AM,1,DRIVER,,2009947,,KIA,OPTIMA / K5,IL,2019,UNKNOWN,PASSENGER,UNKNOWN/NA,E,UNKNOWN/NA,Y,,1,,CITY OF CHICAGO,,,Y,,,,,,,,,,Y,Y,,FRONT,,,,,,,,,,,,,,,,,,,,,,,,,,,,,,,,,
2108370,3e677b4df2338e1d6807414b82b6022d9f8e2e304afe351d7559ba8ed067ebeb7a10014923b9129e82026365ca089ef860a2c8b7458927cc01a1723ab9bc548b,07/17/2025 07:15:00 AM,2,PARKED,,2009949,,NISSAN,ROGUE,IL,2015,UNKNOWN,SPORT UTILITY VEHICLE (SUV),UNKNOWN/NA,E,PARKED,,,0,,,,,Y,Y,Y,Y,Y,Y,Y,,,,,,,REAR,,,,,,,,,,,,,,,,,,,,,,,,,,,,,,,,,
2108916,0f1640a9308aeb9b472f7d98e9498bd47c8c4f287d68bef2a9b0366d72951146bec5c99439f0ba8f5065cd23ac67dc6155bf992df3b37f5722decefac8b7d0a6,07/17/2025 07:00:00 AM,1,DRIVER,,2010465,,DODGE,CHALLENGER,IL,2015,NONE,PICKUP,NOT IN USE,N,BACKING,,,1,,,,,,,,,,,Y,Y,,,,,,SIDE-LEFT-REAR,,,,,,,,,,,,,,,,,,,,,,,,,,,,,,,,,
2108917,0f1640a9308aeb9b472f7d98e9498bd47c8c4f287d68bef2a9b0366d72951146bec5c99439f0ba8f5065cd23ac67dc6155bf992df3b37f5722decefac8b7d0a6,07/17/2025 07:00:00 AM,2,DRIVER,,2010468,,TOYOTA,PRIUS,IL,2013,NONE,UNKNOWN/NA,TAXI/FOR HIRE,N,STRAIGHT AHEAD,,,1,,,,,,,,Y,Y,,,,,,,,,REAR-RIGHT-CORNER,,,,,,,,,,,,,,,,,,,,,,,,,,,,,,,,,
2108397,e7e3b8df3f0eff3f0e3ccd3ded375394413cc57f7440b71136ddfff13858f8f67c35a2df435710c017e888f73483e2906ff4799545fcedc673f578204337717b,07/17/2025 07:00:00 AM,1,DRIVER,,2009976,,BUICK,LACROSSE,IL,2011,UNKNOWN,PASSENGER,PERSONAL,E,LEAVING TRAFFIC LANE TO PARK,,,1,,,,,,,,,,,Y,Y,Y,Y,Y,,,SIDE-LEFT,,,,,,,,,,,,,,,,,,,,,,,,,,,,,,,,,
2108398,e7e3b8df3f0eff3f0e3ccd3ded375394413cc57f7440b71136ddfff13858f8f67c35a2df435710c017e888f73483e2906ff4799545fcedc673f578204337717b,07/17/2025 07:00:00 AM,2,PARKED,,2009982,,HYUNDAI,ELANTRA,IL,2023,NONE,PASSENGER,NOT IN USE,E,PARKED,,,0,,,,,,,,,,Y,Y,Y,,,,,,FRONT-RIGHT-CORNER,,,,,,,,,,,,,,,,,,,,,,,,,,,,,,,,,
2108351,aad2d50c98dd50c10d3a401d4f75ca4b5d5d326f6fe2940c5ce2bce1c9ff74b297c7df0fb8dd885b8594473dc4691ff95afd58e0ebd5a733a2e31160745a6a0e,07/17/2025 06:45:00 AM,1,DRIVER,,2009936,,HYUNDAI,SANTA FE,IL,2023,NONE,SPORT UTILITY VEHICLE (SUV),PERSONAL,N,STRAIGHT AHEAD,,,1,,,,,,,Y,,,,,,,,,,,SIDE-RIGHT,,,,,,,,,,,,,,,,,,,,,,,,,,,,,,,,,
2108371,2cf9703f664e7b5504483c4872dcc2c5438a9bfa4cf04e4e9f4fa84e5eb3e61fdaf257b9ff94d94dcb5e90a88d08a7437b37de21a18ea9d59e2c47f7ae396036,07/17/2025 06:43:00 AM,1,DRIVER,,2009951,,HONDA,ELEMENT,IL,2007,UNKNOWN,PASSENGER,PERSONAL,W,STRAIGHT AHEAD,,,1,,,,,Y,,,,,,,,,,Y,Y,,FRONT,,,,,,,,,,,,,,,,,,,,,,,,,,,,,,,,,
2108372,2cf9703f664e7b5504483c4872dcc2c5438a9bfa4cf04e4e9f4fa84e5eb3e61fdaf257b9ff94d94dcb5e90a88d08a7437b37de21a18ea9d59e2c47f7ae396036,07/17/2025 06:43:00 AM,2,DRIVER,,2009955,,HYUNDAI,ELANTRA,IL,2023,UNKNOWN,PASSENGER,PERSONAL,W,STRAIGHT AHEAD,,,1,,,,,,,,,Y,Y,Y,,,,,,,REAR,,,,,,,,,,,,,,,,,,,,,,,,,,,,,,,,,
2108356,fad394b532fcaedfc3ff5b69470648860f827ece3212c64924fd2d1769c6457e827825f7ae3c7020f9fce7f239f388b040c3e1e0f232a16c8a90a56e5297f10c,07/17/2025 06:40:00 AM,1,DRIVER,,2009940,,JEEP,CHEROKEE,IL,2016,UNKNOWN,PASSENGER,PERSONAL,N,STRAIGHT AHEAD,,,1,,,,,,,,,,,,,,,,Y,,FRONT,,,,,,,,,,,,,,,,,,,,,,,,,,,,,,,,,
2108357,fad394b532fcaedfc3ff5b69470648860f827ece3212c64924fd2d1769c6457e827825f7ae3c7020f9fce7f239f388b040c3e1e0f232a16c8a90a56e5297f10c,07/17/2025 06:40:00 AM,2,DRIVER,,2009942,,NISSAN,ROGUE,IL,2017,UNKNOWN,PASSENGER,PERSONAL,N,STRAIGHT AHEAD,,,1,,,,,,,,,,Y,,,,,,,,REAR,,,,,,,,,,,,,,,,,,,,,,,,,,,,,,,,,
2108354,5ec47cbbeea92f4f7b12086194e9a3eca8514856cbf6fa15dd14289242a2b49c60821c5e16844e123bd2d4903cb04772f129ccce3bb79c55fce074aae8956009,07/17/2025 06:35:00 AM,1,DRIVER,,2009938,,TOYOTA,CAMRY,IL,2014,UNKNOWN,PASSENGER,UNKNOWN/NA,S,STRAIGHT AHEAD,,,1,,,,,,,,,,,,,,,,Y,,FRONT,,,,,,,,,,,,,,,,,,,,,,,,,,,,,,,,,
2108355,5ec47cbbeea92f4f7b12086194e9a3eca8514856cbf6fa15dd14289242a2b49c60821c5e16844e123bd2d4903cb04772f129ccce3bb79c55fce074aae8956009,07/17/2025 06:35:00 AM,2,DRIVER,,2009941,,INFINITI,Q50,IL,2017,NONE,PASSENGER,PERSONAL,S,STRAIGHT AHEAD,,,1,,,,,,,,,Y,Y,Y,,,,,,,REAR,,,,,,,,,,,,,,,,,,,,,,,,,,,,,,,,,
2108359,5afcaed0440ab6fdf355f2a9ce737fdd5d55c94d5c56c5a2ff53dd799db715a57c6ddeeac4e20fd8c045d9d0fad726917805aa5744d10f763de6f3fd6e0c29b1,07/17/2025 06:05:00 AM,1,DRIVER,,2009946,,UNKNOWN,OTHER (EXPLAIN IN NARRATIVE),,,UNKNOWN,UNKNOWN/NA,UNKNOWN/NA,UNKNOWN,UNKNOWN/NA,,,1,,,,,,,,,,,,,,,,,Y,UNKNOWN,,,,,,,,,,,,,,,,,,,,,,,,,,,,,,,,,
2108360,5afcaed0440ab6fdf355f2a9ce737fdd5d55c94d5c56c5a2ff53dd799db715a57c6ddeeac4e20fd8c045d9d0fad726917805aa5744d10f763de6f3fd6e0c29b1,07/17/2025 06:05:00 AM,2,PARKED,,2009944,,MERCEDES-BENZ,GLE,IL,,NONE,PASSENGER,PERSONAL,UNKNOWN,PARKED,,,0,,,,,,,,,,Y,,,,,,,,REAR,,,,,,,,,,,,,,,,,,,,,,,,,,,,,,,,,
2108629,6fd6639e520207792a2b2d5ea19c7337a0ecb73f60d48bab41943c2f0d7649033fb559e91702bffd58c160404d571b0603acb8190be95f95d4abab2e585b0f05,07/17/2025 05:57:00 AM,1,DRIVER,,2010183,,ACURA,ZDX,IL,2012,NONE,PASSENGER,UNKNOWN/NA,N,TURNING LEFT,,,1,,,,,Y,Y,Y,Y,Y,,,,,,,,,FRONT-RIGHT-CORNER,,,,,,,,,,,,,,,,,,,,,,,,,,,,,,,,,