CRASH_UNIT_ID,CRASH_RECORD_ID,CRASH_DATE,UNIT_NO,UNIT_TYPE,NUM_PASSENGERS,VEHICLE_ID,CMRC_VEH_I,MAKE,MODEL,LIC_PLATE_STATE,VEHICLE_YEAR,VEHICLE_DEFECT,VEHICLE_TYPE,VEHICLE_USE,TRAVEL_DIRECTION,MANEUVER,TOWED_I,FIRE_I,OCCUPANT_CNT,EXCEED_SPEED_LIMIT_I,TOWED_BY,TOWED_TO,AREA_00_I,AREA_01_I,AREA_02_I,AREA_03_I,AREA_04_I,AREA_05_I,AREA_06_I,AREA_07_I,AREA_08_I,AREA_09_I,AREA_10_I,AREA_11_I,AREA_12_I,AREA_99_I,FIRST_CONTACT_POINT,CMV_ID,USDOT_NO,CCMC_NO,ILCC_NO,COMMERCIAL_SRC,GVWR,CARRIER_NAME,CARRIER_STATE,CARRIER_CITY,HAZMAT_PLACARDS_I,HAZMAT_NAME,UN_NO,HAZMAT_PRESENT_I,HAZMAT_REPORT_I,HAZMAT_REPORT_NO,MCS_REPORT_I,MCS_REPORT_NO,HAZMAT_VIO_CAUSE_CRASH_I,MCS_VIO_CAUSE_CRASH_I,IDOT_PERMIT_NO,WIDE_LOAD_I,TRAILER1_WIDTH,TRAILER2_WIDTH,TRAILER1_LENGTH,TRAILER2_LENGTH,TOTAL_VEHICLE_LENGTH,AXLE_CNT,VEHICLE_CONFIG,CARGO_BODY_TYPE,LOAD_TYPE,HAZMAT_OUT_OF_SERVICE_I,MCS_OUT_OF_SERVICE_I,HAZMAT_CLASS
2108630,6fd6639e520207792a2b2d5ea19c7337a0ecb73f60d48bab41943c2f0d7649033fb559e91702bffd58c160404d571b0603acb8190be95f95d4abab2e585b0f05,07/17/2025 05:57:00 AM,2,DRIVER,,2010190,,UTILITY TRAILER,UTILITY TRAILER,IL,2025,NONE,TRACTOR W/ SEMI-TRAILER,OTHER,N,STRAIGHT AHEAD,,,1,,,,,,,,,,,Y,,,,,,,OTHER,,,,,,,,,,,,,,,,,,,,,,,,,,,,,,,,,
2108674,05e0e2a4c44fb847a0a1e1a872935719603f3ef33c9d1a867ab51a677c83a82f990e8762835ce3718495f4160cd9ad0ae22a2229072549a21dfd7a782214662e,07/17/2025 05:56:00 AM,1,DRIVER,,2010232,Y,KENWORTH MOTOR TRUCK COMPANY,KENWORTH MOTOR TRUCK CO.,IL,2025,NONE,TRACTOR W/O SEMI-TRAILER,COMMERCIAL - SINGLE UNIT,N,TURNING LEFT,,,1,,,,,,,,,,,,,,,,,Y,REAR-LEFT-CORNER,"21,842",UNKNOWN,,,DRIVER,3,ANTHONY MARANO CO,IL,CHICAGO,,,,U,U,,U,,U,U,,,,,,,,,"SINGLE UNIT TRUCK, 2 AXLES, 6 TIRES",VAN/ENCLOSED BOX,UNKNOWN,N,N,
2108675,05e0e2a4c44fb847a0a1e1a872935719603f3ef33c9d1a867ab51a677c83a82f990e8762835ce3718495f4160cd9ad0ae22a2229072549a21dfd7a782214662e,07/17/2025 05:56:00 AM,2,DRIVER,,2010237,,ACURA,ZDX,IL,2012,NONE,PASSENGER,PERSONAL,N,TURNING LEFT,,,1,,,,,Y,Y,Y,Y,Y,,,,,,,,,FRONT-RIGHT-CORNER,,,,,,,,,,,,,,,,,,,,,,,,,,,,,,,,,
2108644,25ce2b5775db068ec58ddc240bb115c71df843442ffca4c1333e6c91290d8bd6cb0a1d438cfebcac6dd5a6b63ff899cf67f18e49a762e156e847ace6025898fc,07/17/2025 05:30:00 AM,1,DRIVER,,2010197,,UNKNOWN,OTHER (EXPLAIN IN NARRATIVE),XX,,UNKNOWN,UNKNOWN/NA,UNKNOWN/NA,UNKNOWN,UNKNOWN/NA,,,1,,,,,,,,,,,,,,,,,,UNKNOWN,,,,,,,,,,,,,,,,,,,,,,,,,,,,,,,,,
2108645,25ce2b5775db068ec58ddc240bb115c71df843442ffca4c1333e6c91290d8bd6cb0a1d438cfebcac6dd5a6b63ff899cf67f18e49a762e156e847ace6025898fc,07/17/2025 05:30:00 AM,2,PARKED,,2010202,,TOYOTA,COROLLA,IL,2025,NONE,PASSENGER,PERSONAL,S,PARKED,,,0,,,,,,,,,,,,,,,Y,Y,,FRONT-LEFT-CORNER,,,,,,,,,,,,,,,,,,,,,,,,,,,,,,,,,
2108347,aa495b68438932f18694368bef56ac58d7d68b3fae833e2afd48d7dc86f5f79c8b1063240b71bbe13517e9462417d8526bf5bfea962eb4724ae81cba29f56844,07/17/2025 04:30:00 AM,1,DRIVER,,2009926,,UNKNOWN,OTHER (EXPLAIN IN NARRATIVE),IL,,UNKNOWN,UNKNOWN/NA,UNKNOWN/NA,N,UNKNOWN/NA,,,1,,,,,,,,,,,,,,,,,,UNKNOWN,,,,,,,,,,,,,,,,,,,,,,,,,,,,,,,,,
2108348,aa495b68438932f18694368bef56ac58d7d68b3fae833e2afd48d7dc86f5f79c8b1063240b71bbe13517e9462417d8526bf5bfea962eb4724ae81cba29f56844,07/17/2025 04:30:00 AM,2,PEDESTRIAN,,,,,,,,,,,,,,,,,,,,,,,,,,,,,,,,,,,,,,,,,,,,,,,,,,,,,,,,,,,,,,,,,,
2108344,e5fbe8fd305e09c87607d757d05d2c61fe695952ad2b41ad7ee9df5f05c7328245ff20f8237668b688fb38fa21615fbba5a402286baed02eea8b0bd58d58d696,07/17/2025 04:15:00 AM,1,DRIVER,,2009923,,UNKNOWN,OTHER (EXPLAIN IN NARRATIVE),,,UNKNOWN,UNKNOWN/NA,UNKNOWN/NA,UNKNOWN,UNKNOWN/NA,,,1,,,,,,,,,,,,,,,,,Y,UNKNOWN,,,,,,,,,,,,,,,,,,,,,,,,,,,,,,,,,
2108345,e5fbe8fd305e09c87607d757d05d2c61fe695952ad2b41ad7ee9df5f05c7328245ff20f8237668b688fb38fa21615fbba5a402286baed02eea8b0bd58d58d696,07/17/2025 04:15:00 AM,2,PEDESTRIAN,,,,,,,,,,,,,,,,,,,,,,,,,,,,,,,,,,,,,,,,,,,,,,,,,,,,,,,,,,,,,,,,,,
2108340,4d5b5408d356390545b8dccecb900e903e8612dffc1e2a2909f3fb0a1b85972ffbd6b27d34ed4ccd22059965597140b55b3d45fbdda4bb5f1be9933045a31159,07/17/2025 02:36:00 AM,1,DRIVER,,2009918,,NISSAN,ALTIMA,IL,2017,UNKNOWN,PASSENGER,PERSONAL,E,TURNING RIGHT,Y,,1,,CPD,POUND #2,,Y,,,,,,,Y,Y,Y,Y,Y,,FRONT-LEFT-CORNER,,,,,,,,,,,,,,,,,,,,,,,,,,,,,,,,,
2108333,a08b29d02470de584d4caa2081edcd538574bab165d6cec5aa0fb9718616ebfa7b68e973018184e17fc051c0651c2ea846941c2270ee4879c9cddbbeff78af7d,07/17/2025 02:36:00 AM,1,PEDESTRIAN,,,,,,,,,,,,,,,,,,,,,,,,,,,,,,,,,,,,,,,,,,,,,,,,,,,,,,,,,,,,,,,,,,
2108334,a08b29d02470de584d4caa2081edcd538574bab165d6cec5aa0fb9718616ebfa7b68e973018184e17fc051c0651c2ea846941c2270ee4879c9cddbbeff78af7d,07/17/2025 02:36:00 AM,2,DRIVER,,2009916,,FORD,OTHER (EXPLAIN IN NARRATIVE),IL,2021,NONE,PICKUP,PERSONAL,S,STRAIGHT AHEAD,,,1,,,,Y,,,,,,,,,,,,,,FRONT,,,,,,,,,,,,,,,,,,,,,,,,,,,,,,,,,
2113876,049c9a5148d41cbaa61980b890a2a28e6e6205337109b2abbb81120a86dc8204d9d79fb345f8a5781e743a23d3989d75c752e79f8364f06c8431614eb90379a8,07/17/2025 02:34:00 AM,1,DRIVER,2,2015177,,NISSAN,ALTIMA,IL,2017,UNKNOWN,PASSENGER,PERSONAL,W,STRAIGHT AHEAD,N,,3,,,,,Y,,,,,,,,,,N,Y,,FRONT-RIGHT-CORNER,,,,,,,,,,,,,,,,,,,,,,,,,,,,,,,,,
2113878,049c9a5148d41cbaa61980b890a2a28e6e6205337109b2abbb81120a86dc8204d9d79fb345f8a5781e743a23d3989d75c752e79f8364f06c8431614eb90379a8,07/17/2025 02:34:00 AM,2,PARKED,1,2015183,,FORD,EXPLORER,IL,2021,NONE,OTHER,POLICE,W,PARKED,,,1,,,,,,,,,Y,Y,,,,,N,,,REAR-RIGHT-CORNER,,,,,,,,,,,,,,,,,,,,,,,,,,,,,,,,,
2108335,5d1e85ae4cd445fddccb79b1eb20dc9517b3adeebf1e9b0918d6b120712c23d51cc210b143a3e426375aa9d471f0dff60d88fcf63b43e4f479e1341cfd5adcc6,07/17/2025 02:29:00 AM,1,DRIVER,,2009917,,HYUNDAI,TUCSON,IL,2017,UNKNOWN,SPORT UTILITY VEHICLE (SUV),UNKNOWN/NA,S,STRAIGHT AHEAD,Y,,1,,CITY TOW,,,Y,Y,Y,Y,Y,Y,Y,Y,Y,Y,Y,Y,,FRONT,,,,,,,,,,,,,,,,,,,,,,,,,,,,,,,,,
2108336,5d1e85ae4cd445fddccb79b1eb20dc9517b3adeebf1e9b0918d6b120712c23d51cc210b143a3e426375aa9d471f0dff60d88fcf63b43e4f479e1341cfd5adcc6,07/17/2025 02:29:00 AM,2,DRIVER,1,2009921,,NISSAN,MURANO,IL,2012,UNKNOWN,SPORT UTILITY VEHICLE (SUV),UNKNOWN/NA,E,STRAIGHT AHEAD,N,,2,,,,,Y,Y,Y,,,,,,Y,Y,Y,Y,,SIDE-LEFT-FRONT,,,,,,,,,,,,,,,,,,,,,,,,,,,,,,,,,
2108343,d92c85f11ecea827b24a57fbd999f886fe00b49844dee2dc479217cd7b6acad81c5387e6729553a9de971bbdfb2106c38d7124132096808ab57d30e966559fd6,07/17/2025 01:57:00 AM,1,DRIVER,,2009922,,VOLKSWAGEN,OTHER (EXPLAIN IN NARRATIVE),IL,,UNKNOWN,SPORT UTILITY VEHICLE (SUV),PERSONAL,N,TURNING LEFT,,,1,,,,,Y,,,,,,,,,,Y,Y,,FRONT,,,,,,,,,,,,,,,,,,,,,,,,,,,,,,,,,
2108346,d92c85f11ecea827b24a57fbd999f886fe00b49844dee2dc479217cd7b6acad81c5387e6729553a9de971bbdfb2106c38d7124132096808ab57d30e966559fd6,07/17/2025 01:57:00 AM,2,PARKED,,2009924,,JEEP,COMPASS,IL,2017,NONE,PASSENGER,PERSONAL,N,PARKED,Y,,0,,PERSONAL,UNKNOWN,,Y,Y,Y,Y,Y,,,,,,,N,,REAR-RIGHT-CORNER,,,,,,,,,,,,,,,,,,,,,,,,,,,,,,,,,
2108325,4c6ac05c71b87ab35d4358c108a829d8f36124b79fac956893d6c9d963e08ecd21ae272f94e7bddf5483b7fc7cef167d8c4a4f4548d1509bba6a5584910a7125,07/17/2025 01:45:00 AM,1,DRIVER,,2009909,,CHEVROLET,SILVERADO,IL,2019,NONE,FARM EQUIPMENT,TOW TRUCK,S,TURNING RIGHT,,,1,,,,Y,,,,,,,,,,,,,,REAR-RIGHT-CORNER,,,,,,,,,,,,,,,,,,,,,,,,,,,,,,,,,
2108326,4c6ac05c71b87ab35d4358c108a829d8f36124b79fac956893d6c9d963e08ecd21ae272f94e7bddf5483b7fc7cef167d8c4a4f4548d1509bba6a5584910a7125,07/17/2025 01:45:00 AM,2,PARKED,,2009911,,TOYOTA,CAMRY,IL,2012,UNKNOWN,PASSENGER,UNKNOWN/NA,E,PARKED,,,0,,,,,,,,,,,,,,,Y,Y,,FRONT-LEFT-CORNER,,,,,,,,,,,,,,,,,,,,,,,,,,,,,,,,,
2108321,431dd24a6f8c1cb1621ed0e57e4118f6e5faf4f589f1314081b0448757d2c429718b33b44ca4a11c347f634863ee42247f043e81692b137b080214fe26ceb13c,07/17/2025 01:15:00 AM,1,DRIVER,,2009904,,BMW,OTHER (EXPLAIN IN NARRATIVE),IL,2021,UNKNOWN,SPORT UTILITY VEHICLE (SUV),UNKNOWN/NA,SE,STRAIGHT AHEAD,Y,,1,,private tow,,,Y,,,,,,,,,,Y,Y,,FRONT,,,,,,,,,,,,,,,,,,,,,,,,,,,,,,,,,
2108322,431dd24a6f8c1cb1621ed0e57e4118f6e5faf4f589f1314081b0448757d2c429718b33b44ca4a11c347f634863ee42247f043e81692b137b080214fe26ceb13c,07/17/2025 01:15:00 AM,2,DRIVER,,2009907,,MAZDA,CX-5,IL,2025,UNKNOWN,SPORT UTILITY VEHICLE (SUV),PERSONAL,N,STRAIGHT AHEAD,Y,,1,,private tow,,,,,,,,,,,,Y,Y,Y,,FRONT-LEFT-CORNER,,,,,,,,,,,,,,,,,,,,,,,,,,,,,,,,,
2108328,2c99ff8719b45988d4b2228d547e25dff73be8af83006461b806f5e7142f1ab2781451c528e11e6ee4bb45d1710b5ab5e6d3e465fb949faabe47b30b6a30a36a,07/17/2025 01:14:00 AM,1,DRIVER,,2009910,,KIA,SORENTO,IN,2014,UNKNOWN,PASSENGER,UNKNOWN/NA,E,STRAIGHT AHEAD,Y,,1,,CITY OF CHICAGO,POUND #2 DOTY RD,,Y,Y,,,,Y,Y,Y,Y,Y,Y,Y,,FRONT,,,,,,,,,,,,,,,,,,,,,,,,,,,,,,,,,
2111918,eca4f379259d18e2d92d143efd93ec9ab80fb92aeb2670bcd7ff781c11b654a393013131c33373bb303a944deb0f403b0d583d6d559d4cbdc42c8ca1b892f554,07/17/2025 01:03:00 AM,1,DRIVER,,2013312,,TOYOTA,CAMRY,IL,2016,UNKNOWN,PASSENGER,UNKNOWN/NA,N,STRAIGHT AHEAD,Y,Y,1,,CITY OF CHICAGO,333 E LOWER WACKER,,,,,,,,,,,,,N,,FRONT,,,,,,,,,,,,,,,,,,,,,,,,,,,,,,,,,
2111919,eca4f379259d18e2d92d143efd93ec9ab80fb92aeb2670bcd7ff781c11b654a393013131c33373bb303a944deb0f403b0d583d6d559d4cbdc42c8ca1b892f554,07/17/2025 01:03:00 AM,2,DRIVER,2,2013313,,TOYOTA,PRIUS,IL,2010,NONE,PASSENGER,PERSONAL,E,STRAIGHT AHEAD,Y,,3,,PRIVATE TOW,OWNERS RESIDENCE,,Y,Y,Y,Y,Y,,,,,,,,,SIDE-RIGHT,,,,,,,,,,,,,,,,,,,,,,,,,,,,,,,,,
2108323,200947e08b4bce6948b1d39b3488fdf2ca408e459f62162786662dca14460afe666909b93d4dee892132659f9377768ed2595fef6836c793933ede57bbb9c7cb,07/17/2025 12:46:00 AM,1,DRIVER,,2009905,,FORD,FUSION,IL,2020,NONE,PASSENGER,PERSONAL,E,STRAIGHT AHEAD,Y,,1,,DRIVER,PRIVATE TOW,,,,,,,,,,Y,Y,Y,Y,,FRONT-LEFT-CORNER,,,,,,,,,,,,,,,,,,,,,,,,,,,,,,,,,
2108324,200947e08b4bce6948b1d39b3488fdf2ca408e459f62162786662dca14460afe666909b93d4dee892132659f9377768ed2595fef6836c793933ede57bbb9c7cb,07/17/2025 12:46:00 AM,2,DRIVER,1,2009906,,NISSAN,ALTIMA,IL,2022,NONE,PASSENGER,PERSONAL,S,TURNING LEFT,Y,,2,,DRIVER,PRIVATE TOW,,Y,,,,,,,,,,Y,Y,,FRONT,,,,,,,,,,,,,,,,,,,,,,,,,,,,,,,,,
2108317,22e313081abcd5a621e9f939e2a806178302c4e4a820513c41f757a5782d5135ed1ca21a6c4948ea19e42533ffccb75ca3651a4625a67ebf7266173517a6b944,07/17/2025 12:34:00 AM,1,DRIVER,,2009900,,UNKNOWN,OTHER (EXPLAIN IN NARRATIVE),,,UNKNOWN,UNKNOWN/NA,UNKNOWN/NA,W,TURNING LEFT,,,1,,,,,,,,,,,,,,,,,,UNKNOWN,,,,,,,,,,,,,,,,,,,,,,,,,,,,,,,,,
2108318,22e313081abcd5a621e9f939e2a806178302c4e4a820513c41f757a5782d5135ed1ca21a6c4948ea19e42533ffccb75ca3651a4625a67ebf7266173517a6b944,07/17/2025 12:34:00 AM,2,DRIVER,1,2009902,,TOYOTA,HIGHLANDER,IL,2023,NONE,PASSENGER,PERSONAL,W,SLOW/STOP IN TRAFFIC,Y,,2,,OWNER,,,,,,,,,,,Y,Y,Y,,,FRONT-LEFT-CORNER,,,,,,,,,,,,,,,,,,,,,,,,,,,,,,,,,
2108940,6b9e50b7716616e778c26c21b9073e55e9d104da248079c83da4d92cb6f10feaa103311310470bc98c2201a05232388fe770e0df92c70b34893da530f89f6ad4,07/16/2025 11:33:00 PM,1,DRIVER,,2010487,,BMW,X5,IL,2014,UNKNOWN,PASSENGER,PERSONAL,N,TURNING RIGHT,,,1,,,,,,,,,,,Y,Y,Y,Y,Y,Y,,FRONT-LEFT-CORNER,,,,,,,,,,,,,,,,,,,,,,,,,,,,,,,,,
2108941,6b9e50b7716616e778c26c21b9073e55e9d104da248079c83da4d92cb6f10feaa103311310470bc98c2201a05232388fe770e0df92c70b34893da530f89f6ad4,07/16/2025 11:33:00 PM,2,DRIVER,,2010491,,UNKNOWN,MOTORIZED,,,UNKNOWN,TRACTOR W/ SEMI-TRAILER,UNKNOWN/NA,UNKNOWN,STRAIGHT AHEAD,,,1,,,,,,,,,,,,,,,,,Y,UNKNOWN,,,,,,,,,,,,,,,,,,,,,,,,,,,,,,,,,
2108313,015ec38051d4c05d28aa83ed3a8387d17a0f387d67fec39d88e910a93247251948e41074006a71932ee464b97209c604bd48628409f59c01b1b203c1d9c90095,07/16/2025 11:30:00 PM,2,DRIVER,1,2009891,,HONDA,ACCORD,IL,2017,UNKNOWN,PASSENGER,PERSONAL,W,STRAIGHT AHEAD,,,2,,,,,,,,,Y,,,,,,,,,REAR-RIGHT-CORNER,,,,,,,,,,,,,,,,,,,,,,,,,,,,,,,,,
2108314,015ec38051d4c05d28aa83ed3a8387d17a0f387d67fec39d88e910a93247251948e41074006a71932ee464b97209c604bd48628409f59c01b1b203c1d9c90095,07/16/2025 11:30:00 PM,1,DRIVER,,2009896,,NISSAN,ALTIMA,IL,2012,UNKNOWN,PASSENGER,PERSONAL,N,BACKING,,,1,,,,,,,,,Y,Y,Y,,,,,,,REAR,,,,,,,,,,,,,,,,,,,,,,,,,,,,,,,,,
2108329,a55d67e369c9c516ce78b28ca75285f29da41bc3a6e6b0c6d9a02144fb41531d752cb7f8232c06cbb2c4ff3b7b6e945e287bb05132c78fe7f34e976b34149309,07/16/2025 11:00:00 PM,1,DRIVER,,2009913,Y,GILL MANUFACTURING COMPANY,GILL MFG. CO.,IL,2005,NONE,BUS OVER 15 PASS.,TAXI/FOR HIRE,W,STRAIGHT AHEAD,,,1,,,,,N,Y,Y,Y,,,,,,,,,,SIDE-RIGHT-FRONT,"21,833",,,,,,ARIES CHARTER TRANSPORTATION,IL,CHICAGO,,,,N,N,,N,,N,N,,,,,,,,,BUS,BUS,OTHER,N,N,
2108330,a55d67e369c9c516ce78b28ca75285f29da41bc3a6e6b0c6d9a02144fb41531d752cb7f8232c06cbb2c4ff3b7b6e945e287bb05132c78fe7f34e976b34149309,07/16/2025 11:00:00 PM,2,PARKED,2,2009915,,HYUNDAI,ELANTRA,IL,,UNKNOWN,PASSENGER,PERSONAL,W,PARKED,,,2,,,,,,,,,,,,,Y,Y,,,,SIDE-LEFT,,,,,,,,,,,,,,,,,,,,,,,,,,,,,,,,,
2108309,b4d56525d50fe12c58dc2b6a05072a7108b83981dfd3153e62d6acfba19ffef628fa8e4da7adcd3b3f2dba1888ab32193b09ec71a80a0d752f638ecf4c53fe86,07/16/2025 10:50:00 PM,1,DRIVER,,2009895,,NISSAN,PATHFINDER,IL,2008,UNKNOWN,SPORT UTILITY VEHICLE (SUV),PERSONAL,E,BACKING,,,1,,,,,,,,,,,,,,,,,Y,REAR,,,,,,,,,,,,,,,,,,,,,,,,,,,,,,,,,
2108310,b4d56525d50fe12c58dc2b6a05072a7108b83981dfd3153e62d6acfba19ffef628fa8e4da7adcd3b3f2dba1888ab32193b09ec71a80a0d752f638ecf4c53fe86,07/16/2025 10:50:00 PM,2,PARKED,,2009901,,MITSUBISHI,LANCER,TX,2016,NONE,PASSENGER,PERSONAL,E,PARKED,,,0,,,,,Y,,,,,,,,,,Y,Y,,FRONT,,,,,,,,,,,,,,,,,,,,,,,,,,,,,,,,,
2108311,0c998275b51c888c44398ef2196c970763a850ab0f3ddcd90523c9f3bcb779e6f84a2cbb28539f8677dfce5fae65a98880e79c183553d6ec9c45717a16b8741e,07/16/2025 10:40:00 PM,1,DRIVER,,2009893,,NISSAN,ROGUE,FL,,UNKNOWN,SPORT UTILITY VEHICLE (SUV),UNKNOWN/NA,S,TURNING RIGHT,,,1,,,,,Y,Y,Y,Y,,,,,,,,,,SIDE-RIGHT,,,,,,,,,,,,,,,,,,,,,,,,,,,,,,,,,
2108312,0c998275b51c888c44398ef2196c970763a850ab0f3ddcd90523c9f3bcb779e6f84a2cbb28539f8677dfce5fae65a98880e79c183553d6ec9c45717a16b8741e,07/16/2025 10:40:00 PM,2,DRIVER,,2009898,,SUBARU,WRX,IL,2024,NONE,PASSENGER,PERSONAL,S,TURNING RIGHT,,,1,,,,,,,,,,,,Y,Y,Y,Y,,,SIDE-LEFT,,,,,,,,,,,,,,,,,,,,,,,,,,,,,,,,,
2108307,30e058d27fdca895da0fa2fb5311e44fe7da77e50a8ace58ef7c6479efce89e859a5b7964f6edcfea711fd3d0034071f67527f0685dc4a7bae28cbd40e51d4e7,07/16/2025 10:33:00 PM,1,DRIVER,1,2009889,,FORD,ESCAPE,IL,2020,UNKNOWN,PASSENGER,PERSONAL,N,STRAIGHT AHEAD,Y,,2,,PRIVATE,UNKNOWN LOCATION,,Y,Y,Y,Y,,,,,,,N,Y,,FRONT-RIGHT-CORNER,,,,,,,,,,,,,,,,,,,,,,,,,,,,,,,,,
2108308,30e058d27fdca895da0fa2fb5311e44fe7da77e50a8ace58ef7c6479efce89e859a5b7964f6edcfea711fd3d0034071f67527f0685dc4a7bae28cbd40e51d4e7,07/16/2025 10:33:00 PM,2,PARKED,,2009890,,PORSCHE,PANAMERA,IL,2011,UNKNOWN,PASSENGER,UNKNOWN/NA,N,PARKED,,,0,,,,,N,N,,,,,Y,Y,Y,Y,,,,REAR-LEFT-CORNER,,,,,,,,,,,,,,,,,,,,,,,,,,,,,,,,,
2108301,e9ed557fe922521538c8ea1ec64039495069bf9ea3c0f3b3d973145e5c021c9b25939f23ad8c007d0fb234c2e8d9a44963221d89f76e6f5ca4038a1916fd8177,07/16/2025 10:30:00 PM,1,DRIVER,,2009885,,UNKNOWN,OTHER (EXPLAIN IN NARRATIVE),,,UNKNOWN,PASSENGER,UNKNOWN/NA,E,STRAIGHT AHEAD,,,1,,,,,,,,,,,,,,,,Y,Y,FRONT,,,,,,,,,,,,,,,,,,,,,,,,,,,,,,,,,
2108302,e9ed557fe922521538c8ea1ec64039495069bf9ea3c0f3b3d973145e5c021c9b25939f23ad8c007d0fb234c2e8d9a44963221d89f76e6f5ca4038a1916fd8177,07/16/2025 10:30:00 PM,2,DRIVER,,2009886,,HONDA,ACCORD,IL,2024,OTHER,PASSENGER,PERSONAL,S,STRAIGHT AHEAD,Y,,1,,UNIVERSITY TOWING,,,Y,,,,Y,Y,,,,,,,,FRONT-RIGHT-CORNER,,,,,,,,,,,,,,,,,,,,,,,,,,,,,,,,,
2108305,0c9b184d7f57277c8e1c1707296f42e52cc2620b9c2e6631b046bb3bcc69c03010c6019a32d3c0e1780144aebdf67d424a11c1ee522a01069229ec21bbb1679b,07/16/2025 10:10:00 PM,1,DRIVER,,2009892,,JEEP,GRAND CHEROKEE,IL,2023,NONE,SPORT UTILITY VEHICLE (SUV),PERSONAL,N,SKIDDING/CONTROL LOSS,Y,,1,,ENR TOWING,POUND 2,,Y,Y,,,,,,,,,,Y,,FRONT-RIGHT-CORNER,,,,,,,,,,,,,,,,,,,,,,,,,,,,,,,,,
2108306,0c9b184d7f57277c8e1c1707296f42e52cc2620b9c2e6631b046bb3bcc69c03010c6019a32d3c0e1780144aebdf67d424a11c1ee522a01069229ec21bbb1679b,07/16/2025 10:10:00 PM,2,PARKED,,2009897,,FORD,FUSION,IL,2010,NONE,PASSENGER,NOT IN USE,N,PARKED,,,0,,,,,,,,,,,,,Y,Y,Y,,,SIDE-LEFT-FRONT,,,,,,,,,,,,,,,,,,,,,,,,,,,,,,,,,
2111935,521e6ec02208f0329c058fdb26fe996681bf95ffe96a6769cb6bbb420342c7093c2b5ba8ee2dde8292656cf1ef1b5f1f47c98abf96d989783cb8e21f058086bc,07/16/2025 10:01:00 PM,1,DRIVER,2,2013328,,UNKNOWN,OTHER (EXPLAIN IN NARRATIVE),IL,,UNKNOWN,TRUCK - SINGLE UNIT,UNKNOWN/NA,E,BACKING,,,3,,,,Y,,,,,,,,,,,,,,REAR,,,,,,,,,,,,,,,,,,,,,,,,,,,,,,,,,
2111936,521e6ec02208f0329c058fdb26fe996681bf95ffe96a6769cb6bbb420342c7093c2b5ba8ee2dde8292656cf1ef1b5f1f47c98abf96d989783cb8e21f058086bc,07/16/2025 10:01:00 PM,2,DRIVER,2,2013334,,FORD,ESCAPE,IL,,NONE,SPORT UTILITY VEHICLE (SUV),PERSONAL,W,SLOW/STOP IN TRAFFIC,,,3,,,,,,,,,,,,,,,,Y,,FRONT,,,,,,,,,,,,,,,,,,,,,,,,,,,,,,,,,
2108315,f8be0a1608dbf613d9c2566728bdb481e77fcd9f9d3336b5242ece1bacbda8a1e180013951784782892baa8df19198dce55f148b251a36df5bbec8f1277b9517,07/16/2025 10:00:00 PM,1,DRIVER,,2009894,Y,NEW FLYER,OTHER (EXPLAIN IN NARRATIVE),IL,2006,UNKNOWN,BUS OVER 15 PASS.,CTA,W,OTHER,,,1,,,,,Y,Y,,,,,,,,,,,Y,FRONT-RIGHT-CORNER,"21,832",,,,SIDE OF TRUCK,,CHICAGO TRANSIT AUTHORITY,IL,CHICAGO,,,,N,N,,N,,N,N,UNKNOWN,,,,,,40,,BUS,BUS,OTHER,N,N,
2108316,f8be0a1608dbf613d9c2566728bdb481e77fcd9f9d3336b5242ece1bacbda8a1e180013951784782892baa8df19198dce55f148b251a36df5bbec8f1277b9517,07/16/2025 10:00:00 PM,2,DRIVER,,2009899,,VOLKSWAGEN,PASSAT,IL,2004,NONE,PASSENGER,PERSONAL,W,STRAIGHT AHEAD,Y,,1,,PRIVATE TOW,,,Y,Y,Y,Y,,,,,,Y,Y,Y,,FRONT-LEFT-CORNER,,,,,,,,,,,,,,,,,,,,,,,,,,,,,,,,,
2108279,1536954cb0764b4811379af4d12514bd0ce1567bbd6e9f0aed91e2ff23fdfbcd5839a775a9ca7363fcffa1ff4c1d42b328de3d56dc495e470e9d5e644ab2ae92,07/16/2025 09:51:00 PM,1,DRIVER,,2009862,,JEEP,COMPASS,,2020,NONE,SPORT UTILITY VEHICLE (SUV),PERSONAL,W,TURNING LEFT,,,1,,,,,Y,Y,Y,,,,,,,,,Y,,FRONT-RIGHT-CORNER,,,,,,,,,,,,,,,,,,,,,,,,,,,,,,,,,
2108280,1536954cb0764b4811379af4d12514bd0ce1567bbd6e9f0aed91e2ff23fdfbcd5839a775a9ca7363fcffa1ff4c1d42b328de3d56dc495e470e9d5e644ab2ae92,07/16/2025 09:51:00 PM,2,DRIVER,1,2009865,,MERCEDES-BENZ,300 SERIES,IL,2020,NONE,SPORT UTILITY VEHICLE (SUV),PERSONAL,W,STRAIGHT AHEAD,Y,,2,,in-route towing,5701 ogden cicero il,,N,N,,N,Y,Y,Y,Y,Y,Y,Y,,,SIDE-RIGHT,,,,,,,,,,,,,,,,,,,,,,,,,,,,,,,,,