CRASH_UNIT_ID,CRASH_RECORD_ID,CRASH_DATE,UNIT_NO,UNIT_TYPE,NUM_PASSENGERS,VEHICLE_ID,CMRC_VEH_I,MAKE,MODEL,LIC_PLATE_STATE,VEHICLE_YEAR,VEHICLE_DEFECT,VEHICLE_TYPE,VEHICLE_USE,TRAVEL_DIRECTION,MANEUVER,TOWED_I,FIRE_I,OCCUPANT_CNT,EXCEED_SPEED_LIMIT_I,TOWED_BY,TOWED_TO,AREA_00_I,AREA_01_I,AREA_02_I,AREA_03_I,AREA_04_I,AREA_05_I,AREA_06_I,AREA_07_I,AREA_08_I,AREA_09_I,AREA_10_I,AREA_11_I,AREA_12_I,AREA_99_I,FIRST_CONTACT_POINT,CMV_ID,USDOT_NO,CCMC_NO,ILCC_NO,COMMERCIAL_SRC,GVWR,CARRIER_NAME,CARRIER_STATE,CARRIER_CITY,HAZMAT_PLACARDS_I,HAZMAT_NAME,UN_NO,HAZMAT_PRESENT_I,HAZMAT_REPORT_I,HAZMAT_REPORT_NO,MCS_REPORT_I,MCS_REPORT_NO,HAZMAT_VIO_CAUSE_CRASH_I,MCS_VIO_CAUSE_CRASH_I,IDOT_PERMIT_NO,WIDE_LOAD_I,TRAILER1_WIDTH,TRAILER2_WIDTH,TRAILER1_LENGTH,TRAILER2_LENGTH,TOTAL_VEHICLE_LENGTH,AXLE_CNT,VEHICLE_CONFIG,CARGO_BODY_TYPE,LOAD_TYPE,HAZMAT_OUT_OF_SERVICE_I,MCS_OUT_OF_SERVICE_I,HAZMAT_CLASS
2108281,1536954cb0764b4811379af4d12514bd0ce1567bbd6e9f0aed91e2ff23fdfbcd5839a775a9ca7363fcffa1ff4c1d42b328de3d56dc495e470e9d5e644ab2ae92,07/16/2025 09:51:00 PM,3,DRIVER,1,2009867,N,FORD,F550,IL,2021,NONE,TRUCK - SINGLE UNIT,TOW TRUCK,E,TURNING LEFT,,,2,,,,,,,,,,,Y,Y,Y,,,,,SIDE-LEFT-REAR,,,,,,,,,,,,,,,,,,,,,,,,,,,,,,,,,
2108291,8c7695768ddbc8bf549455f0bf5215b5e4d925c114fee16dda5818f349ae4e43cd7dda1cb52704bead5baff8d87df427c14702e193dbad12afb55bdfcf79450e,07/16/2025 09:45:00 PM,1,DRIVER,,2009876,,TOYOTA,CAMRY,IL,2025,NONE,PASSENGER,PERSONAL,N,STRAIGHT AHEAD,,,1,,,,,,,,,,,,Y,Y,Y,Y,,,FRONT-LEFT-CORNER,,,,,,,,,,,,,,,,,,,,,,,,,,,,,,,,,
2108292,8c7695768ddbc8bf549455f0bf5215b5e4d925c114fee16dda5818f349ae4e43cd7dda1cb52704bead5baff8d87df427c14702e193dbad12afb55bdfcf79450e,07/16/2025 09:45:00 PM,2,DRIVER,,2009880,,TOYOTA,HIGHLANDER,IL,2017,NONE,SPORT UTILITY VEHICLE (SUV),PERSONAL,N,STRAIGHT AHEAD,,,1,,,,,Y,Y,Y,Y,,,,,,,,,,SIDE-RIGHT,,,,,,,,,,,,,,,,,,,,,,,,,,,,,,,,,
2108293,ff94fad103d03bd4920ac86c54ce562d0b75a885e05dc3ee1f81d83e0175b2a9722421c66a1854e17c39552bd48e5b8df1a7d4e8a6ce33dec3ca8b06e878438e,07/16/2025 09:41:00 PM,1,DRIVER,,2009875,,NISSAN,ROGUE,IL,2011,UNKNOWN,PASSENGER,PERSONAL,W,TURNING LEFT,Y,,1,,,,,,,,,,,,,,,N,Y,N,FRONT,,,,,,,,,,,,,,,,,,,,,,,,,,,,,,,,,
2108294,ff94fad103d03bd4920ac86c54ce562d0b75a885e05dc3ee1f81d83e0175b2a9722421c66a1854e17c39552bd48e5b8df1a7d4e8a6ce33dec3ca8b06e878438e,07/16/2025 09:41:00 PM,2,DRIVER,,2009878,,HONDA,OTHER (EXPLAIN IN NARRATIVE),IL,1986,UNKNOWN,MOPED OR MOTORIZED BICYCLE,PERSONAL,W,STRAIGHT AHEAD,,,1,,,,,,,,,,,,,,,,,,FRONT,,,,,,,,,,,,,,,,,,,,,,,,,,,,,,,,,
2108486,04c25a8f929887db72cf31202f6b805989335ee5bce53644d84b0720d659e640887427072c8eb6dbf5dbd5cf38b9067bab000fccad0756dc0d4b0102a9f424f3,07/16/2025 09:40:00 PM,1,DRIVER,,2010056,,UNKNOWN,OTHER (EXPLAIN IN NARRATIVE),,,UNKNOWN,UNKNOWN/NA,UNKNOWN/NA,UNKNOWN,UNKNOWN/NA,,,1,,,,,,,,,,,,,,,,Y,,FRONT,,,,,,,,,,,,,,,,,,,,,,,,,,,,,,,,,
2108487,04c25a8f929887db72cf31202f6b805989335ee5bce53644d84b0720d659e640887427072c8eb6dbf5dbd5cf38b9067bab000fccad0756dc0d4b0102a9f424f3,07/16/2025 09:40:00 PM,2,DRIVER,,2010066,,CHEVROLET,IMPALA,IL,2008,NONE,PASSENGER,PERSONAL,N,STRAIGHT AHEAD,,,1,,,,,,,,Y,Y,,,,,,,,,SIDE-RIGHT-REAR,,,,,,,,,,,,,,,,,,,,,,,,,,,,,,,,,
2108277,7bcbdf14ba2d89f41fb3ab7afbfeb5c38149ce54160b4ebbe8bc74d74ab569f3905a472ae2e2a9a7d60df5dded759d5f48c092e6e6193386dd0f41b9adba40d1,07/16/2025 09:15:00 PM,1,DRIVER,,2009861,,UNKNOWN,OTHER (EXPLAIN IN NARRATIVE),IL,,UNKNOWN,UNKNOWN/NA,UNKNOWN/NA,N,UNKNOWN/NA,,,1,,,,,,,,,,,,,,,,,,UNKNOWN,,,,,,,,,,,,,,,,,,,,,,,,,,,,,,,,,
2108278,7bcbdf14ba2d89f41fb3ab7afbfeb5c38149ce54160b4ebbe8bc74d74ab569f3905a472ae2e2a9a7d60df5dded759d5f48c092e6e6193386dd0f41b9adba40d1,07/16/2025 09:15:00 PM,2,PARKED,,2009863,,TOYOTA,RAV4,IL,2017,UNKNOWN,PASSENGER,UNKNOWN/NA,N,PARKED,,,0,,,,,Y,Y,Y,Y,,,,,,,,,,SIDE-RIGHT,,,,,,,,,,,,,,,,,,,,,,,,,,,,,,,,,
2108622,d9d1202ba4d1a65e17b66889d28112398dbcfac37fe1089069ff571c8f88062e7eb7382fea8c8e5a8b34897963882354f55aca6dca8e91b75d1560410aeec342,07/16/2025 09:03:00 PM,1,DRIVER,,2010179,,NISSAN,ALTIMA,IL,2019,UNKNOWN,PASSENGER,PERSONAL,SW,STRAIGHT AHEAD,,,1,,,,,Y,,,,,,,,,,Y,Y,,FRONT,,,,,,,,,,,,,,,,,,,,,,,,,,,,,,,,,
2108623,d9d1202ba4d1a65e17b66889d28112398dbcfac37fe1089069ff571c8f88062e7eb7382fea8c8e5a8b34897963882354f55aca6dca8e91b75d1560410aeec342,07/16/2025 09:03:00 PM,2,DRIVER,,2010186,,BUICK,REGAL,IL,2012,UNKNOWN,PASSENGER,PERSONAL,SW,CHANGING LANES,,,1,,,,,Y,,,Y,Y,Y,Y,Y,,,Y,Y,,SIDE-RIGHT-REAR,,,,,,,,,,,,,,,,,,,,,,,,,,,,,,,,,
2109524,b8a431eeaf64450a1ae480a660a68150ee39392f901b3ef6c9f438576b9b7ce9fa708bc513dc795995e1ffa71e3ca17283194a83c0f3c10769cbdcfb840772dd,07/16/2025 09:00:00 PM,1,DRIVER,,2011045,,CHEVROLET,MALIBU,IL,2021,UNKNOWN,PASSENGER,PERSONAL,S,OTHER,Y,,1,,FAITH TOWING,14152 IRVING AVE,,Y,Y,,,,,,,,Y,Y,Y,,FRONT,,,,,,,,,,,,,,,,,,,,,,,,,,,,,,,,,
2109525,b8a431eeaf64450a1ae480a660a68150ee39392f901b3ef6c9f438576b9b7ce9fa708bc513dc795995e1ffa71e3ca17283194a83c0f3c10769cbdcfb840772dd,07/16/2025 09:00:00 PM,2,PARKED,,2011046,,GENERAL MOTORS CORPORATION (GMC),YUKON,,,UNKNOWN,UNKNOWN/NA,UNKNOWN/NA,S,PARKED,,,0,,,,,,,,,Y,Y,Y,,,,,,,REAR,,,,,,,,,,,,,,,,,,,,,,,,,,,,,,,,,
2109526,b8a431eeaf64450a1ae480a660a68150ee39392f901b3ef6c9f438576b9b7ce9fa708bc513dc795995e1ffa71e3ca17283194a83c0f3c10769cbdcfb840772dd,07/16/2025 09:00:00 PM,3,PARKED,,2011048,,DODGE,POWER RAM,,,UNKNOWN,UNKNOWN/NA,UNKNOWN/NA,S,PARKED,,,0,,,,,,,,,Y,Y,Y,,,,,,,REAR,,,,,,,,,,,,,,,,,,,,,,,,,,,,,,,,,
2108282,8b333cd21e073c3719a38cdfc1d9d59ea277b3abcc0a9422444d1a05b50c308b1b804bd8ade87d486db8782729ba08f2c6b061858994b35e51759019fc5e768b,07/16/2025 08:56:00 PM,1,DRIVER,,2009864,,CHEVROLET,TRAVERSE,IL,2011,UNKNOWN,PASSENGER,PERSONAL,W,STRAIGHT AHEAD,Y,,1,,CITY TOW,,,Y,N,,,,,,,,N,Y,Y,,FRONT,,,,,,,,,,,,,,,,,,,,,,,,,,,,,,,,,
2108283,8b333cd21e073c3719a38cdfc1d9d59ea277b3abcc0a9422444d1a05b50c308b1b804bd8ade87d486db8782729ba08f2c6b061858994b35e51759019fc5e768b,07/16/2025 08:56:00 PM,2,DRIVER,,2009866,,VOLKSWAGEN,OTHER (EXPLAIN IN NARRATIVE),IL,2023,UNKNOWN,PASSENGER,PERSONAL,S,STRAIGHT AHEAD,Y,,1,,PRIVATE TOW,,,Y,Y,Y,Y,Y,,Y,Y,Y,Y,Y,,,SIDE-LEFT,,,,,,,,,,,,,,,,,,,,,,,,,,,,,,,,,
2108284,8b333cd21e073c3719a38cdfc1d9d59ea277b3abcc0a9422444d1a05b50c308b1b804bd8ade87d486db8782729ba08f2c6b061858994b35e51759019fc5e768b,07/16/2025 08:56:00 PM,3,DRIVER,,2009873,,NISSAN,ROGUE,IL,2019,UNKNOWN,PASSENGER,PERSONAL,E,SLOW/STOP IN TRAFFIC,,,1,,,,,Y,,,,,,,,,,Y,Y,,FRONT,,,,,,,,,,,,,,,,,,,,,,,,,,,,,,,,,
2108902,52ad6ad244805f8c654f45bc0bfe2aeded202940db07dd832f1a69f10e03c7e724f66909070cd4b5346239dadc24d6412f613cd564c78d35b8ce90f7593d550a,07/16/2025 08:45:00 PM,1,DRIVER,,2010451,N,FORD,EDGE,IL,2018,UNKNOWN,PASSENGER,UNKNOWN/NA,S,STRAIGHT AHEAD,Y,,1,,PRIVATE TOW,UNKNOWN LOCATION,,Y,,,,,,,,,,Y,Y,,FRONT-LEFT-CORNER,,,,,,,,,,,,,,,,,,,,,,,,,,,,,,,,,
2108903,52ad6ad244805f8c654f45bc0bfe2aeded202940db07dd832f1a69f10e03c7e724f66909070cd4b5346239dadc24d6412f613cd564c78d35b8ce90f7593d550a,07/16/2025 08:45:00 PM,2,DRIVER,,2010460,,JAGUAR,XF,IL,2015,UNKNOWN,PASSENGER,PERSONAL,W,STRAIGHT AHEAD,Y,,1,,PRIVATE TOW,UNKNOWN LOCATION,,Y,Y,Y,,,,,,,,,,,FRONT-RIGHT-CORNER,,,,,,,,,,,,,,,,,,,,,,,,,,,,,,,,,
2116303,cc84259aec128f72f43faa22cc6a3cc53c9e047360d9d9c616ceb755e2b5c0714d113165bdd7033e4396ca21f2d551039a501bc1c774304b53b654cdb174e73a,07/16/2025 08:25:00 PM,1,DRIVER,,2017482,,HONDA,OTHER (EXPLAIN IN NARRATIVE),IL,,UNKNOWN,PASSENGER,UNKNOWN/NA,N,STRAIGHT AHEAD,,,1,,,,,Y,,,,,,,,,,N,Y,,FRONT,,,,,,,,,,,,,,,,,,,,,,,,,,,,,,,,,
2116304,cc84259aec128f72f43faa22cc6a3cc53c9e047360d9d9c616ceb755e2b5c0714d113165bdd7033e4396ca21f2d551039a501bc1c774304b53b654cdb174e73a,07/16/2025 08:25:00 PM,2,DRIVER,,2017508,,TOYOTA,COROLLA,CO,2014,NONE,PASSENGER,UNKNOWN/NA,W,STRAIGHT AHEAD,,,1,,,,,Y,,,,,,,,,,Y,Y,,FRONT,,,,,,,,,,,,,,,,,,,,,,,,,,,,,,,,,
2108264,e3aae751ab77be725a38845bb386287ecabac222c18fe7a8d01d8e699828d5bc0de089205766c841289a957c4dd6103fb5f84d98c7e8d1ca993e2d612987bd52,07/16/2025 08:07:00 PM,1,DRIVER,,2009856,,NOVA BUS,OTHER (EXPLAIN IN NARRATIVE),IL,2000,UNKNOWN,BUS OVER 15 PASS.,CTA,E,TURNING LEFT,Y,,1,,BY CTA,UNKNOWN,Y,,,,,,,,,,,,,,NONE,,,,,,,,,,,,,,,,,,,,,,,,,,,,,,,,,
2108265,e3aae751ab77be725a38845bb386287ecabac222c18fe7a8d01d8e699828d5bc0de089205766c841289a957c4dd6103fb5f84d98c7e8d1ca993e2d612987bd52,07/16/2025 08:07:00 PM,2,PEDESTRIAN,,,,,,,,,,,,,,,,,,,,,,,,,,,,,,,,,,,,,,,,,,,,,,,,,,,,,,,,,,,,,,,,,,
2108275,93df3ae49d41fab516d2e345a490c8a84511fb222c06d286e16a6e75fda5689e011736211c0583e6df4d41e431765c8ffd5a5f884b731f2f3763e52e414a6fab,07/16/2025 08:04:00 PM,1,DRIVER,,2009858,,NISSAN,ROGUE,IN,2015,NONE,PASSENGER,PERSONAL,E,STRAIGHT AHEAD,,,1,,,,,,,,,,,Y,Y,,,,,,REAR-LEFT-CORNER,,,,,,,,,,,,,,,,,,,,,,,,,,,,,,,,,
2108276,93df3ae49d41fab516d2e345a490c8a84511fb222c06d286e16a6e75fda5689e011736211c0583e6df4d41e431765c8ffd5a5f884b731f2f3763e52e414a6fab,07/16/2025 08:04:00 PM,2,DRIVER,,2009860,,HYUNDAI,ELANTRA,IL,2015,NONE,PASSENGER,PERSONAL,S,STRAIGHT AHEAD,,,1,,,,,Y,,,,,,,,,,Y,Y,,FRONT,,,,,,,,,,,,,,,,,,,,,,,,,,,,,,,,,
2108267,29cdd4f90d35fe7be7643ff9b0019acea37ad5db1ff126fe4a0d2053e94c114642cdb367b7ecbb8ad470213adbdac525f3794ec9620139df0a5c7c93df057933,07/16/2025 08:00:00 PM,1,DRIVER,,2009850,,TOYOTA,PRIUS,IL,2010,NONE,PASSENGER,PERSONAL,S,STRAIGHT AHEAD,,,1,,,,,,,,,,,,,,,N,Y,,FRONT,,,,,,,,,,,,,,,,,,,,,,,,,,,,,,,,,
2108268,29cdd4f90d35fe7be7643ff9b0019acea37ad5db1ff126fe4a0d2053e94c114642cdb367b7ecbb8ad470213adbdac525f3794ec9620139df0a5c7c93df057933,07/16/2025 08:00:00 PM,2,DRIVER,,2009852,,CHEVROLET,EQUINOX,IL,2017,NONE,PASSENGER,PERSONAL,E,STRAIGHT AHEAD,,,1,,,,,,,,,,,,Y,Y,Y,Y,,,FRONT-LEFT-CORNER,,,,,,,,,,,,,,,,,,,,,,,,,,,,,,,,,
2108381,36d94cf9fa7d74c40d6e521a2f2f221102d299a7759fb223c28fd39f494880e1bfe99b6b297666c9dc9bb764b83928eeaf0cb23ac332df01ef8b99970905c276,07/16/2025 08:00:00 PM,1,DRIVER,,2009958,,FORD,FUSION,IL,2011,UNKNOWN,PASSENGER,UNKNOWN/NA,E,STRAIGHT AHEAD,,,1,,,,,Y,,,,,,,,,,,,,FRONT-RIGHT-CORNER,,,,,,,,,,,,,,,,,,,,,,,,,,,,,,,,,
2108382,36d94cf9fa7d74c40d6e521a2f2f221102d299a7759fb223c28fd39f494880e1bfe99b6b297666c9dc9bb764b83928eeaf0cb23ac332df01ef8b99970905c276,07/16/2025 08:00:00 PM,2,PARKED,,2009960,,CHEVROLET,EQUINOX,IL,2021,UNKNOWN,SPORT UTILITY VEHICLE (SUV),NOT IN USE,E,PARKED,,,0,,,,,,,,,,,Y,,,,,,,REAR-LEFT-CORNER,,,,,,,,,,,,,,,,,,,,,,,,,,,,,,,,,
2108269,52ffc9638cd9ca0012863dd4fe970318a01852d50181eeb13bf1a0944bbb455de9a73407d84112ecb0f818bc8685c777009f20e6a6976272103462a5726f4de6,07/16/2025 08:00:00 PM,1,DRIVER,,2009853,,JEEP,GRAND CHEROKEE,IL,2013,UNKNOWN,SPORT UTILITY VEHICLE (SUV),PERSONAL,E,TURNING LEFT,Y,,1,,OWNER,OWNER,,,,,,,,,,,Y,Y,,,FRONT-LEFT-CORNER,,,,,,,,,,,,,,,,,,,,,,,,,,,,,,,,,
2108303,93fe08cb5c2ea3751beda8b03b1b94cf9c66357f2220127b664ff72eea20eaf419509aef744f6a03313d8ebc2c2ac02fc7c7a3bd6fc59a79385b8e45d5684ac8,07/16/2025 08:00:00 PM,1,DRIVER,,2009887,,UNKNOWN,OTHER (EXPLAIN IN NARRATIVE),,,NONE,OTHER,UNKNOWN/NA,N,STRAIGHT AHEAD,,,1,,,,,Y,Y,,,,,,,,,,,Y,FRONT-RIGHT-CORNER,,,,,,,,,,,,,,,,,,,,,,,,,,,,,,,,,
2108304,93fe08cb5c2ea3751beda8b03b1b94cf9c66357f2220127b664ff72eea20eaf419509aef744f6a03313d8ebc2c2ac02fc7c7a3bd6fc59a79385b8e45d5684ac8,07/16/2025 08:00:00 PM,2,PARKED,,2009888,,SUBARU,IMPREZA,IL,2022,UNKNOWN,PASSENGER,NOT IN USE,W,PARKED,Y,,0,,PRIVATE,,,Y,,,,,,,,,Y,Y,Y,,FRONT-LEFT-CORNER,,,,,,,,,,,,,,,,,,,,,,,,,,,,,,,,,
2108270,a50f6426451ff84deee069d71ae890bfa06be93be96c99c0efdbe32a709ef1063de3084ebb125d06a42faefab63a91b715f31196f919431674538781ea06a9c0,07/16/2025 08:00:00 PM,1,DRIVER,,2009857,,SUBARU,FORESTER,IL,2016,NONE,SPORT UTILITY VEHICLE (SUV),PERSONAL,S,BACKING,,,1,,,,,,,,,Y,Y,Y,,,,,,Y,REAR,,,,,,,,,,,,,,,,,,,,,,,,,,,,,,,,,
2108271,a50f6426451ff84deee069d71ae890bfa06be93be96c99c0efdbe32a709ef1063de3084ebb125d06a42faefab63a91b715f31196f919431674538781ea06a9c0,07/16/2025 08:00:00 PM,2,PARKED,,2009855,,VOLKSWAGEN,PASSAT,IL,2007,NONE,PASSENGER,PERSONAL,N,PARKED,,,0,,,,,,,,,,Y,Y,Y,,,,,,REAR-LEFT-CORNER,,,,,,,,,,,,,,,,,,,,,,,,,,,,,,,,,
2108266,09f6710a7eb1a819f5ab731b731a13a365a07667453e514800c78801da8d445e43fece92b29d182d5572807c9f44805abf018cdd878f0ddb32db43f3cff49f00,07/16/2025 07:49:00 PM,1,DRIVER,,2009851,,JEEP,CHEROKEE,IL,2017,NONE,PASSENGER,UNKNOWN/NA,S,STRAIGHT AHEAD,,,1,,,,,Y,Y,,,,,,,,,,Y,,FRONT,,,,,,,,,,,,,,,,,,,,,,,,,,,,,,,,,
2108274,09f6710a7eb1a819f5ab731b731a13a365a07667453e514800c78801da8d445e43fece92b29d182d5572807c9f44805abf018cdd878f0ddb32db43f3cff49f00,07/16/2025 07:49:00 PM,2,NON-MOTOR VEHICLE,,,,,,,,,,,,,,,,,,,,,,,,,,,,,,,,,,,,,,,,,,,,,,,,,,,,,,,,,,,,,,,,,,
2108262,7c924bc148afba2a04012b71cafc751da2492ba7d808479ee26224ab700578cf9ce72e26d6e9d51ab6ff73cc30f1592a9137ef9926ab47e46e35f3a92143969c,07/16/2025 07:35:00 PM,1,DRIVER,1,2009848,,CHEVROLET,MALIBU,IL,2017,UNKNOWN,PASSENGER,PERSONAL,N,STRAIGHT AHEAD,Y,,2,,PRIVATE,UNKNOWN,,Y,,,,,,,,,,Y,Y,,FRONT,,,,,,,,,,,,,,,,,,,,,,,,,,,,,,,,,
2108263,7c924bc148afba2a04012b71cafc751da2492ba7d808479ee26224ab700578cf9ce72e26d6e9d51ab6ff73cc30f1592a9137ef9926ab47e46e35f3a92143969c,07/16/2025 07:35:00 PM,2,DRIVER,,2009849,,HYUNDAI,SANTA FE,IL,2007,UNKNOWN,PASSENGER,PERSONAL,E,STRAIGHT AHEAD,,,1,,,,,,Y,Y,Y,,,,,,,,,,SIDE-RIGHT,,,,,,,,,,,,,,,,,,,,,,,,,,,,,,,,,
2108241,b479d98bab54b11d17a156d0291ff44902bfcc0ee7cef51aec3cb08d45cfc3c4fec2a47be3f92d0b713b90766b2e3e88689a1912286c6b02ceff65a74bbeeb01,07/16/2025 07:20:00 PM,1,DRIVER,,2009824,,UNKNOWN,OTHER (EXPLAIN IN NARRATIVE),IL,,UNKNOWN,PASSENGER,UNKNOWN/NA,E,STRAIGHT AHEAD,,,1,,,,,Y,,,,,,,,,,Y,Y,,FRONT,,,,,,,,,,,,,,,,,,,,,,,,,,,,,,,,,
2108242,b479d98bab54b11d17a156d0291ff44902bfcc0ee7cef51aec3cb08d45cfc3c4fec2a47be3f92d0b713b90766b2e3e88689a1912286c6b02ceff65a74bbeeb01,07/16/2025 07:20:00 PM,2,PARKED,,2009825,,TOYOTA,COROLLA,IL,2007,UNKNOWN,PASSENGER,NOT IN USE,E,PARKED,,,0,,,,,,,,,,,Y,,,,Y,,,SIDE-LEFT-REAR,,,,,,,,,,,,,,,,,,,,,,,,,,,,,,,,,
2108260,f9420a961c00cea9f9a1fd13476ff7e4ab58974e80fb097ed0ab4f2769721815715c6d49c1b03a2551147b99aa0bf114cd4ae67024d4a56c03e2c69a250445e7,07/16/2025 07:20:00 PM,1,DRIVER,,2009846,,DODGE,DART,IL,2015,UNKNOWN,PASSENGER,PERSONAL,S,BACKING,,,1,,,,,,,,,,N,,,,,,,Y,REAR,,,,,,,,,,,,,,,,,,,,,,,,,,,,,,,,,
2108261,f9420a961c00cea9f9a1fd13476ff7e4ab58974e80fb097ed0ab4f2769721815715c6d49c1b03a2551147b99aa0bf114cd4ae67024d4a56c03e2c69a250445e7,07/16/2025 07:20:00 PM,2,PARKED,,2009847,,NISSAN,ROGUE,IL,2020,UNKNOWN,PASSENGER,PERSONAL,N,PARKED,,,0,,,,,,,,,Y,Y,Y,,,,,,,REAR,,,,,,,,,,,,,,,,,,,,,,,,,,,,,,,,,
2108223,420969fc820c8df6f5c4fa49e32a7c84c304b68df1fefa09255ce1846f05076593d7eebeed4004a8f34beb5fcf883de6290ea58424997a0f60795adef2605cd7,07/16/2025 07:05:00 PM,1,DRIVER,,2009802,,BUICK,ENCORE,IL,2021,UNKNOWN,SPORT UTILITY VEHICLE (SUV),PERSONAL,S,STRAIGHT AHEAD,,,1,,,,,Y,,,,,,,,,,Y,Y,,FRONT,,,,,,,,,,,,,,,,,,,,,,,,,,,,,,,,,
2108224,420969fc820c8df6f5c4fa49e32a7c84c304b68df1fefa09255ce1846f05076593d7eebeed4004a8f34beb5fcf883de6290ea58424997a0f60795adef2605cd7,07/16/2025 07:05:00 PM,2,DRIVER,,2009809,,LEXUS,NX,IL,2021,UNKNOWN,PASSENGER,PERSONAL,S,STRAIGHT AHEAD,,,1,,,,,,,,,Y,Y,Y,,,,,,,REAR,,,,,,,,,,,,,,,,,,,,,,,,,,,,,,,,,
2108295,458ea650ddb73eb38bf9e6918fa125d8c2e59bcf0af945ee762b99f3270c4b9cc26909eecbca317317dd753c0dd8670ce79ff9238f4161aa4c831c5fcada1e43,07/16/2025 07:01:00 PM,1,DRIVER,,2009877,,INFINITI,QX60,IL,2017,UNKNOWN,PASSENGER,PERSONAL,S,TURNING LEFT,Y,,1,,CITY OF CHICAGO,POUND TWO,,Y,Y,Y,,,,,,,,,,,FRONT-RIGHT-CORNER,,,,,,,,,,,,,,,,,,,,,,,,,,,,,,,,,
2108296,458ea650ddb73eb38bf9e6918fa125d8c2e59bcf0af945ee762b99f3270c4b9cc26909eecbca317317dd753c0dd8670ce79ff9238f4161aa4c831c5fcada1e43,07/16/2025 07:01:00 PM,2,DRIVER,,2009879,,CHEVROLET,EQUINOX,IL,2009,UNKNOWN,PASSENGER,PERSONAL,N,STRAIGHT AHEAD,Y,,1,,CITY OF CHICAGO,POUND TWO,,Y,,,,,,,,,,Y,Y,,FRONT,,,,,,,,,,,,,,,,,,,,,,,,,,,,,,,,,
2108256,4fff323bf201514e5faaa711b509e7a0b8d0c68637cc341cf036e0904a92bbfed92bd3f6d32b9a4e3f71eff32e1028dc63141a0d47dae64c242b40f38f611ea4,07/16/2025 07:00:00 PM,1,DRIVER,,2009841,,TOYOTA,CAMRY,IL,2023,NONE,PASSENGER,UNKNOWN/NA,W,OTHER,,,1,,,,,,,,,,,,Y,Y,Y,,,,SIDE-LEFT,,,,,,,,,,,,,,,,,,,,,,,,,,,,,,,,,
2108257,4fff323bf201514e5faaa711b509e7a0b8d0c68637cc341cf036e0904a92bbfed92bd3f6d32b9a4e3f71eff32e1028dc63141a0d47dae64c242b40f38f611ea4,07/16/2025 07:00:00 PM,2,DRIVER,3,2009844,,TOYOTA,C-HR,IL,2018,NONE,SPORT UTILITY VEHICLE (SUV),UNKNOWN/NA,W,OTHER,,,4,,,,,Y,Y,,,,,,,,,,,,SIDE-RIGHT,,,,,,,,,,,,,,,,,,,,,,,,,,,,,,,,,
2108299,e905a3de0289c3c76c959f346284dbf541e077fc5fce89b734395fd6478e440f54fa8b9601454b6b4ff506ce9f994fa76ba3df061d23ad79222f6afee0098dea,07/16/2025 07:00:00 PM,1,DRIVER,,2009883,,UNKNOWN,OTHER (EXPLAIN IN NARRATIVE),IL,,UNKNOWN,UNKNOWN/NA,UNKNOWN/NA,W,STRAIGHT AHEAD,,,1,,,,,,,,,,,,,,,,,,UNKNOWN,,,,,,,,,,,,,,,,,,,,,,,,,,,,,,,,,
2108300,e905a3de0289c3c76c959f346284dbf541e077fc5fce89b734395fd6478e440f54fa8b9601454b6b4ff506ce9f994fa76ba3df061d23ad79222f6afee0098dea,07/16/2025 07:00:00 PM,2,PARKED,,2009884,,INFINITI,Q50,IL,2014,UNKNOWN,PASSENGER,PERSONAL,W,PARKED,Y,,0,,PRIVATE TOW,,,,,,,,Y,Y,Y,,,,,,REAR,,,,,,,,,,,,,,,,,,,,,,,,,,,,,,,,,
2108650,fd60c6be36f3edd775ca5b745549e07c4d281045f65a48ddca89192e5ed172cc8eff80de1836b58f2c385fdc8bca042bbb9ef370fb41fd4e677dfa6ff6b78499,07/16/2025 07:00:00 PM,1,DRIVER,,2010199,,TOYOTA,PRIUS,IL,2013,NONE,PASSENGER,PERSONAL,E,OTHER,,,1,,,,,Y,Y,,,,,,,,,,,,FRONT-RIGHT-CORNER,,,,,,,,,,,,,,,,,,,,,,,,,,,,,,,,,
2108651,fd60c6be36f3edd775ca5b745549e07c4d281045f65a48ddca89192e5ed172cc8eff80de1836b58f2c385fdc8bca042bbb9ef370fb41fd4e677dfa6ff6b78499,07/16/2025 07:00:00 PM,2,DRIVER,,2010200,,FORD,ESCAPE,IL,2018,NONE,PASSENGER,UNKNOWN/NA,E,STRAIGHT AHEAD,,,1,,,,,,,,,,,,,,Y,Y,,,FRONT-RIGHT-CORNER,,,,,,,,,,,,,,,,,,,,,,,,,,,,,,,,,
2108243,25934b8f8bf52a735adad8d9b1c76fd87b16c4d2e63764415b717133aaa43c11d4407fe40c349eb0a6010acc7804006c84fdc978c642fc61900b467e1a4d4620,07/16/2025 06:53:00 PM,1,DRIVER,,2009827,,TOYOTA,ECHO,IL,2002,UNKNOWN,PASSENGER,PERSONAL,S,STRAIGHT AHEAD,Y,,1,,PRIVATE TOW,UNKNOWN,,Y,Y,Y,Y,Y,,,,,,,,,SIDE-RIGHT,,,,,,,,,,,,,,,,,,,,,,,,,,,,,,,,,
2108244,25934b8f8bf52a735adad8d9b1c76fd87b16c4d2e63764415b717133aaa43c11d4407fe40c349eb0a6010acc7804006c84fdc978c642fc61900b467e1a4d4620,07/16/2025 06:53:00 PM,2,DRIVER,,2009832,,KIA,FORTE,IL,2021,UNKNOWN,PASSENGER,PERSONAL,NE,STRAIGHT AHEAD,Y,,1,,PRIVATE TOW,UNKNOWN,,Y,,,,,,,,,,Y,Y,,FRONT,,,,,,,,,,,,,,,,,,,,,,,,,,,,,,,,,