CRASH_UNIT_ID,CRASH_RECORD_ID,CRASH_DATE,UNIT_NO,UNIT_TYPE,NUM_PASSENGERS,VEHICLE_ID,CMRC_VEH_I,MAKE,MODEL,LIC_PLATE_STATE,VEHICLE_YEAR,VEHICLE_DEFECT,VEHICLE_TYPE,VEHICLE_USE,TRAVEL_DIRECTION,MANEUVER,TOWED_I,FIRE_I,OCCUPANT_CNT,EXCEED_SPEED_LIMIT_I,TOWED_BY,TOWED_TO,AREA_00_I,AREA_01_I,AREA_02_I,AREA_03_I,AREA_04_I,AREA_05_I,AREA_06_I,AREA_07_I,AREA_08_I,AREA_09_I,AREA_10_I,AREA_11_I,AREA_12_I,AREA_99_I,FIRST_CONTACT_POINT,CMV_ID,USDOT_NO,CCMC_NO,ILCC_NO,COMMERCIAL_SRC,GVWR,CARRIER_NAME,CARRIER_STATE,CARRIER_CITY,HAZMAT_PLACARDS_I,HAZMAT_NAME,UN_NO,HAZMAT_PRESENT_I,HAZMAT_REPORT_I,HAZMAT_REPORT_NO,MCS_REPORT_I,MCS_REPORT_NO,HAZMAT_VIO_CAUSE_CRASH_I,MCS_VIO_CAUSE_CRASH_I,IDOT_PERMIT_NO,WIDE_LOAD_I,TRAILER1_WIDTH,TRAILER2_WIDTH,TRAILER1_LENGTH,TRAILER2_LENGTH,TOTAL_VEHICLE_LENGTH,AXLE_CNT,VEHICLE_CONFIG,CARGO_BODY_TYPE,LOAD_TYPE,HAZMAT_OUT_OF_SERVICE_I,MCS_OUT_OF_SERVICE_I,HAZMAT_CLASS
2108245,25934b8f8bf52a735adad8d9b1c76fd87b16c4d2e63764415b717133aaa43c11d4407fe40c349eb0a6010acc7804006c84fdc978c642fc61900b467e1a4d4620,07/16/2025 06:53:00 PM,3,DRIVER,1,2009837,,FORD,EDGE,IL,2010,UNKNOWN,PASSENGER,PERSONAL,N,STRAIGHT AHEAD,,,2,,,,,Y,,,,,,,,,,,,,FRONT-RIGHT-CORNER,,,,,,,,,,,,,,,,,,,,,,,,,,,,,,,,,
2108408,62d6f772fc3696820c653748f219edc7298775cc6ef9ce923fb9b0e4928d7e32d25488a1ad2cdf1fa56c1f1cbba2dc88a9c323d1b370993109f3fa7a397417c5,07/16/2025 06:26:00 PM,1,DRIVER,,2009984,,DODGE,RAM 1500 PU,IL,2013,UNKNOWN,TRUCK - SINGLE UNIT,PERSONAL,E,OTHER,,,1,,,,,,,,,,,,,,,,,Y,REAR-LEFT-CORNER,,,,,,,,,,,,,,,,,,,,,,,,,,,,,,,,,
2108409,62d6f772fc3696820c653748f219edc7298775cc6ef9ce923fb9b0e4928d7e32d25488a1ad2cdf1fa56c1f1cbba2dc88a9c323d1b370993109f3fa7a397417c5,07/16/2025 06:26:00 PM,2,PARKED,2,2009992,,FORD,ESCAPE,IL,2024,UNKNOWN,PASSENGER,PERSONAL,E,PARKED,,,2,,,,,Y,Y,Y,,,,,,,,,,,FRONT-RIGHT-CORNER,,,,,,,,,,,,,,,,,,,,,,,,,,,,,,,,,
2108221,5a93eef7e862b51c93b5bc91cea464fd40e62d72dcbf0bfc070558092123f03b1f11be1518cb7f4488848c5000da7215dae6e075b3dc17b7667f261ae4d4830e,07/16/2025 06:20:00 PM,1,DRIVER,,2009806,,SUBARU,OUTBACK,IL,2011,NONE,SPORT UTILITY VEHICLE (SUV),PERSONAL,S,TURNING RIGHT,,,1,,,,Y,,,,,,,,,,,,,,FRONT-RIGHT-CORNER,,,,,,,,,,,,,,,,,,,,,,,,,,,,,,,,,
2108222,5a93eef7e862b51c93b5bc91cea464fd40e62d72dcbf0bfc070558092123f03b1f11be1518cb7f4488848c5000da7215dae6e075b3dc17b7667f261ae4d4830e,07/16/2025 06:20:00 PM,2,BICYCLE,,,,,,,,,,,,,,,,,,,,,,,,,,,,,,,,,,,,,,,,,,,,,,,,,,,,,,,,,,,,,,,,,,
2108248,3e4b4a10b380294a5e092df38dc9f36f428d5d62a5f0c1b6c696a06d65b559acb7f614278ed9ef4a3911d9f267382c099bc7e103f58ff6ad124263ab2bc2a020,07/16/2025 06:15:00 PM,1,DRIVER,,2009830,,HONDA,ACCORD,IL,2022,NONE,PASSENGER,PERSONAL,N,STRAIGHT AHEAD,Y,,1,,PRIVATE TOW,,,Y,Y,Y,,,,,,,,,,,FRONT-RIGHT-CORNER,,,,,,,,,,,,,,,,,,,,,,,,,,,,,,,,,
2108249,3e4b4a10b380294a5e092df38dc9f36f428d5d62a5f0c1b6c696a06d65b559acb7f614278ed9ef4a3911d9f267382c099bc7e103f58ff6ad124263ab2bc2a020,07/16/2025 06:15:00 PM,2,PARKED,,2009834,,MASERATI,LEVANTE,IL,2017,NONE,PASSENGER,PERSONAL,N,PARKED,,,0,,,,,,,,,,,,,Y,Y,Y,,,FRONT-LEFT-CORNER,,,,,,,,,,,,,,,,,,,,,,,,,,,,,,,,,
2108208,56975d66c72a06a9dc8340e2d583f835b4f274e0bd40d2df92f715f59964c8fbb6b60e05010f47f44a433c828d91a80d9c73d4fcc53355dea3709fd1b8e4ff76,07/16/2025 06:10:00 PM,1,DRIVER,,2009799,,TOYOTA,CAMRY,FL,2025,UNKNOWN,PASSENGER,UNKNOWN/NA,W,TURNING RIGHT,,,1,,,,,Y,Y,Y,,,,,,,,,,,SIDE-RIGHT-FRONT,,,,,,,,,,,,,,,,,,,,,,,,,,,,,,,,,
2108209,56975d66c72a06a9dc8340e2d583f835b4f274e0bd40d2df92f715f59964c8fbb6b60e05010f47f44a433c828d91a80d9c73d4fcc53355dea3709fd1b8e4ff76,07/16/2025 06:10:00 PM,2,PARKED,,2009807,,LEXUS,OTHER (EXPLAIN IN NARRATIVE),IL,2018,UNKNOWN,PASSENGER,PERSONAL,N,PARKED IN TRAFFIC LANE,,,0,,,,,,,,,,,Y,Y,,,,,,SIDE-LEFT-REAR,,,,,,,,,,,,,,,,,,,,,,,,,,,,,,,,,
2108202,c12e06bed4900910a39b6fb5b72463d699f2787dbeb5504c686e915602c2a934177238703bd286bd42dc2e56b24608024b10930fb1fa3d8ba7d9a4d8457d3e76,07/16/2025 06:09:00 PM,1,DRIVER,,2009789,,CHEVROLET,SILVERADO,XX,,UNKNOWN,TRUCK - SINGLE UNIT,PERSONAL,W,STRAIGHT AHEAD,,,1,,,,Y,,,,,,,,,,,,,,FRONT,,,,,,,,,,,,,,,,,,,,,,,,,,,,,,,,,
2108203,c12e06bed4900910a39b6fb5b72463d699f2787dbeb5504c686e915602c2a934177238703bd286bd42dc2e56b24608024b10930fb1fa3d8ba7d9a4d8457d3e76,07/16/2025 06:09:00 PM,2,PEDESTRIAN,,,,,,,,,,,,,,,,,,,,,,,,,,,,,,,,,,,,,,,,,,,,,,,,,,,,,,,,,,,,,,,,,,
2108234,de4549aee8c4113a59e7456ef021e7843d19f96075eeb621d273766f02612063988cbd6f80c0993bec225f251232b0d2391355ed47cea3b768a61fbb5bebd6c1,07/16/2025 06:06:00 PM,1,DRIVER,,2009814,,UNKNOWN,MOTORIZED,,,UNKNOWN,UNKNOWN/NA,UNKNOWN/NA,N,STRAIGHT AHEAD,,,1,,,,,,,,,,,,,,,,,Y,FRONT,,,,,,,,,,,,,,,,,,,,,,,,,,,,,,,,,
2108235,de4549aee8c4113a59e7456ef021e7843d19f96075eeb621d273766f02612063988cbd6f80c0993bec225f251232b0d2391355ed47cea3b768a61fbb5bebd6c1,07/16/2025 06:06:00 PM,2,DRIVER,,2009820,,TOYOTA,CAMRY,IL,2012,NONE,PASSENGER,PERSONAL,N,STRAIGHT AHEAD,,,1,,,,,,,,,,Y,,,,,,,,REAR,,,,,,,,,,,,,,,,,,,,,,,,,,,,,,,,,
2111390,4a190c709b7caef5d55e02a5137363f0c2f3dc98b48d4c807048ceb1fed7979701a40768b8f907df07644be4f5531be340737286f4d362b0668e086ebdf5a5dd,07/16/2025 06:00:00 PM,1,DRIVER,,2012805,,TOYOTA,PRIUS,IL,2012,UNKNOWN,PASSENGER,OTHER,S,STRAIGHT AHEAD,,,1,,,,,Y,,,,,,,,,,N,Y,Y,UNKNOWN,,,,,,,,,,,,,,,,,,,,,,,,,,,,,,,,,
2111391,4a190c709b7caef5d55e02a5137363f0c2f3dc98b48d4c807048ceb1fed7979701a40768b8f907df07644be4f5531be340737286f4d362b0668e086ebdf5a5dd,07/16/2025 06:00:00 PM,2,PARKED,,2012812,,JEEP,WRANGLER,IL,2023,UNKNOWN,SPORT UTILITY VEHICLE (SUV),UNKNOWN/NA,S,PARKED,,,0,,,,,,,,,,Y,Y,,,,,,Y,UNKNOWN,,,,,,,,,,,,,,,,,,,,,,,,,,,,,,,,,
2111392,4a190c709b7caef5d55e02a5137363f0c2f3dc98b48d4c807048ceb1fed7979701a40768b8f907df07644be4f5531be340737286f4d362b0668e086ebdf5a5dd,07/16/2025 06:00:00 PM,3,PARKED,,2012821,,CHEVROLET,TRAX,IL,2020,UNKNOWN,SPORT UTILITY VEHICLE (SUV),NOT IN USE,S,PARKED,,,0,,,,,,,,,Y,Y,Y,,,,,,Y,UNKNOWN,,,,,,,,,,,,,,,,,,,,,,,,,,,,,,,,,
2108187,e474224ab60ac4beedeb142f53ceada4bda657783a7bec820b62e9c9fb8329ed96886928aaa5ea7ea22404705a4a0673058e1dc4039af50717dfbcb4ab5edb26,07/16/2025 06:00:00 PM,1,DRIVER,,2009767,,BMW,X3,IL,2025,UNKNOWN,SPORT UTILITY VEHICLE (SUV),PERSONAL,S,STRAIGHT AHEAD,,,1,,,,,Y,,,,,,,,,,,Y,,FRONT-RIGHT-CORNER,,,,,,,,,,,,,,,,,,,,,,,,,,,,,,,,,
2108188,e474224ab60ac4beedeb142f53ceada4bda657783a7bec820b62e9c9fb8329ed96886928aaa5ea7ea22404705a4a0673058e1dc4039af50717dfbcb4ab5edb26,07/16/2025 06:00:00 PM,2,DRIVER,,2009779,,TOYOTA,CAMRY,IL,2013,UNKNOWN,PASSENGER,TAXI/FOR HIRE,E,STRAIGHT AHEAD,,,1,,,,,,,,,,,Y,Y,Y,,,,,SIDE-LEFT,,,,,,,,,,,,,,,,,,,,,,,,,,,,,,,,,
2109364,a38e4e85d7fb6a92022bf25fb5b3576040a782c3188e64c26f47612386fcf8e984db527bbd5ad38dbdccee7e85c52d4a9ab4b257c49d50f72c7483aee6751540,07/16/2025 05:53:00 PM,1,DRIVER,,2010897,,DODGE,RAM PROMASTER,IL,2020,NONE,VAN/MINI-VAN,COMMERCIAL - SINGLE UNIT,W,BACKING,,,1,,,,,,,,Y,Y,,,,,,,,,REAR,,,,,,,,,,,,,,,,,,,,,,,,,,,,,,,,,
2109365,a38e4e85d7fb6a92022bf25fb5b3576040a782c3188e64c26f47612386fcf8e984db527bbd5ad38dbdccee7e85c52d4a9ab4b257c49d50f72c7483aee6751540,07/16/2025 05:53:00 PM,2,PARKED,,2010899,,NISSAN,MURANO,IL,2017,NONE,PASSENGER,NOT IN USE,W,PARKED,,,0,,,,,,,,,,,,,,,Y,,,FRONT-LEFT-CORNER,,,,,,,,,,,,,,,,,,,,,,,,,,,,,,,,,
2108178,3d0f9ca2e7701c6489a58ae64b2921000b2e0a2759641eec1668825f628bb66c4abcbeed1e31ba513a3be5c71dde0043ab40a8e4c075019154949325246dbc66,07/16/2025 05:50:00 PM,1,DRIVER,,2009790,,KIA,OTHER (EXPLAIN IN NARRATIVE),IL,2016,UNKNOWN,PASSENGER,UNKNOWN/NA,N,STARTING IN TRAFFIC,,,1,,,,,,,,,,,,,,Y,Y,,,FRONT-LEFT-CORNER,,,,,,,,,,,,,,,,,,,,,,,,,,,,,,,,,
2108179,3d0f9ca2e7701c6489a58ae64b2921000b2e0a2759641eec1668825f628bb66c4abcbeed1e31ba513a3be5c71dde0043ab40a8e4c075019154949325246dbc66,07/16/2025 05:50:00 PM,2,DRIVER,,2009780,,CHEVROLET,TAHOE,IL,2007,UNKNOWN,SPORT UTILITY VEHICLE (SUV),PERSONAL,N,STRAIGHT AHEAD,,,1,,,,,Y,Y,,,,,,,,N,N,,,FRONT-RIGHT-CORNER,,,,,,,,,,,,,,,,,,,,,,,,,,,,,,,,,
2138818,73b77b802917ae0ce4aa4cc4c8affbdbda256a93b463def6231c3b01fc34c931367b9b7f96a3f93fd4efd59461d43149cd1b9e264840c50642bb65fa9ef005d7,07/16/2025 05:50:00 PM,1,BICYCLE,,,,,,,,,,,,,,,,,,,,,,,,,,,,,,,,,,,,,,,,,,,,,,,,,,,,,,,,,,,,,,,,,,
2138819,73b77b802917ae0ce4aa4cc4c8affbdbda256a93b463def6231c3b01fc34c931367b9b7f96a3f93fd4efd59461d43149cd1b9e264840c50642bb65fa9ef005d7,07/16/2025 05:50:00 PM,2,DRIVER,,2038870,,GENERAL MOTORS CORPORATION (GMC),SIERRA,IL,2013,UNKNOWN,TRUCK - SINGLE UNIT,PERSONAL,S,STRAIGHT AHEAD,,,1,,,,,Y,,,,,,,,,,,Y,,FRONT-RIGHT-CORNER,,,,,,,,,,,,,,,,,,,,,,,,,,,,,,,,,
2108184,ee66abbffd62e4c6fb0fab37631a331123fd965f7dac24745b5133648ac42ca7cca00ece0be51ad610921571a866045bad552c19ab41d432ab2d7dff433abcb7,07/16/2025 05:46:00 PM,1,DRIVER,1,2009765,,JEEP,CHEROKEE,IL,2018,NONE,PASSENGER,PERSONAL,W,TURNING RIGHT,,,2,,,,,Y,,,,,,,,,,,Y,,FRONT-RIGHT-CORNER,,,,,,,,,,,,,,,,,,,,,,,,,,,,,,,,,
2108659,51dc4a9b8d4693c96b98a897a8b9a95b23ffe88bc3921c2ef73a1f67ea09770cb29ee7d6684bedee67b91d97d6172c0168415f66c26e0a5d6ed2802b2fd1ffef,07/16/2025 05:45:00 PM,1,DRIVER,,2010209,,AUDI,Q7,IL,2018,UNKNOWN,SPORT UTILITY VEHICLE (SUV),UNKNOWN/NA,W,CHANGING LANES,,,1,,,,,,,,,,,,,,,Y,,,FRONT-LEFT-CORNER,,,,,,,,,,,,,,,,,,,,,,,,,,,,,,,,,
2108660,51dc4a9b8d4693c96b98a897a8b9a95b23ffe88bc3921c2ef73a1f67ea09770cb29ee7d6684bedee67b91d97d6172c0168415f66c26e0a5d6ed2802b2fd1ffef,07/16/2025 05:45:00 PM,2,DRIVER,,2010210,,HYUNDAI,VENUE,IL,2022,UNKNOWN,SPORT UTILITY VEHICLE (SUV),UNKNOWN/NA,W,CHANGING LANES,Y,,1,,progressive,private lot,,Y,Y,,,,,,,,,,,,FRONT-RIGHT-CORNER,,,,,,,,,,,,,,,,,,,,,,,,,,,,,,,,,
2113541,14712a877abb575bee43a4ae992e2f2499bf558c4f25d1c5b28818c56c91a55dc19eb0905f55e9d572b9de5bc66f3aa5ebd713227c8e1ed999a587b1ca851109,07/16/2025 05:40:00 PM,1,DRIVER,2,2014857,,HONDA,HR-V,IL,2016,UNKNOWN,PASSENGER,PERSONAL,W,STRAIGHT AHEAD,Y,,3,,PRIVATE TOW,PRIVATE TOW,,Y,,,,,,,,,,Y,Y,,FRONT,,,,,,,,,,,,,,,,,,,,,,,,,,,,,,,,,
2113542,14712a877abb575bee43a4ae992e2f2499bf558c4f25d1c5b28818c56c91a55dc19eb0905f55e9d572b9de5bc66f3aa5ebd713227c8e1ed999a587b1ca851109,07/16/2025 05:40:00 PM,2,DRIVER,,2014858,,KIA,SOUL,IL,2010,UNKNOWN,PASSENGER,PERSONAL,S,STRAIGHT AHEAD,,,1,,,,,,,,,,,,Y,Y,Y,Y,,,FRONT-LEFT-CORNER,,,,,,,,,,,,,,,,,,,,,,,,,,,,,,,,,
2108225,645eea4fb565bcf7a82fe1f178e10b94b26e404994020896fe5ee82fbab1161f6be91360cfef9b4eb59a88dbb62478f3df6a1ca9ddb8350359f0e4eca77fd0f6,07/16/2025 05:40:00 PM,1,DRIVER,,2009804,,VOLKSWAGEN,TOURAN,IL,2023,NONE,SPORT UTILITY VEHICLE (SUV),PERSONAL,N,MERGING,,,1,,,,,Y,,,,,,,,,,,,,FRONT-RIGHT-CORNER,,,,,,,,,,,,,,,,,,,,,,,,,,,,,,,,,
2108226,645eea4fb565bcf7a82fe1f178e10b94b26e404994020896fe5ee82fbab1161f6be91360cfef9b4eb59a88dbb62478f3df6a1ca9ddb8350359f0e4eca77fd0f6,07/16/2025 05:40:00 PM,2,DRIVER,,2009822,,NISSAN,KICKS,IL,2024,NONE,PASSENGER,PERSONAL,W,STRAIGHT AHEAD,,,1,,,,,,,,,,,,,,,,,,FRONT,,,,,,,,,,,,,,,,,,,,,,,,,,,,,,,,,
2108189,35ee798c2b0af79e6c94c7f7e99baf0fea8f34f2b3c2a9ebcd9434843ee59fc485fda2c03efb80a52a6b98558c4ac20fdba6a42bc43e43c31f5ae83e26c4e886,07/16/2025 05:39:00 PM,1,DRIVER,,2009773,,NOVA BUS,LFX,,2023,NONE,BUS OVER 15 PASS.,CTA,W,STRAIGHT AHEAD,,,1,,,,,,,,,,,,,,,,,,NONE,,,,,,,,,,,,,,,,,,,,,,,,,,,,,,,,,
2108190,35ee798c2b0af79e6c94c7f7e99baf0fea8f34f2b3c2a9ebcd9434843ee59fc485fda2c03efb80a52a6b98558c4ac20fdba6a42bc43e43c31f5ae83e26c4e886,07/16/2025 05:39:00 PM,2,DRIVER,1,2009777,,LEXUS,300,IL,2019,NONE,PASSENGER,PERSONAL,W,STRAIGHT AHEAD,,,2,,,,,,,,,,,Y,,,,,,,SIDE-LEFT-REAR,,,,,,,,,,,,,,,,,,,,,,,,,,,,,,,,,
2108212,31e4b793d4bcacf0558f9d229f6b2885118fc6a309d45dcf3bf32cc27076a741087cbab425455a6e3fa62726ea78afc2557a9930530a47767031ae4c6cf1bea9,07/16/2025 05:30:00 PM,1,DRIVER,,2009792,,TOYOTA,PRIUS,IL,2018,NONE,PASSENGER,PERSONAL,NE,TURNING LEFT,Y,,1,,PRIVATE TOW,,,Y,Y,,,,,,,,,,Y,,FRONT-RIGHT-CORNER,,,,,,,,,,,,,,,,,,,,,,,,,,,,,,,,,
2108213,31e4b793d4bcacf0558f9d229f6b2885118fc6a309d45dcf3bf32cc27076a741087cbab425455a6e3fa62726ea78afc2557a9930530a47767031ae4c6cf1bea9,07/16/2025 05:30:00 PM,2,DRIVER,,2009805,,ACURA,TLX,IL,2017,UNKNOWN,PASSENGER,PERSONAL,SW,STRAIGHT AHEAD,Y,,1,,PRIVATE TOW,,,,Y,Y,Y,,,,,,,,,,SIDE-RIGHT,,,,,,,,,,,,,,,,,,,,,,,,,,,,,,,,,
2108730,b1aa70fa3319faa220b26639687017097beaed0a270f5adcb386c3a4c5fc949aa8b35a0dff963c489bfb81111613733e0aaba55dc25008f35aa5e9b1facd44d9,07/16/2025 05:30:00 PM,1,DRIVER,,2010291,,CHEVROLET,TRAVERSE,IL,,UNKNOWN,UNKNOWN/NA,UNKNOWN/NA,N,STRAIGHT AHEAD,,,1,,,,,,,,,,,,,,,,,Y,UNKNOWN,,,,,,,,,,,,,,,,,,,,,,,,,,,,,,,,,
2108731,b1aa70fa3319faa220b26639687017097beaed0a270f5adcb386c3a4c5fc949aa8b35a0dff963c489bfb81111613733e0aaba55dc25008f35aa5e9b1facd44d9,07/16/2025 05:30:00 PM,2,BICYCLE,,,,,,,,,,,,,,,,,,,,,,,,,,,,,,,,,,,,,,,,,,,,,,,,,,,,,,,,,,,,,,,,,,
2108406,e711d67f98a066897080d813a476f7504e53e5c310a720d432ef93138b30eed72d2db5fd39f0a131181c958499c19d5374b7048267c38c6cc45532f2a9644ce3,07/16/2025 05:30:00 PM,1,DRIVER,,2009983,Y,FREIGHTLINER CORPORATION,FREIGHTLINER CORP.,IN,2022,NONE,TRACTOR W/ SEMI-TRAILER,COMMERCIAL - SINGLE UNIT,SW,TURNING RIGHT,,,1,,,,Y,,,,,,,,,,,,,,NONE,"21,837",3374027,,,DRIVER,,MAUSER PACKAGING SOLUTIONS,,,,,,,,,,,,,,,,,,,,,,,,,,
2108407,e711d67f98a066897080d813a476f7504e53e5c310a720d432ef93138b30eed72d2db5fd39f0a131181c958499c19d5374b7048267c38c6cc45532f2a9644ce3,07/16/2025 05:30:00 PM,2,DRIVER,,2009987,,HYUNDAI,ELANTRA,IL,2023,UNKNOWN,PASSENGER,UNKNOWN/NA,S,UNKNOWN/NA,,,1,,,,,,Y,,,,,,,,,,,,OTHER,,,,,,,,,,,,,,,,,,,,,,,,,,,,,,,,,
2108230,fbd0c50bce147dab983e803adc04b72a8a034a40e2c7a7381fc77ab89273836a9044ccd9fa8bcf0276d8f80c1b899cbbd39355e81b5d6f5ae42ec00cf21ccbee,07/16/2025 05:30:00 PM,2,DRIVER,,2009817,,DODGE,JOURNEY,IL,2018,UNKNOWN,SPORT UTILITY VEHICLE (SUV),PERSONAL,UNKNOWN,SLOW/STOP IN TRAFFIC,,,1,,,,,,,,,,,Y,Y,Y,Y,Y,,,SIDE-LEFT,,,,,,,,,,,,,,,,,,,,,,,,,,,,,,,,,
2108231,fbd0c50bce147dab983e803adc04b72a8a034a40e2c7a7381fc77ab89273836a9044ccd9fa8bcf0276d8f80c1b899cbbd39355e81b5d6f5ae42ec00cf21ccbee,07/16/2025 05:30:00 PM,1,DRIVER,,2009821,,HONDA,ODYSSEY,IL,2007,UNKNOWN,VAN/MINI-VAN,DRIVER EDUCATION,UNKNOWN,STRAIGHT AHEAD,,,1,,,,,Y,Y,Y,Y,Y,,,,,,,,,SIDE-RIGHT,,,,,,,,,,,,,,,,,,,,,,,,,,,,,,,,,
2108200,66c8428858a40fad5a824c0ecfddf0d72e1ec7034c54e3b193c8cfbf77b9e174c23f2d96736b18753c17663fa0a6e633fa6ad9a8b487e1cdd4505adca9f9d7d7,07/16/2025 05:20:00 PM,1,DRIVER,,2009793,,HONDA,ACCORD,IL,2009,UNKNOWN,PASSENGER,UNKNOWN/NA,N,STRAIGHT AHEAD,,,1,,,,,,,,,,,,,,,,,Y,FRONT,,,,,,,,,,,,,,,,,,,,,,,,,,,,,,,,,
2108201,66c8428858a40fad5a824c0ecfddf0d72e1ec7034c54e3b193c8cfbf77b9e174c23f2d96736b18753c17663fa0a6e633fa6ad9a8b487e1cdd4505adca9f9d7d7,07/16/2025 05:20:00 PM,2,DRIVER,,2009811,,KIA,TELLURIDE,IL,2022,NONE,SPORT UTILITY VEHICLE (SUV),PERSONAL,N,SLOW/STOP IN TRAFFIC,,,1,,,,,,,,,,Y,,,,,,,,REAR,,,,,,,,,,,,,,,,,,,,,,,,,,,,,,,,,
2108146,c6c24b08279f24581bfb82eed4a377effc565ddd924c9caa7350d69cb7e690a1cb0f4a35695bc25a2f10ff828ab893880a4b817d53f351b11aacc8fb2e33fc70,07/16/2025 05:20:00 PM,1,DRIVER,,2009728,,CHEVROLET,TRAVERSE,IL,2011,NONE,PASSENGER,PERSONAL,W,MERGING,,,1,,,,,,,,Y,,,,,,,,,,REAR-RIGHT-CORNER,,,,,,,,,,,,,,,,,,,,,,,,,,,,,,,,,
2108147,c6c24b08279f24581bfb82eed4a377effc565ddd924c9caa7350d69cb7e690a1cb0f4a35695bc25a2f10ff828ab893880a4b817d53f351b11aacc8fb2e33fc70,07/16/2025 05:20:00 PM,2,DRIVER,1,2009739,,FORD,ESCAPE,IL,2016,NONE,PASSENGER,PERSONAL,W,MERGING,,,2,,,,,,,,,,,Y,,,,,,,REAR-LEFT-CORNER,,,,,,,,,,,,,,,,,,,,,,,,,,,,,,,,,
2108210,ccfa1eb15d1c1313cb38e73fe412cf1179c1007bfa85c63e5e49ecca7012f04ebaa460bedebe196f0f2c5541cdc67c30a0c0bba7b696fc9de189ff844b874668,07/16/2025 05:11:00 PM,1,DRIVER,,2009813,,MITSUBISHI,OUTLANDER,IL,2022,UNKNOWN,UNKNOWN/NA,UNKNOWN/NA,UNKNOWN,UNKNOWN/NA,,,1,,,,,Y,,,,,,,,,,N,N,,FRONT-RIGHT-CORNER,,,,,,,,,,,,,,,,,,,,,,,,,,,,,,,,,
2108211,ccfa1eb15d1c1313cb38e73fe412cf1179c1007bfa85c63e5e49ecca7012f04ebaa460bedebe196f0f2c5541cdc67c30a0c0bba7b696fc9de189ff844b874668,07/16/2025 05:11:00 PM,2,PARKED,1,2009828,,FORD,TRANSIT,IL,2020,UNKNOWN,UNKNOWN/NA,UNKNOWN/NA,UNKNOWN,PARKED,,,1,,,,,,,,,,,Y,,,,,,,REAR-LEFT-CORNER,,,,,,,,,,,,,,,,,,,,,,,,,,,,,,,,,
2108176,b94d2634746100c34f94b8acc6096fb5fff1257d1c5dd7ae5c6d621a54648cca20f7b94f6998a0f2d40e413beabc2849f4ce15d2850e7186fd7c9cca262d2b06,07/16/2025 05:07:00 PM,1,DRIVER,,2009788,,TOYOTA,HIGHLANDER,IL,2011,UNKNOWN,SPORT UTILITY VEHICLE (SUV),OTHER,W,STRAIGHT AHEAD,,,1,,,,,,,,,,,,,,,Y,Y,,FRONT-LEFT-CORNER,,,,,,,,,,,,,,,,,,,,,,,,,,,,,,,,,
2108177,b94d2634746100c34f94b8acc6096fb5fff1257d1c5dd7ae5c6d621a54648cca20f7b94f6998a0f2d40e413beabc2849f4ce15d2850e7186fd7c9cca262d2b06,07/16/2025 05:07:00 PM,2,DRIVER,,2009808,,TOYOTA,SIENNA,IL,2002,UNKNOWN,VAN/MINI-VAN,PERSONAL,N,STRAIGHT AHEAD,Y,,1,,UNK,UNK,,Y,Y,Y,,,,,,,,,,,FRONT-RIGHT-CORNER,,,,,,,,,,,,,,,,,,,,,,,,,,,,,,,,,
2132854,1edf1e68fe3e1f831f3b37e63e544eb1ba6b2c4b386e215e99ad31a8a3c0ae024c0d0f6a11ad53fc50a73ae005796b5f08a4b3fc6bb003655f045eaaab47ed9c,07/16/2025 05:04:00 PM,1,DRIVER,,2033175,,FORD,FUSION,,2011,NONE,PASSENGER,PERSONAL,N,ENTERING TRAFFIC LANE FROM PARKING,,,1,,,,,,,,,,,,,,,,,Y,SIDE-LEFT,,,,,,,,,,,,,,,,,,,,,,,,,,,,,,,,,
2132855,1edf1e68fe3e1f831f3b37e63e544eb1ba6b2c4b386e215e99ad31a8a3c0ae024c0d0f6a11ad53fc50a73ae005796b5f08a4b3fc6bb003655f045eaaab47ed9c,07/16/2025 05:04:00 PM,2,DRIVER,,2033177,,CHEVROLET,HHR,IL,2009,NONE,PASSENGER,PERSONAL,N,STRAIGHT AHEAD,,,1,,,,,,Y,Y,,,,,,,,,,,SIDE-RIGHT,,,,,,,,,,,,,,,,,,,,,,,,,,,,,,,,,
2108193,57573a2b25ee937a8157161e9477443f16953218d80ee2924da37389814494a990e3999c043fa438093e84b7c3277873c19b5c6e1ed5eb1b6c7ada857a931168,07/16/2025 05:04:00 PM,1,DRIVER,,2009771,,FORD,FUSION,IL,2014,UNKNOWN,PASSENGER,UNKNOWN/NA,S,LEAVING TRAFFIC LANE TO PARK,,,1,,,,,,,Y,Y,Y,,,,,,,,,SIDE-RIGHT,,,,,,,,,,,,,,,,,,,,,,,,,,,,,,,,,
2108194,57573a2b25ee937a8157161e9477443f16953218d80ee2924da37389814494a990e3999c043fa438093e84b7c3277873c19b5c6e1ed5eb1b6c7ada857a931168,07/16/2025 05:04:00 PM,2,PARKED,,2009781,Y,NEW FLYER,OTHER (EXPLAIN IN NARRATIVE),IL,2008,NONE,BUS UP TO 15 PASS.,CTA,S,PARKED IN TRAFFIC LANE,,,0,,,,Y,,,,,,,,,,,,,,FRONT-LEFT-CORNER,"21,829",,,,,,CHICAGO TRANSIT AUTHORITY 4097--FIRM OWNED,IL,CHICAGO,,,,,,,,,,,,,,,,,,,BUS,BUS,,,,