CRASH_UNIT_ID,CRASH_RECORD_ID,CRASH_DATE,UNIT_NO,UNIT_TYPE,NUM_PASSENGERS,VEHICLE_ID,CMRC_VEH_I,MAKE,MODEL,LIC_PLATE_STATE,VEHICLE_YEAR,VEHICLE_DEFECT,VEHICLE_TYPE,VEHICLE_USE,TRAVEL_DIRECTION,MANEUVER,TOWED_I,FIRE_I,OCCUPANT_CNT,EXCEED_SPEED_LIMIT_I,TOWED_BY,TOWED_TO,AREA_00_I,AREA_01_I,AREA_02_I,AREA_03_I,AREA_04_I,AREA_05_I,AREA_06_I,AREA_07_I,AREA_08_I,AREA_09_I,AREA_10_I,AREA_11_I,AREA_12_I,AREA_99_I,FIRST_CONTACT_POINT,CMV_ID,USDOT_NO,CCMC_NO,ILCC_NO,COMMERCIAL_SRC,GVWR,CARRIER_NAME,CARRIER_STATE,CARRIER_CITY,HAZMAT_PLACARDS_I,HAZMAT_NAME,UN_NO,HAZMAT_PRESENT_I,HAZMAT_REPORT_I,HAZMAT_REPORT_NO,MCS_REPORT_I,MCS_REPORT_NO,HAZMAT_VIO_CAUSE_CRASH_I,MCS_VIO_CAUSE_CRASH_I,IDOT_PERMIT_NO,WIDE_LOAD_I,TRAILER1_WIDTH,TRAILER2_WIDTH,TRAILER1_LENGTH,TRAILER2_LENGTH,TOTAL_VEHICLE_LENGTH,AXLE_CNT,VEHICLE_CONFIG,CARGO_BODY_TYPE,LOAD_TYPE,HAZMAT_OUT_OF_SERVICE_I,MCS_OUT_OF_SERVICE_I,HAZMAT_CLASS
2108156,13f07371eb6f39b7fb27eea2857818543e51f5c7d04dd51714f3d8dbf3d2c428025b1183ea95ee69345f0d08bba7e2f79d2ce18b34b7a83d407e955dd89df37a,07/16/2025 05:03:00 PM,1,DRIVER,,2009740,,DODGE,CHARGER,IL,2013,NONE,PASSENGER,PERSONAL,S,STRAIGHT AHEAD,,,1,,,,,Y,,,,,,,,,,Y,Y,,FRONT,,,,,,,,,,,,,,,,,,,,,,,,,,,,,,,,,
2108157,13f07371eb6f39b7fb27eea2857818543e51f5c7d04dd51714f3d8dbf3d2c428025b1183ea95ee69345f0d08bba7e2f79d2ce18b34b7a83d407e955dd89df37a,07/16/2025 05:03:00 PM,2,DRIVER,,2009752,,VOLKSWAGEN,JETTA,IL,2019,NONE,PASSENGER,PERSONAL,W,STRAIGHT AHEAD,,,1,,,,,,,Y,Y,Y,Y,Y,,,,,,,REAR-RIGHT-CORNER,,,,,,,,,,,,,,,,,,,,,,,,,,,,,,,,,
2110678,87c53b28fea11a02cbe4042a3892f36771cd99a7aa36b1d4c33c23c9b44cbf6496ab59d648292437071d374f0e4da2253238a9d36352a7974e8e7279f099d30e,07/16/2025 05:00:00 PM,1,DRIVER,,2012136,,SUBARU,FORESTER,IL,2017,NONE,PASSENGER,PERSONAL,N,STRAIGHT AHEAD,,,1,,,,,,Y,Y,Y,Y,,,,,,,,,SIDE-RIGHT,,,,,,,,,,,,,,,,,,,,,,,,,,,,,,,,,
2110679,87c53b28fea11a02cbe4042a3892f36771cd99a7aa36b1d4c33c23c9b44cbf6496ab59d648292437071d374f0e4da2253238a9d36352a7974e8e7279f099d30e,07/16/2025 05:00:00 PM,2,PARKED,,2012141,,MITSUBISHI,OTHER (EXPLAIN IN NARRATIVE),IL,1997,NONE,OTHER,NOT IN USE,N,PARKED,,,0,,,,,,,,,,,Y,,,,,,,REAR-LEFT-CORNER,,,,,,,,,,,,,,,,,,,,,,,,,,,,,,,,,
2108148,a79bd88fb1b6ffc29e4df87e13c7bee414dc4b19b2189a755cbc5a6c8a4151862790bc2c938356b8b75c1f23bbbdeb583854a340b98d2e017604c8ccc66b70e3,07/16/2025 05:00:00 PM,1,BICYCLE,,,,,,,,,,,,,,,,,,,,,,,,,,,,,,,,,,,,,,,,,,,,,,,,,,,,,,,,,,,,,,,,,,
2108149,a79bd88fb1b6ffc29e4df87e13c7bee414dc4b19b2189a755cbc5a6c8a4151862790bc2c938356b8b75c1f23bbbdeb583854a340b98d2e017604c8ccc66b70e3,07/16/2025 05:00:00 PM,2,DRIVER,,2009737,,CHEVROLET,TRAVERSE,IL,2025,NONE,PASSENGER,PERSONAL,W,STRAIGHT AHEAD,,,1,,,,,,,,,,,,,,,,Y,,FRONT,,,,,,,,,,,,,,,,,,,,,,,,,,,,,,,,,
2108158,b2ea255a163c8f205c8ee964b49e635bb2fcfb9ef81b47a20a531dd24590bcd86f474204d0a1c6714f5427caa51a01e72d3253b602e7d37b41d2e8f9df24922e,07/16/2025 05:00:00 PM,1,DRIVER,,2009751,,TOYOTA,SIENNA,IL,2010,UNKNOWN,VAN/MINI-VAN,UNKNOWN/NA,N,STRAIGHT AHEAD,,,1,,,,,Y,,,,,,,,,,,,,FRONT-RIGHT-CORNER,,,,,,,,,,,,,,,,,,,,,,,,,,,,,,,,,
2108159,b2ea255a163c8f205c8ee964b49e635bb2fcfb9ef81b47a20a531dd24590bcd86f474204d0a1c6714f5427caa51a01e72d3253b602e7d37b41d2e8f9df24922e,07/16/2025 05:00:00 PM,2,DRIVER,,2009736,,FORD,EXPLORER,IL,2016,UNKNOWN,SPORT UTILITY VEHICLE (SUV),PERSONAL,SE,STRAIGHT AHEAD,,,1,,,,,,,,Y,Y,,,,,,,,,SIDE-RIGHT-REAR,,,,,,,,,,,,,,,,,,,,,,,,,,,,,,,,,
2108142,03b281ba5311575f33557bb6e0251c6c193427890320da44187ad8b64cd3bbddb265a344082641055e2eeec93ddb33b9f3b73206010582e805435f1d18487a71,07/16/2025 04:57:00 PM,1,DRIVER,,2009730,,SUBARU,FORESTER,IL,2006,NONE,PASSENGER,PERSONAL,S,STRAIGHT AHEAD,N,,1,,,,,,,,,,,,,,,Y,,,FRONT-LEFT-CORNER,,,,,,,,,,,,,,,,,,,,,,,,,,,,,,,,,
2108143,03b281ba5311575f33557bb6e0251c6c193427890320da44187ad8b64cd3bbddb265a344082641055e2eeec93ddb33b9f3b73206010582e805435f1d18487a71,07/16/2025 04:57:00 PM,2,DRIVER,,2009744,,TOYOTA,VENZA,IL,2022,NONE,SPORT UTILITY VEHICLE (SUV),PERSONAL,S,STRAIGHT AHEAD,,,1,,,,,,,,,Y,,,,,,,,,REAR-RIGHT-CORNER,,,,,,,,,,,,,,,,,,,,,,,,,,,,,,,,,
2108103,03349c51f63463b84653d2743ccb02af02c13d89e2f62dac5b238f593122358e80de9296ac562e2caaa6dc8f90b3fa9fad722708d9d750760844dd4707b41ef7,07/16/2025 04:50:00 PM,1,DRIVER,,2009699,,JEEP,CHEROKEE,IL,2018,UNKNOWN,SPORT UTILITY VEHICLE (SUV),PERSONAL,E,CHANGING LANES,,,1,,,,,Y,Y,Y,,,,,,,,,,,FRONT-RIGHT-CORNER,,,,,,,,,,,,,,,,,,,,,,,,,,,,,,,,,
2108104,03349c51f63463b84653d2743ccb02af02c13d89e2f62dac5b238f593122358e80de9296ac562e2caaa6dc8f90b3fa9fad722708d9d750760844dd4707b41ef7,07/16/2025 04:50:00 PM,2,DRIVER,,2009706,,FORD,FOCUS,IL,2009,UNKNOWN,PASSENGER,UNKNOWN/NA,E,STRAIGHT AHEAD,,,1,,,,,,,,,,,,,Y,Y,Y,,,FRONT-LEFT-CORNER,,,,,,,,,,,,,,,,,,,,,,,,,,,,,,,,,
2108170,e6900728d12ecaf7cfcd97865d32b465e14c2298eb505e44e3ea86eee697f9b562274e39439afa0dcd97cd296f7ccba6116d2cadee2cae9bfd6a1c9e533c685c,07/16/2025 04:50:00 PM,1,DRIVER,,2009747,,HYUNDAI,SONATA,IL,2012,UNKNOWN,PASSENGER,PERSONAL,S,CHANGING LANES,,,1,,,,,Y,Y,,,,,,,,,,,,FRONT-RIGHT-CORNER,,,,,,,,,,,,,,,,,,,,,,,,,,,,,,,,,
2108171,e6900728d12ecaf7cfcd97865d32b465e14c2298eb505e44e3ea86eee697f9b562274e39439afa0dcd97cd296f7ccba6116d2cadee2cae9bfd6a1c9e533c685c,07/16/2025 04:50:00 PM,2,DRIVER,,2009748,,FORD,EDGE,IL,2024,NONE,PICKUP,PERSONAL,S,SLOW/STOP IN TRAFFIC,,,1,,,,,,,,,,,,,Y,Y,Y,,,FRONT-LEFT-CORNER,,,,,,,,,,,,,,,,,,,,,,,,,,,,,,,,,
2108106,ec104146fb066f99056a6c8b7ddd9ca9bc70659e55f105ee9d4239d3da9d9518de2458760b6f75ec4e680b67edf771ec8c52ff7f71a21d07eaf654ad4f6daa05,07/16/2025 04:48:00 PM,1,DRIVER,1,2009687,,FORD,EXPLORER,IL,2024,NONE,SPORT UTILITY VEHICLE (SUV),POLICE,SW,LEAVING TRAFFIC LANE TO PARK,,,2,,,,Y,,,,,,,,,,,,,,SIDE-RIGHT-REAR,,,,,,,,,,,,,,,,,,,,,,,,,,,,,,,,,
2108107,ec104146fb066f99056a6c8b7ddd9ca9bc70659e55f105ee9d4239d3da9d9518de2458760b6f75ec4e680b67edf771ec8c52ff7f71a21d07eaf654ad4f6daa05,07/16/2025 04:48:00 PM,2,PARKED,,2009692,,INFINITI,G37,IL,2011,UNKNOWN,PASSENGER,NOT IN USE,S,PARKED,,,0,,,,,,,,,,,,,,,Y,,,FRONT-LEFT-CORNER,,,,,,,,,,,,,,,,,,,,,,,,,,,,,,,,,
2108130,682e933564be06f5729d8946bde686fb5e9f2187b4a6846c65f20b4346b2188e0daa254e48f167f4e74cb22092a068ef1647ba7dfd56f1f70ef748d2831bdd5b,07/16/2025 04:46:00 PM,1,DRIVER,,2009731,,CHEVROLET,TAHOE,IL,2007,UNKNOWN,SPORT UTILITY VEHICLE (SUV),UNKNOWN/NA,W,STRAIGHT AHEAD,,,1,,,,,Y,,,,,,,,,,Y,Y,,FRONT,,,,,,,,,,,,,,,,,,,,,,,,,,,,,,,,,
2108131,682e933564be06f5729d8946bde686fb5e9f2187b4a6846c65f20b4346b2188e0daa254e48f167f4e74cb22092a068ef1647ba7dfd56f1f70ef748d2831bdd5b,07/16/2025 04:46:00 PM,2,DRIVER,,2009746,,TOYOTA,4RUNNER,IL,2019,UNKNOWN,SPORT UTILITY VEHICLE (SUV),PERSONAL,W,SLOW/STOP IN TRAFFIC,,,1,,,,,,,,,Y,Y,Y,,,,,,,REAR,,,,,,,,,,,,,,,,,,,,,,,,,,,,,,,,,
2108073,be748bf14e071a71db3b12eb4d7775b24450fa80cf7f76196a01fb7b6f7fe659733e0bca662c01d3885f55551f4353a39afe2959921909c3a42f5a1b56c531bc,07/16/2025 04:45:00 PM,1,DRIVER,,2009673,,ACURA,ZDX,IL,2010,UNKNOWN,PASSENGER,UNKNOWN/NA,W,STRAIGHT AHEAD,,,1,,,,,,,,,,N,,,,,,Y,,FRONT,,,,,,,,,,,,,,,,,,,,,,,,,,,,,,,,,
2108074,be748bf14e071a71db3b12eb4d7775b24450fa80cf7f76196a01fb7b6f7fe659733e0bca662c01d3885f55551f4353a39afe2959921909c3a42f5a1b56c531bc,07/16/2025 04:45:00 PM,2,DRIVER,,2009691,,HONDA,ACCORD,IL,2023,UNKNOWN,PASSENGER,UNKNOWN/NA,W,SLOW/STOP IN TRAFFIC,,,1,,,,,,,,,,Y,,,,,,,,REAR,,,,,,,,,,,,,,,,,,,,,,,,,,,,,,,,,
2108642,f99a3f21ca4f09204c69c5bfe9f31cb3d94fbdb07b33ff4680b3f8aaa5de0a2fa5333cd9e1aa8440c98ddd731620d1977b4afd5e63179a02c86a1704d6cfb38e,07/16/2025 04:44:00 PM,1,DRIVER,3,2010192,,NISSAN,ROGUE,IL,2015,UNKNOWN,SPORT UTILITY VEHICLE (SUV),PERSONAL,S,PASSING/OVERTAKING,Y,,4,,OWNER,OWNER,,Y,Y,,,,,,,,Y,Y,Y,,FRONT,,,,,,,,,,,,,,,,,,,,,,,,,,,,,,,,,
2108643,f99a3f21ca4f09204c69c5bfe9f31cb3d94fbdb07b33ff4680b3f8aaa5de0a2fa5333cd9e1aa8440c98ddd731620d1977b4afd5e63179a02c86a1704d6cfb38e,07/16/2025 04:44:00 PM,2,DRIVER,,2010193,,NISSAN,JUKE,IL,2016,UNKNOWN,PASSENGER,PERSONAL,S,MERGING,Y,,1,,OWNER,OWNER,,,,,,,Y,Y,Y,,,,,,REAR-LEFT-CORNER,,,,,,,,,,,,,,,,,,,,,,,,,,,,,,,,,
2108383,5591febc0b45629f6c69d829c1ea1071b875f5a5f255d44bb3da592c1a77271123652d6e08c45101ee7845a31b8206ed46cfc293b02eda6fa0b340850f6df281,07/16/2025 04:40:00 PM,1,DRIVER,1,2009964,,UNKNOWN,OTHER (EXPLAIN IN NARRATIVE),,,UNKNOWN,UNKNOWN/NA,UNKNOWN/NA,S,UNKNOWN/NA,,,2,,,,,Y,,,,,,,,,,Y,Y,,UNKNOWN,,,,,,,,,,,,,,,,,,,,,,,,,,,,,,,,,
2108384,5591febc0b45629f6c69d829c1ea1071b875f5a5f255d44bb3da592c1a77271123652d6e08c45101ee7845a31b8206ed46cfc293b02eda6fa0b340850f6df281,07/16/2025 04:40:00 PM,2,DRIVER,1,2009967,,HYUNDAI,ELANTRA,FL,2023,NONE,PASSENGER,OTHER,S,STRAIGHT AHEAD,,,2,,,,,,,,,Y,Y,Y,,,,,,,UNKNOWN,,,,,,,,,,,,,,,,,,,,,,,,,,,,,,,,,
2108152,da666480fb61e6ff16821f64461eb44658fa8a060905bdc54c6d373a41e9d80e3f68c3a6cb1d900f0dc252d0bb002f592bcab000070a574a9a0d5bf4e9550a40,07/16/2025 04:40:00 PM,1,DRIVER,,2009729,,TOYOTA,RAV4,IL,2013,NONE,PASSENGER,PERSONAL,E,STRAIGHT AHEAD,,,1,,,,,,,,,,,,Y,Y,Y,Y,,,SIDE-LEFT,,,,,,,,,,,,,,,,,,,,,,,,,,,,,,,,,
2108153,da666480fb61e6ff16821f64461eb44658fa8a060905bdc54c6d373a41e9d80e3f68c3a6cb1d900f0dc252d0bb002f592bcab000070a574a9a0d5bf4e9550a40,07/16/2025 04:40:00 PM,2,DRIVER,,2009743,,FORD,EDGE,IL,2019,NONE,PASSENGER,PERSONAL,E,STRAIGHT AHEAD,,,1,,,,,,,,Y,Y,,,,,,,,,REAR-RIGHT-CORNER,,,,,,,,,,,,,,,,,,,,,,,,,,,,,,,,,
2108144,0ae925ace164f49afbc45ac2106f3f9f333ba5c31c7dcea24971a4fbff5669bdaf2da042c0a497a9d39e4170695e9dbc78bf4c02b40dea5a33a2c643ebaa14c8,07/16/2025 04:39:00 PM,1,DRIVER,,2009738,,"MOTOR COACH INDUSTRIES, INC.","MOTOR COACH INDUSTRIES, INC.",IL,2014,UNKNOWN,BUS UP TO 15 PASS.,OTHER,N,TURNING LEFT,,,1,,,,,,,,,,,,Y,Y,,,,,SIDE-LEFT,,,,,,,,,,,,,,,,,,,,,,,,,,,,,,,,,
2108145,0ae925ace164f49afbc45ac2106f3f9f333ba5c31c7dcea24971a4fbff5669bdaf2da042c0a497a9d39e4170695e9dbc78bf4c02b40dea5a33a2c643ebaa14c8,07/16/2025 04:39:00 PM,2,DRIVER,1,2009754,,HYUNDAI,SANTA FE,IL,2025,UNKNOWN,SPORT UTILITY VEHICLE (SUV),PERSONAL,W,STRAIGHT AHEAD,,,2,,,,,,,,,Y,Y,Y,,,,,,,REAR-LEFT-CORNER,,,,,,,,,,,,,,,,,,,,,,,,,,,,,,,,,
2108217,f48bb377f0cdd11c334066d6ca0ca8501362645391373a9fcb25fc948022965b10697f553764d5b0fdc5945d4f08750d731c5fd69170da845a7b4f66c14fd4b0,07/16/2025 04:37:00 PM,1,DRIVER,,2009795,,GENERAL MOTORS CORPORATION (GMC),ACADIA,IL,2011,UNKNOWN,SPORT UTILITY VEHICLE (SUV),UNKNOWN/NA,UNKNOWN,TURNING RIGHT,,,1,,,,Y,,,,,,,,,,,,N,,FRONT,,,,,,,,,,,,,,,,,,,,,,,,,,,,,,,,,
2108218,f48bb377f0cdd11c334066d6ca0ca8501362645391373a9fcb25fc948022965b10697f553764d5b0fdc5945d4f08750d731c5fd69170da845a7b4f66c14fd4b0,07/16/2025 04:37:00 PM,2,PARKED,,2009800,,AUDI,R8,IL,2018,UNKNOWN,PASSENGER,UNKNOWN/NA,UNKNOWN,PARKED,,,0,,,,,,,,,,,,,,,,Y,,FRONT,,,,,,,,,,,,,,,,,,,,,,,,,,,,,,,,,
2108197,0edcd57e6a784e6a26016d01aff9e82804a1860c970ef9f40c4ece10f7442d239dd12ad610de9ad69de9ba81c8c52305d5f6f38cabc39c7d1ec36e6b2713534a,07/16/2025 04:35:00 PM,1,DRIVER,,2009775,,UNKNOWN,OTHER (EXPLAIN IN NARRATIVE),,,UNKNOWN,UNKNOWN/NA,UNKNOWN/NA,UNKNOWN,UNKNOWN/NA,,,1,,,,,,,,,,,,,,,,,Y,UNKNOWN,,,,,,,,,,,,,,,,,,,,,,,,,,,,,,,,,
2108198,0edcd57e6a784e6a26016d01aff9e82804a1860c970ef9f40c4ece10f7442d239dd12ad610de9ad69de9ba81c8c52305d5f6f38cabc39c7d1ec36e6b2713534a,07/16/2025 04:35:00 PM,2,PARKED,,2009783,,TOYOTA,COROLLA,IL,2023,UNKNOWN,PASSENGER,NOT IN USE,UNKNOWN,PARKED,,,0,,,,,,,,,,,,,Y,Y,Y,,,SIDE-LEFT,,,,,,,,,,,,,,,,,,,,,,,,,,,,,,,,,
2108120,216933c334a1502bb49c5a895c91ec4bc981bc8c30ef240667f31d2ba09d54a82f85563e7cb4071dfd8d438acd5099d7f70e94dfa93793fc8491c161ed7f77cf,07/16/2025 04:35:00 PM,1,DRIVER,,2009712,,HYUNDAI,SANTA FE,IL,2010,UNKNOWN,PASSENGER,PERSONAL,W,STRAIGHT AHEAD,Y,,1,,CITY OF CHICAGO,IMPOUND 2,,,,,,,,,,,,,Y,,FRONT,,,,,,,,,,,,,,,,,,,,,,,,,,,,,,,,,
2108121,216933c334a1502bb49c5a895c91ec4bc981bc8c30ef240667f31d2ba09d54a82f85563e7cb4071dfd8d438acd5099d7f70e94dfa93793fc8491c161ed7f77cf,07/16/2025 04:35:00 PM,2,PEDESTRIAN,,,,,,,,,,,,,,,,,,,,,,,,,,,,,,,,,,,,,,,,,,,,,,,,,,,,,,,,,,,,,,,,,,
2108069,62e17aa6af8edcfbbaa8e14087eea15cc2a8011f29793dc5cfa7ef80b700418e98753df7a770ecbc3bb22d252e73626bbfca9efb4ea2935ef914819d1cfcbb1a,07/16/2025 04:35:00 PM,1,DRIVER,,2009676,,UNKNOWN,MOTORIZED,IL,,NONE,PASSENGER,PERSONAL,N,STRAIGHT AHEAD,,,1,,,,,,,,,,,,,,,Y,,,FRONT-LEFT-CORNER,,,,,,,,,,,,,,,,,,,,,,,,,,,,,,,,,
2108070,62e17aa6af8edcfbbaa8e14087eea15cc2a8011f29793dc5cfa7ef80b700418e98753df7a770ecbc3bb22d252e73626bbfca9efb4ea2935ef914819d1cfcbb1a,07/16/2025 04:35:00 PM,2,DRIVER,,2009684,,FORD,EDGE,MI,2013,NONE,PASSENGER,PERSONAL,S,STRAIGHT AHEAD,,,1,,,,,,,,,,,Y,,,,,,,SIDE-LEFT-REAR,,,,,,,,,,,,,,,,,,,,,,,,,,,,,,,,,
2108227,0515ceee81c48842621b91d077c7fb3126a36cbf170d3cd552780d7c71973d2e258802492995334598c0fb3cea125f7eb3b58ec82827e59078f37594fb46df4c,07/16/2025 04:30:00 PM,1,DRIVER,1,2009816,,JEEP,RENEGADE,IL,,NONE,SPORT UTILITY VEHICLE (SUV),OTHER,E,TURNING LEFT,,,2,,,,,,,,,,,,,,,,Y,,FRONT,,,,,,,,,,,,,,,,,,,,,,,,,,,,,,,,,
2108228,0515ceee81c48842621b91d077c7fb3126a36cbf170d3cd552780d7c71973d2e258802492995334598c0fb3cea125f7eb3b58ec82827e59078f37594fb46df4c,07/16/2025 04:30:00 PM,2,DRIVER,,2009812,,FORD,F150,IL,2018,NONE,PICKUP,PERSONAL,NE,STRAIGHT AHEAD,,,1,,,,,Y,,,,,,,,,,Y,Y,,FRONT,,,,,,,,,,,,,,,,,,,,,,,,,,,,,,,,,
2108112,08fbc0b07a8f1b516961055dda412ea833efd11a9714b022f6ae29a20f07bb6bb089ebc26cec5d82c90b16374ab3e6c1fed11723fb22c71eff2a8575a72e34dc,07/16/2025 04:30:00 PM,1,DRIVER,,2009708,,UNKNOWN,OTHER (EXPLAIN IN NARRATIVE),,,UNKNOWN,PASSENGER,UNKNOWN/NA,N,STRAIGHT AHEAD,,,1,,,,,,,,,,,,,,,,,Y,FRONT,,,,,,,,,,,,,,,,,,,,,,,,,,,,,,,,,
2108113,08fbc0b07a8f1b516961055dda412ea833efd11a9714b022f6ae29a20f07bb6bb089ebc26cec5d82c90b16374ab3e6c1fed11723fb22c71eff2a8575a72e34dc,07/16/2025 04:30:00 PM,2,DRIVER,1,2009704,,KIA,TELLURIDE,IL,2021,NONE,PASSENGER,PERSONAL,N,SLOW/STOP IN TRAFFIC,,,2,,,,,,,,,Y,Y,Y,,,,,,,REAR-RIGHT-CORNER,,,,,,,,,,,,,,,,,,,,,,,,,,,,,,,,,
2108154,1554b2d822808fca5f7a9711e08d85fd80a116131cc34cfd882b3d3b7a8e5221587cfa5bf12d3b7641616a2fb165768b97330cf2a10756860ecc7eddab99c967,07/16/2025 04:30:00 PM,1,DRIVER,,2009725,,HONDA,CR-V,IL,2008,NONE,PASSENGER,PERSONAL,N,STRAIGHT AHEAD,,,1,,,,,,,,,,,,,,,,Y,,FRONT,,,,,,,,,,,,,,,,,,,,,,,,,,,,,,,,,
2108155,1554b2d822808fca5f7a9711e08d85fd80a116131cc34cfd882b3d3b7a8e5221587cfa5bf12d3b7641616a2fb165768b97330cf2a10756860ecc7eddab99c967,07/16/2025 04:30:00 PM,2,DRIVER,,2009732,,NISSAN,KICKS,IL,2019,NONE,PASSENGER,PERSONAL,N,STRAIGHT AHEAD,,,1,,,,,,,,,,Y,,,,,,,,REAR,,,,,,,,,,,,,,,,,,,,,,,,,,,,,,,,,
2108061,266405a2e575197a4cbdf762a7a579c096f4d5453c381dad62b103a88c006d524d728f7d45552dd37f9bc4251e5d1e46ea9496b62268d4af68a8f4ae94bbbdc3,07/16/2025 04:30:00 PM,1,DRIVER,,2009667,,UNKNOWN,OTHER (EXPLAIN IN NARRATIVE),,,UNKNOWN,PICKUP,UNKNOWN/NA,SW,TURNING LEFT,,,1,,,,,,,,,,,,,,,,,Y,UNKNOWN,,,,,,,,,,,,,,,,,,,,,,,,,,,,,,,,,
2108062,266405a2e575197a4cbdf762a7a579c096f4d5453c381dad62b103a88c006d524d728f7d45552dd37f9bc4251e5d1e46ea9496b62268d4af68a8f4ae94bbbdc3,07/16/2025 04:30:00 PM,2,DRIVER,,2009688,,TOYOTA,RAV4,IL,2025,NONE,PASSENGER,PERSONAL,N,SLOW/STOP IN TRAFFIC,,,1,,,,,,,,,,,Y,Y,Y,Y,Y,,,SIDE-LEFT,,,,,,,,,,,,,,,,,,,,,,,,,,,,,,,,,
2108065,40e5dcdb4969d51d0728db59cd082d2d90babd67561bf083e9d46024c0e80f7e4b434a45c0ef8151cdac33f12ab27dca319463d87b3f727e00389d0cc2b034fd,07/16/2025 04:30:00 PM,1,DRIVER,,2009679,N,FORD,TRANSIT,IL,2019,UNKNOWN,UNKNOWN/NA,UNKNOWN/NA,W,UNKNOWN/NA,,,1,,,,Y,,,,,,,,,,,,,,NONE,,,,,,,,,,,,,,,,,,,,,,,,,,,,,,,,,
2108066,40e5dcdb4969d51d0728db59cd082d2d90babd67561bf083e9d46024c0e80f7e4b434a45c0ef8151cdac33f12ab27dca319463d87b3f727e00389d0cc2b034fd,07/16/2025 04:30:00 PM,2,DRIVER,3,2009707,,MERCEDES-BENZ,300 SERIES,,2017,UNKNOWN,PASSENGER,PERSONAL,W,UNKNOWN/NA,,,4,,,,,,,,,Y,Y,Y,,,,,,,REAR,,,,,,,,,,,,,,,,,,,,,,,,,,,,,,,,,
2108138,cf6364b48e00d42d8cdf3335626c497887f749e3b24a009820764203b9dab4d456dfa56e056885c696aa16e80c178c6a0abd65ef190a62f2bf7f08fedab5d9a7,07/16/2025 04:30:00 PM,1,DRIVER,,2009724,,FORD,RANGER,IL,2000,UNKNOWN,PICKUP,PERSONAL,E,STRAIGHT AHEAD,,,1,,,,,Y,,,,,,,,,,Y,Y,,FRONT,,,,,,,,,,,,,,,,,,,,,,,,,,,,,,,,,
2108139,cf6364b48e00d42d8cdf3335626c497887f749e3b24a009820764203b9dab4d456dfa56e056885c696aa16e80c178c6a0abd65ef190a62f2bf7f08fedab5d9a7,07/16/2025 04:30:00 PM,2,DRIVER,1,2009742,,CHEVROLET,EQUINOX,IL,2020,UNKNOWN,PASSENGER,PERSONAL,E,SLOW/STOP IN TRAFFIC,,,2,,,,,,,,,Y,Y,Y,,,,,,,REAR,,,,,,,,,,,,,,,,,,,,,,,,,,,,,,,,,
2108132,ebb7cc30129e5ac3d7203786d25c0c6fcaa220497333f56325e1fd0e3a3741c29619ecd2bd8d55e5c1964f3bd844bc598be740f1b8d9e1f22217f22c145546e0,07/16/2025 04:30:00 PM,1,DRIVER,1,2009741,,TOYOTA,COROLLA,IL,2009,NONE,PASSENGER,PERSONAL,NE,TURNING RIGHT,,,2,,,,,,,,,,,,Y,Y,Y,,,,SIDE-LEFT-FRONT,,,,,,,,,,,,,,,,,,,,,,,,,,,,,,,,,
2108133,ebb7cc30129e5ac3d7203786d25c0c6fcaa220497333f56325e1fd0e3a3741c29619ecd2bd8d55e5c1964f3bd844bc598be740f1b8d9e1f22217f22c145546e0,07/16/2025 04:30:00 PM,2,DRIVER,,2009758,,TOYOTA,HIGHLANDER,IL,2015,NONE,PASSENGER,PERSONAL,SE,TURNING LEFT,,,1,,,,,Y,Y,,,,,,,,,Y,Y,,FRONT,,,,,,,,,,,,,,,,,,,,,,,,,,,,,,,,,
2108108,5efbf5d03431a4f95b98762073cdbf748598d4bb98543dd31e9e219e1524cfc41ed8417517e5a5b00a039d733ac9ee345714550be00f8c2ee9e4ec6efff0501c,07/16/2025 04:25:00 PM,1,DRIVER,,2009695,,CHEVROLET,MALIBU,IL,2016,UNKNOWN,PASSENGER,PERSONAL,W,CHANGING LANES,,,1,,,,,Y,Y,Y,,,,,,,,,,,SIDE-RIGHT,,,,,,,,,,,,,,,,,,,,,,,,,,,,,,,,,
2108109,5efbf5d03431a4f95b98762073cdbf748598d4bb98543dd31e9e219e1524cfc41ed8417517e5a5b00a039d733ac9ee345714550be00f8c2ee9e4ec6efff0501c,07/16/2025 04:25:00 PM,2,DRIVER,,2009703,,FREIGHTLINER CORPORATION,FREIGHTLINER CORP.,IL,2019,UNKNOWN,VAN/MINI-VAN,PERSONAL,W,STRAIGHT AHEAD,,,1,,,,,,,,,,,Y,Y,,,,,,REAR-LEFT-CORNER,,,,,,,,,,,,,,,,,,,,,,,,,,,,,,,,,
2108229,7bb0805064159906f1262db91c6bfcc824f537aeab9048d716280bd9552c013e7d854daa9746cc81c656657026ec90360bc622b9371ce90f6d7022803712661f,07/16/2025 04:24:00 PM,1,DRIVER,,2009810,,NISSAN,OTHER (EXPLAIN IN NARRATIVE),IL,2017,UNKNOWN,PASSENGER,PERSONAL,N,STRAIGHT AHEAD,,,1,,,,Y,,,,,,,,,,,,,,NONE,,,,,,,,,,,,,,,,,,,,,,,,,,,,,,,,,
2108236,7bb0805064159906f1262db91c6bfcc824f537aeab9048d716280bd9552c013e7d854daa9746cc81c656657026ec90360bc622b9371ce90f6d7022803712661f,07/16/2025 04:24:00 PM,2,NON-MOTOR VEHICLE,,,,,,,,,,,,,,,,,,,,,,,,,,,,,,,,,,,,,,,,,,,,,,,,,,,,,,,,,,,,,,,,,,