CRASH_UNIT_ID,CRASH_RECORD_ID,CRASH_DATE,UNIT_NO,UNIT_TYPE,NUM_PASSENGERS,VEHICLE_ID,CMRC_VEH_I,MAKE,MODEL,LIC_PLATE_STATE,VEHICLE_YEAR,VEHICLE_DEFECT,VEHICLE_TYPE,VEHICLE_USE,TRAVEL_DIRECTION,MANEUVER,TOWED_I,FIRE_I,OCCUPANT_CNT,EXCEED_SPEED_LIMIT_I,TOWED_BY,TOWED_TO,AREA_00_I,AREA_01_I,AREA_02_I,AREA_03_I,AREA_04_I,AREA_05_I,AREA_06_I,AREA_07_I,AREA_08_I,AREA_09_I,AREA_10_I,AREA_11_I,AREA_12_I,AREA_99_I,FIRST_CONTACT_POINT,CMV_ID,USDOT_NO,CCMC_NO,ILCC_NO,COMMERCIAL_SRC,GVWR,CARRIER_NAME,CARRIER_STATE,CARRIER_CITY,HAZMAT_PLACARDS_I,HAZMAT_NAME,UN_NO,HAZMAT_PRESENT_I,HAZMAT_REPORT_I,HAZMAT_REPORT_NO,MCS_REPORT_I,MCS_REPORT_NO,HAZMAT_VIO_CAUSE_CRASH_I,MCS_VIO_CAUSE_CRASH_I,IDOT_PERMIT_NO,WIDE_LOAD_I,TRAILER1_WIDTH,TRAILER2_WIDTH,TRAILER1_LENGTH,TRAILER2_LENGTH,TOTAL_VEHICLE_LENGTH,AXLE_CNT,VEHICLE_CONFIG,CARGO_BODY_TYPE,LOAD_TYPE,HAZMAT_OUT_OF_SERVICE_I,MCS_OUT_OF_SERVICE_I,HAZMAT_CLASS
2108057,866d8e729fde233512f9c6c8acb4b89f29f35cf8591a8ce117b9145e4321870a272fcd352917c512e8d12a425e89475053183655f69c2454cd51c5222738e983,07/16/2025 04:21:00 PM,1,DRIVER,,2009669,,BMW,OTHER (EXPLAIN IN NARRATIVE),IL,2018,UNKNOWN,SPORT UTILITY VEHICLE (SUV),PERSONAL,W,STRAIGHT AHEAD,,,1,,,,,,,,,,,,,Y,Y,Y,,Y,FRONT-LEFT-CORNER,,,,,,,,,,,,,,,,,,,,,,,,,,,,,,,,,
2108058,866d8e729fde233512f9c6c8acb4b89f29f35cf8591a8ce117b9145e4321870a272fcd352917c512e8d12a425e89475053183655f69c2454cd51c5222738e983,07/16/2025 04:21:00 PM,2,DRIVER,,2009677,,HONDA,CIVIC,IL,2008,UNKNOWN,PASSENGER,PERSONAL,S,STRAIGHT AHEAD,Y,,1,,INSURANCE,,,,,,,,,,,Y,Y,Y,,Y,FRONT-LEFT-CORNER,,,,,,,,,,,,,,,,,,,,,,,,,,,,,,,,,
2108214,1a60c22b35f3d6cb7434d28d55db2f5883f3fac1e3412e74886b7082d2948d7c8d4de555e5f9e8736f705edd4aa225e758283eb4e8f5c705f2f2dc4c9cddfd92,07/16/2025 04:20:00 PM,1,DRIVER,,2009796,,MAZDA,CX-30,OH,2024,NONE,PASSENGER,PERSONAL,E,STRAIGHT AHEAD,Y,,1,,UNKNOWN,UNKNOWN,,Y,Y,Y,,,,,,Y,Y,Y,Y,,FRONT,,,,,,,,,,,,,,,,,,,,,,,,,,,,,,,,,
2108624,462d81ae439fead838aedff529feb1c55c85df15878ce31b72dcba38a96c24d204e6c94d1a685c760138b4d7faeaeaea392ce413d536ecb79d1882bd40232420,07/16/2025 04:20:00 PM,1,DRIVER,,2010187,,CHEVROLET,MALIBU,IL,2015,UNKNOWN,PASSENGER,PERSONAL,S,STRAIGHT AHEAD,,,1,,,,,,,,,,,,,,,,Y,,FRONT,,,,,,,,,,,,,,,,,,,,,,,,,,,,,,,,,
2108625,462d81ae439fead838aedff529feb1c55c85df15878ce31b72dcba38a96c24d204e6c94d1a685c760138b4d7faeaeaea392ce413d536ecb79d1882bd40232420,07/16/2025 04:20:00 PM,2,DRIVER,,2010220,,NISSAN,SENTRA,IL,2018,UNKNOWN,PASSENGER,PERSONAL,S,SLOW/STOP IN TRAFFIC,,,1,,,,,,,,,,Y,,,,,,Y,,REAR,,,,,,,,,,,,,,,,,,,,,,,,,,,,,,,,,
2108626,462d81ae439fead838aedff529feb1c55c85df15878ce31b72dcba38a96c24d204e6c94d1a685c760138b4d7faeaeaea392ce413d536ecb79d1882bd40232420,07/16/2025 04:20:00 PM,3,DRIVER,,2010222,,UNKNOWN,OTHER (EXPLAIN IN NARRATIVE),,,UNKNOWN,SPORT UTILITY VEHICLE (SUV),PERSONAL,S,UNKNOWN/NA,,,1,,,,,,,,,,,,,,,,,Y,UNKNOWN,,,,,,,,,,,,,,,,,,,,,,,,,,,,,,,,,
2108166,878b9bd50abc7b2c9130b3f3ae77418b1609fb8ee67cb463377780d5db10d95b0791332caead5818a78ed365ed0e914ed43fde7d0e497dfcb68bb5b13ebe845d,07/16/2025 04:20:00 PM,1,DRIVER,,2009755,,HONDA,CIVIC,IL,2003,NONE,PASSENGER,PERSONAL,S,STRAIGHT AHEAD,,,1,,,,,,,,,,,,,,,,Y,,FRONT,,,,,,,,,,,,,,,,,,,,,,,,,,,,,,,,,
2108167,878b9bd50abc7b2c9130b3f3ae77418b1609fb8ee67cb463377780d5db10d95b0791332caead5818a78ed365ed0e914ed43fde7d0e497dfcb68bb5b13ebe845d,07/16/2025 04:20:00 PM,2,DRIVER,,2009760,,TOYOTA,HIGHLANDER,IL,2023,NONE,PASSENGER,PERSONAL,S,SLOW/STOP IN TRAFFIC,,,1,,,,,,,,,Y,Y,Y,,,,,,,REAR,,,,,,,,,,,,,,,,,,,,,,,,,,,,,,,,,
2108285,c026cdf5e526ec266b72cb9711e63274ee5f14587c2c93308de2fa4fa5ff38b4649e795632d1bb84ed801db0d7efce0b7d66588ac53701b1894a2b088a8520f4,07/16/2025 04:20:00 PM,1,DRIVER,,2009869,,NEW FLYER,D40LF,IL,2008,NONE,BUS OVER 15 PASS.,CTA,SE,PASSING/OVERTAKING,,,1,,,,,,,Y,Y,Y,,,,,,,,,SIDE-RIGHT-REAR,,,,,,,,,,,,,,,,,,,,,,,,,,,,,,,,,
2108286,c026cdf5e526ec266b72cb9711e63274ee5f14587c2c93308de2fa4fa5ff38b4649e795632d1bb84ed801db0d7efce0b7d66588ac53701b1894a2b088a8520f4,07/16/2025 04:20:00 PM,2,DRIVER,1,2009872,,CHEVROLET,EQUINOX,IL,2014,NONE,PASSENGER,PERSONAL,S,SLOW/STOP IN TRAFFIC,,,2,,,,,,,,,,,Y,Y,,,,,,SIDE-LEFT-REAR,,,,,,,,,,,,,,,,,,,,,,,,,,,,,,,,,
2111206,d5c4cb711f5ffb23fa82f7c8f88cc8f1a9870b0fd76efba7d7626daeb3f527fae31cea0f272dbe35a5d6df2c8b92285261152adfae5ab59e32eb471b49770851,07/16/2025 04:20:00 PM,1,DRIVER,,2012634,,PONTIAC,OTHER (EXPLAIN IN NARRATIVE),,,UNKNOWN,PASSENGER,UNKNOWN/NA,W,U-TURN,,,1,,,,,,,,,,,,,Y,Y,Y,,,FRONT-LEFT-CORNER,,,,,,,,,,,,,,,,,,,,,,,,,,,,,,,,,
2111207,d5c4cb711f5ffb23fa82f7c8f88cc8f1a9870b0fd76efba7d7626daeb3f527fae31cea0f272dbe35a5d6df2c8b92285261152adfae5ab59e32eb471b49770851,07/16/2025 04:20:00 PM,2,DRIVER,2,2012639,,HYUNDAI,SONATA,IL,2017,UNKNOWN,PASSENGER,PERSONAL,W,STRAIGHT AHEAD,,,3,,,,,Y,,,,,,,,,,,,,FRONT-RIGHT-CORNER,,,,,,,,,,,,,,,,,,,,,,,,,,,,,,,,,
2108063,898325d6b5e5529f574bbddb987e5c4d4a85ffb9425e5909ff05e61cbd6a0a549cc0beae7b3869d767813dee6ea36e6c79a91228b02735ad282ace3b6cddfcda,07/16/2025 04:11:00 PM,1,DRIVER,,2009680,,FORD,EDGE,IL,2016,UNKNOWN,SPORT UTILITY VEHICLE (SUV),PERSONAL,W,STRAIGHT AHEAD,,,1,,,,,,,,,,,,,,,,Y,,FRONT,,,,,,,,,,,,,,,,,,,,,,,,,,,,,,,,,
2108064,898325d6b5e5529f574bbddb987e5c4d4a85ffb9425e5909ff05e61cbd6a0a549cc0beae7b3869d767813dee6ea36e6c79a91228b02735ad282ace3b6cddfcda,07/16/2025 04:11:00 PM,2,DRIVER,,2009698,,GENERAL MOTORS CORPORATION (GMC),SAVANNAH,IL,2015,UNKNOWN,VAN/MINI-VAN,PERSONAL,W,STRAIGHT AHEAD,,,1,,,,,,,,,,Y,,,,,,,,REAR,,,,,,,,,,,,,,,,,,,,,,,,,,,,,,,,,
2108427,095c5904fb5f695f1240cb43252d244d59212bfc320604d13d0ef09289e06c9c9efec5d72c4b30d5e5fc2fbf802188f26aa293dd2df72164498af32be50a73c8,07/16/2025 04:10:00 PM,1,DRIVER,,2010012,,MITSUBISHI,ENDEAVOR,,,NONE,SPORT UTILITY VEHICLE (SUV),PERSONAL,W,STRAIGHT AHEAD,,,1,,,,,,,,,,,,,,,,Y,,FRONT,,,,,,,,,,,,,,,,,,,,,,,,,,,,,,,,,
2108428,095c5904fb5f695f1240cb43252d244d59212bfc320604d13d0ef09289e06c9c9efec5d72c4b30d5e5fc2fbf802188f26aa293dd2df72164498af32be50a73c8,07/16/2025 04:10:00 PM,2,DRIVER,1,2010049,,HYUNDAI,SANTA FE,,,NONE,SPORT UTILITY VEHICLE (SUV),PERSONAL,W,CHANGING LANES,,,2,,,,,,,,,Y,Y,Y,,,,,,,REAR,,,,,,,,,,,,,,,,,,,,,,,,,,,,,,,,,
2108097,4259f45a57dc0e8a829c2ca3fbe2bcea799e6d7d8e3d88ba943d78a9012939dff7ec6b8ffed0b3fc5cd3b6094286be3e2f981cb5f90a92d0aa8f7f5df4ffd4f8,07/16/2025 04:10:00 PM,1,DRIVER,,2009681,,ALFA ROMEO,STELVIO,IL,2021,UNKNOWN,SPORT UTILITY VEHICLE (SUV),UNKNOWN/NA,N,STRAIGHT AHEAD,,,1,,,,,,,,,,,,,,,,,Y,FRONT,,,,,,,,,,,,,,,,,,,,,,,,,,,,,,,,,
2108098,4259f45a57dc0e8a829c2ca3fbe2bcea799e6d7d8e3d88ba943d78a9012939dff7ec6b8ffed0b3fc5cd3b6094286be3e2f981cb5f90a92d0aa8f7f5df4ffd4f8,07/16/2025 04:10:00 PM,2,DRIVER,,2009693,,LEXUS,ES350,NC,2020,UNKNOWN,PASSENGER,UNKNOWN/NA,N,STRAIGHT AHEAD,,,1,,,,,,,,,,,Y,,,,,,,REAR,,,,,,,,,,,,,,,,,,,,,,,,,,,,,,,,,
2108136,a690f39e07c1d569a0a75f97cc4b398bca4b54c11304187daf2305249e29874e717d35f6e2ad02a8d79ecb293ef59cf8b16770a3950f975d19e48e3b0d6290b9,07/16/2025 04:08:00 PM,1,DRIVER,,2009723,,CHEVROLET,SILVERADO,IL,2006,UNKNOWN,PICKUP,UNKNOWN/NA,W,STRAIGHT AHEAD,,,1,,,,,,,,,,,,,,,,,Y,UNKNOWN,,,,,,,,,,,,,,,,,,,,,,,,,,,,,,,,,
2108137,a690f39e07c1d569a0a75f97cc4b398bca4b54c11304187daf2305249e29874e717d35f6e2ad02a8d79ecb293ef59cf8b16770a3950f975d19e48e3b0d6290b9,07/16/2025 04:08:00 PM,2,DRIVER,1,2009745,,HONDA,HR-V,IL,2024,UNKNOWN,PASSENGER,UNKNOWN/NA,NW,LEAVING TRAFFIC LANE TO PARK,,,2,,,,,,,,,Y,Y,Y,,,,,,,REAR,,,,,,,,,,,,,,,,,,,,,,,,,,,,,,,,,
2108341,369f0543fd53c9a4ed2f75221607b1ec661b14846861af20f53900fabeec7e34b922984decd73eed9de8b9b2f1b5b98bcd08681f9564736a1f516724ac2f1540,07/16/2025 04:06:00 PM,1,DRIVER,3,2009925,,HYUNDAI,TUCSON,IL,2023,NONE,SPORT UTILITY VEHICLE (SUV),PERSONAL,E,TURNING RIGHT,,,4,,,,,Y,Y,Y,,,,,,,,,,,SIDE-RIGHT,,,,,,,,,,,,,,,,,,,,,,,,,,,,,,,,,
2108342,369f0543fd53c9a4ed2f75221607b1ec661b14846861af20f53900fabeec7e34b922984decd73eed9de8b9b2f1b5b98bcd08681f9564736a1f516724ac2f1540,07/16/2025 04:06:00 PM,2,DRIVER,,2009927,,HONDA,CIVIC,IL,2015,NONE,PASSENGER,PERSONAL,E,TURNING RIGHT,,,1,,,,,,,,,,,,,,Y,Y,,,FRONT-LEFT-CORNER,,,,,,,,,,,,,,,,,,,,,,,,,,,,,,,,,
2108067,62da68d326816f84c5071c00fec904b0556c9583b9bdce0bf6886412d8ccb6cf4a338dd1828eeb54603aa215b5929820c336ba5eb17ba31ec4ae8423c5eab07a,07/16/2025 04:06:00 PM,1,DRIVER,,2009666,,UNKNOWN,MOTORIZED,,,UNKNOWN,TRACTOR W/ SEMI-TRAILER,OTHER,S,TURNING LEFT,,,1,,,,,,,,N,,,,,,,,,,SIDE-RIGHT-REAR,,,,,,,,,,,,,,,,,,,,,,,,,,,,,,,,,
2108068,62da68d326816f84c5071c00fec904b0556c9583b9bdce0bf6886412d8ccb6cf4a338dd1828eeb54603aa215b5929820c336ba5eb17ba31ec4ae8423c5eab07a,07/16/2025 04:06:00 PM,2,DRIVER,,2009674,,JEEP,PATRIOT,IL,2017,NONE,PASSENGER,PERSONAL,S,TURNING LEFT,,,1,,,,,,Y,Y,Y,,,,,,,,,,SIDE-RIGHT,,,,,,,,,,,,,,,,,,,,,,,,,,,,,,,,,
2108602,6e780f7ef9a20980d5aa548e78791b12606add3c7fccda3021bbf86c653ef37ab82279350554c0ccb2afc505ebf228d7d16db5c81cadd81aba90aa5b4a778fd9,07/16/2025 04:05:00 PM,1,DRIVER,2,2010154,,HYUNDAI,ELANTRA,IL,2007,NONE,PASSENGER,PERSONAL,S,PASSING/OVERTAKING,,,3,,,,,Y,Y,,,,,,,,,,Y,,FRONT-RIGHT-CORNER,,,,,,,,,,,,,,,,,,,,,,,,,,,,,,,,,
2108603,6e780f7ef9a20980d5aa548e78791b12606add3c7fccda3021bbf86c653ef37ab82279350554c0ccb2afc505ebf228d7d16db5c81cadd81aba90aa5b4a778fd9,07/16/2025 04:05:00 PM,2,DISABLED VEHICLE,,2010172,,VOLVO,V60,IL,2016,NONE,PASSENGER,PERSONAL,S,DISABLED,Y,,0,,UNKNOWN,UNKNOWN,,,,Y,Y,Y,,,,,,,,,REAR-RIGHT-CORNER,,,,,,,,,,,,,,,,,,,,,,,,,,,,,,,,,
2108134,0c8f80704ce1c97b613ec4689708da3c15f113fdef4dc19d71ad031fc17409be5931b2c14d713eead6a2981dd84d3c104c1d5472b9534e2909ddf678b2d05c87,07/16/2025 04:03:00 PM,1,DRIVER,,2009717,,NISSAN,ROGUE,,,UNKNOWN,SPORT UTILITY VEHICLE (SUV),UNKNOWN/NA,W,STRAIGHT AHEAD,,,1,,,,,,,,,,,,,,,,Y,,UNKNOWN,,,,,,,,,,,,,,,,,,,,,,,,,,,,,,,,,
2108135,0c8f80704ce1c97b613ec4689708da3c15f113fdef4dc19d71ad031fc17409be5931b2c14d713eead6a2981dd84d3c104c1d5472b9534e2909ddf678b2d05c87,07/16/2025 04:03:00 PM,2,DRIVER,,2009726,,AUDI,Q5,IL,2017,UNKNOWN,SPORT UTILITY VEHICLE (SUV),UNKNOWN/NA,E,SLOW/STOP IN TRAFFIC,,,1,,,,,,,,,,,,,,,,Y,,UNKNOWN,,,,,,,,,,,,,,,,,,,,,,,,,,,,,,,,,
2108110,499e7eaf136007afef7825bbd9b47d0a1cb40de60d402398a677ba78cb9e4e61c52b55d863287e22a296ded11379592eb3e94cd4dea4947f65bae13ed02fbfb0,07/16/2025 04:00:00 PM,1,DRIVER,,2009701,,UNKNOWN,MOTORIZED,,,UNKNOWN,UNKNOWN/NA,UNKNOWN/NA,UNKNOWN,UNKNOWN/NA,,,1,,,,,,,,,,,,,,,,,Y,UNKNOWN,,,,,,,,,,,,,,,,,,,,,,,,,,,,,,,,,
2108111,499e7eaf136007afef7825bbd9b47d0a1cb40de60d402398a677ba78cb9e4e61c52b55d863287e22a296ded11379592eb3e94cd4dea4947f65bae13ed02fbfb0,07/16/2025 04:00:00 PM,2,PARKED,,2009705,,TOYOTA,HIGHLANDER,IL,2015,UNKNOWN,PASSENGER,PERSONAL,W,PARKED,,,0,,,,,,,,,,,,,Y,Y,,,,SIDE-RIGHT,,,,,,,,,,,,,,,,,,,,,,,,,,,,,,,,,
2108116,4e256413755c996db33a228f47834f30c9e305c0662b21c1bba3a4fc1300127d0d2c622da7f63b324e5f3f13c2622250fdb1ab89cb1da913cbf89acd6be74b1f,07/16/2025 04:00:00 PM,1,BICYCLE,,,,,,,,,,,,,,,,,,,,,,,,,,,,,,,,,,,,,,,,,,,,,,,,,,,,,,,,,,,,,,,,,,
2108117,4e256413755c996db33a228f47834f30c9e305c0662b21c1bba3a4fc1300127d0d2c622da7f63b324e5f3f13c2622250fdb1ab89cb1da913cbf89acd6be74b1f,07/16/2025 04:00:00 PM,2,DRIVER,,2009710,,GENERAL MOTORS CORPORATION (GMC),TERRAIN,IL,2014,NONE,SPORT UTILITY VEHICLE (SUV),PERSONAL,S,STRAIGHT AHEAD,,,1,,,,Y,,,,,,,,,,,,,,FRONT,,,,,,,,,,,,,,,,,,,,,,,,,,,,,,,,,
2108724,bbc32d674272b0892792c0fb58b44de146ee20d94c666c1f4d292700986249c181ea44288324d7bbac0a96f4de6dbf5cde99cfd0ba2fe60ffce6b58f09f2c2a1,07/16/2025 04:00:00 PM,1,DRIVER,,2010278,,UNKNOWN,OTHER (EXPLAIN IN NARRATIVE),,,UNKNOWN,SPORT UTILITY VEHICLE (SUV),UNKNOWN/NA,S,PASSING/OVERTAKING,,,1,,,,,,,,,,,N,N,N,N,N,,Y,FRONT-LEFT-CORNER,,,,,,,,,,,,,,,,,,,,,,,,,,,,,,,,,
2108725,bbc32d674272b0892792c0fb58b44de146ee20d94c666c1f4d292700986249c181ea44288324d7bbac0a96f4de6dbf5cde99cfd0ba2fe60ffce6b58f09f2c2a1,07/16/2025 04:00:00 PM,2,DRIVER,,2010288,,TOYOTA,4RUNNER,IL,2005,NONE,SPORT UTILITY VEHICLE (SUV),PERSONAL,S,STRAIGHT AHEAD,,,1,,,,,,,,,Y,,,,,,,,N,REAR-RIGHT-CORNER,,,,,,,,,,,,,,,,,,,,,,,,,,,,,,,,,
2108164,228993ade8868d9f7c3ae0bc1388f0b888e90f9c8aab1b1e295d3be2f96587840b285cf0fa1743c568838da257d0c70e479de9e5990003e94387225b67b6582a,07/16/2025 03:55:00 PM,1,DRIVER,,2009749,,CHEVROLET,EXPRESS,WI,2023,UNKNOWN,VAN/MINI-VAN,OTHER,E,OTHER,,,1,,,,Y,,,,,,,,,,,,,,SIDE-RIGHT,,,,,,,,,,,,,,,,,,,,,,,,,,,,,,,,,
2108165,228993ade8868d9f7c3ae0bc1388f0b888e90f9c8aab1b1e295d3be2f96587840b285cf0fa1743c568838da257d0c70e479de9e5990003e94387225b67b6582a,07/16/2025 03:55:00 PM,2,BICYCLE,,,,,,,,,,,,,,,,,,,,,,,,,,,,,,,,,,,,,,,,,,,,,,,,,,,,,,,,,,,,,,,,,,
2108191,3f193e7f4d9225d0db36914abce866800b19db184fe39e2218bf0132b249a1d22d004d1e05ebc387862f1d521dc7024ad1e7f42fc4b98bb9b8e1af4213c158ae,07/16/2025 03:50:00 PM,1,DRIVER,,2009786,,VOLKSWAGEN,OTHER (EXPLAIN IN NARRATIVE),IL,,UNKNOWN,PASSENGER,PERSONAL,NW,UNKNOWN/NA,,,1,,,,,,,,,,,,,,,,,Y,UNKNOWN,,,,,,,,,,,,,,,,,,,,,,,,,,,,,,,,,
2108192,3f193e7f4d9225d0db36914abce866800b19db184fe39e2218bf0132b249a1d22d004d1e05ebc387862f1d521dc7024ad1e7f42fc4b98bb9b8e1af4213c158ae,07/16/2025 03:50:00 PM,2,DRIVER,,2009776,,KIA,FORTE,IL,2017,UNKNOWN,PASSENGER,PERSONAL,NW,UNKNOWN/NA,,,1,,,,,,,,,Y,Y,Y,,,,,,,REAR,,,,,,,,,,,,,,,,,,,,,,,,,,,,,,,,,
2108021,7e5709d2eba1f93739f1d25d822404fe87227ba3a158fb890d1e522c916d0bcd762b66eb2faa958123c69f01e7c9f99ab9a9c0e9ef356ac419bdb3ea91d6d973,07/16/2025 03:45:00 PM,1,DRIVER,,2009642,,BMW,535 SERIES,IL,,UNKNOWN,PASSENGER,PERSONAL,W,STRAIGHT AHEAD,,,1,,,,,Y,,,,,,,,,,Y,Y,,FRONT,,,,,,,,,,,,,,,,,,,,,,,,,,,,,,,,,
2108022,7e5709d2eba1f93739f1d25d822404fe87227ba3a158fb890d1e522c916d0bcd762b66eb2faa958123c69f01e7c9f99ab9a9c0e9ef356ac419bdb3ea91d6d973,07/16/2025 03:45:00 PM,2,DRIVER,,2009648,,CHEVROLET,TRAVERSE,IL,,UNKNOWN,PASSENGER,PERSONAL,W,STRAIGHT AHEAD,,,1,,,,,,,,,Y,Y,Y,,,,,,,REAR,,,,,,,,,,,,,,,,,,,,,,,,,,,,,,,,,
2108122,bed94618bfebc2b4dadaedaa1193da2f2fd7614b1093acc3ac8b185c58991c4fc58d134ee67eeda61123a68040a6de4e4c324e0cccca47b7b4d76458d4e34f70,07/16/2025 03:45:00 PM,1,DRIVER,,2009711,,KIA,TELLURIDE,IL,2022,NONE,PASSENGER,PERSONAL,S,STRAIGHT AHEAD,Y,,1,,personal tow,,,,,,,,,,,,Y,Y,,,FRONT-LEFT-CORNER,,,,,,,,,,,,,,,,,,,,,,,,,,,,,,,,,
2108123,bed94618bfebc2b4dadaedaa1193da2f2fd7614b1093acc3ac8b185c58991c4fc58d134ee67eeda61123a68040a6de4e4c324e0cccca47b7b4d76458d4e34f70,07/16/2025 03:45:00 PM,2,DRIVER,1,2009718,N,FREIGHTLINER CORPORATION,FREIGHTLINER CORP.,IL,2020,NONE,BUS OVER 15 PASS.,SCHOOL BUS,N,STRAIGHT AHEAD,Y,,2,,north shore towing,,,,,,,,,,,,,Y,,,FRONT-LEFT-CORNER,,,,,,,,,,,,,,,,,,,,,,,,,,,,,,,,,
2108215,eeb3877d96d38ff97b1efc1d14c92032667f90ea451063dc73ddc44481e1a7b73955cf05a283aee7877c07f892da59367a2f770d57c90f513b99940737fc864c,07/16/2025 03:45:00 PM,1,DRIVER,,2009787,,TOYOTA,PRIUS,IL,2007,UNKNOWN,PASSENGER,UNKNOWN/NA,W,STRAIGHT AHEAD,,,1,,,,,,,,,,,,,,,,Y,,FRONT,,,,,,,,,,,,,,,,,,,,,,,,,,,,,,,,,
2108216,eeb3877d96d38ff97b1efc1d14c92032667f90ea451063dc73ddc44481e1a7b73955cf05a283aee7877c07f892da59367a2f770d57c90f513b99940737fc864c,07/16/2025 03:45:00 PM,2,DRIVER,,2009794,,FORD,FOCUS,IL,2009,UNKNOWN,PASSENGER,PERSONAL,W,STRAIGHT AHEAD,,,1,,,,,,,,,,Y,,,,,,,,REAR,,,,,,,,,,,,,,,,,,,,,,,,,,,,,,,,,
2108044,6cc4f069eb0a7dee44c03ed5d1415bf82302b5cf84e7af48b7bd1e29fb7ca7b8e51748039c173a53b6242e5e694d374e8b6fad0e31fb0e47bb4c52cd4a1a52e6,07/16/2025 03:44:00 PM,1,DRIVER,,2009650,,SUBARU,OTHER (EXPLAIN IN NARRATIVE),IL,2021,NONE,PASSENGER,PERSONAL,S,PASSING/OVERTAKING,,,1,,,,,Y,Y,Y,Y,,,,,,,,,,SIDE-RIGHT,,,,,,,,,,,,,,,,,,,,,,,,,,,,,,,,,
2108045,6cc4f069eb0a7dee44c03ed5d1415bf82302b5cf84e7af48b7bd1e29fb7ca7b8e51748039c173a53b6242e5e694d374e8b6fad0e31fb0e47bb4c52cd4a1a52e6,07/16/2025 03:44:00 PM,2,DRIVER,,2009654,,NISSAN,ALTIMA,IL,2025,NONE,PASSENGER,PERSONAL,S,STRAIGHT AHEAD,,,1,,,,,,,,,,,,,Y,Y,Y,Y,,SIDE-LEFT-FRONT,,,,,,,,,,,,,,,,,,,,,,,,,,,,,,,,,
2108059,c79723bb5cced8f283a345a853c0d068ab8931da22eb34814800db05726e7dbe145d7e4694347bee565c106c5757c968c3af4469ffeebf17b588c44ebddb6a46,07/16/2025 03:40:00 PM,1,DRIVER,,2009700,,CHEVROLET,EQUINOX,IL,2026,UNKNOWN,UNKNOWN/NA,UNKNOWN/NA,W,TURNING RIGHT,,,1,,,,,,,,,,,,,,,,,Y,FRONT-LEFT-CORNER,,,,,,,,,,,,,,,,,,,,,,,,,,,,,,,,,
2108060,c79723bb5cced8f283a345a853c0d068ab8931da22eb34814800db05726e7dbe145d7e4694347bee565c106c5757c968c3af4469ffeebf17b588c44ebddb6a46,07/16/2025 03:40:00 PM,2,DRIVER,,2009697,,HONDA,ACCORD,IL,2020,UNKNOWN,PASSENGER,PERSONAL,W,TURNING RIGHT,,,1,,,,,,Y,Y,Y,,,,,,,,,,SIDE-RIGHT,,,,,,,,,,,,,,,,,,,,,,,,,,,,,,,,,
2108105,ca7d4000e6db646d415ca2d225c90a1c044dc979075c803651026f85155c13da16d38c73b0af29d1bdf3154165c1ed05c8b760ffe6a56929a1af40b24d4618cf,07/16/2025 03:39:00 PM,1,DRIVER,,2009694,,HYUNDAI,KONA,KY,2024,NONE,PASSENGER,OTHER,N,TURNING LEFT,Y,,1,,STREETS AND SANS,POUND #2 103 S. DOTY,,Y,Y,Y,,,,,,Y,Y,Y,Y,,FRONT,,,,,,,,,,,,,,,,,,,,,,,,,,,,,,,,,
2108237,0c2daca34ed336868ed25189c7c9c1aa178f3b08961941f890ab641bbe496ff2a32195b183c1c173b90666ab56c266451e145d91487a3f670477a8b41a91fff6,07/16/2025 03:30:00 PM,1,DRIVER,,2009826,,NISSAN,PATHFINDER,IL,1999,UNKNOWN,SPORT UTILITY VEHICLE (SUV),UNKNOWN/NA,E,TURNING LEFT,,,1,,,,,,,,,,,,,,,,Y,,FRONT,,,,,,,,,,,,,,,,,,,,,,,,,,,,,,,,,
2108238,0c2daca34ed336868ed25189c7c9c1aa178f3b08961941f890ab641bbe496ff2a32195b183c1c173b90666ab56c266451e145d91487a3f670477a8b41a91fff6,07/16/2025 03:30:00 PM,2,DRIVER,,2009831,,HONDA,CR-V,PA,2007,UNKNOWN,SPORT UTILITY VEHICLE (SUV),UNKNOWN/NA,S,STRAIGHT AHEAD,Y,,1,,OWNER,UNKNOWN,,Y,Y,,,,,,,,,,,,FRONT-RIGHT-CORNER,,,,,,,,,,,,,,,,,,,,,,,,,,,,,,,,,
2107996,43a40a1c6f5e0861098a0ef3e5d6a7adec5e3c4aee91cc48b8ea3a01eda690547796b0cae391984f28080aa08987215006df7ec19aac5674c851ca944be60044,07/16/2025 03:30:00 PM,1,DRIVER,,2009615,,GENERAL MOTORS CORPORATION (GMC),TERRAIN,IL,2011,UNKNOWN,PASSENGER,PERSONAL,N,CHANGING LANES,,,1,,,,,Y,,,,,,,,,,,,,FRONT-RIGHT-CORNER,,,,,,,,,,,,,,,,,,,,,,,,,,,,,,,,,
2107997,43a40a1c6f5e0861098a0ef3e5d6a7adec5e3c4aee91cc48b8ea3a01eda690547796b0cae391984f28080aa08987215006df7ec19aac5674c851ca944be60044,07/16/2025 03:30:00 PM,2,DRIVER,,2009619,,HONDA,HR-V,IL,2026,NONE,PASSENGER,PERSONAL,N,STRAIGHT AHEAD,,,1,,,,,,,,,,,Y,,,,,,,REAR-LEFT-CORNER,,,,,,,,,,,,,,,,,,,,,,,,,,,,,,,,,