CRASH_UNIT_ID,CRASH_RECORD_ID,CRASH_DATE,UNIT_NO,UNIT_TYPE,NUM_PASSENGERS,VEHICLE_ID,CMRC_VEH_I,MAKE,MODEL,LIC_PLATE_STATE,VEHICLE_YEAR,VEHICLE_DEFECT,VEHICLE_TYPE,VEHICLE_USE,TRAVEL_DIRECTION,MANEUVER,TOWED_I,FIRE_I,OCCUPANT_CNT,EXCEED_SPEED_LIMIT_I,TOWED_BY,TOWED_TO,AREA_00_I,AREA_01_I,AREA_02_I,AREA_03_I,AREA_04_I,AREA_05_I,AREA_06_I,AREA_07_I,AREA_08_I,AREA_09_I,AREA_10_I,AREA_11_I,AREA_12_I,AREA_99_I,FIRST_CONTACT_POINT,CMV_ID,USDOT_NO,CCMC_NO,ILCC_NO,COMMERCIAL_SRC,GVWR,CARRIER_NAME,CARRIER_STATE,CARRIER_CITY,HAZMAT_PLACARDS_I,HAZMAT_NAME,UN_NO,HAZMAT_PRESENT_I,HAZMAT_REPORT_I,HAZMAT_REPORT_NO,MCS_REPORT_I,MCS_REPORT_NO,HAZMAT_VIO_CAUSE_CRASH_I,MCS_VIO_CAUSE_CRASH_I,IDOT_PERMIT_NO,WIDE_LOAD_I,TRAILER1_WIDTH,TRAILER2_WIDTH,TRAILER1_LENGTH,TRAILER2_LENGTH,TOTAL_VEHICLE_LENGTH,AXLE_CNT,VEHICLE_CONFIG,CARGO_BODY_TYPE,LOAD_TYPE,HAZMAT_OUT_OF_SERVICE_I,MCS_OUT_OF_SERVICE_I,HAZMAT_CLASS
2108034,cba4d37fe1f3b5f4b7912874c52798cd08c740961066057b29c882f60f175c034773b46d04b16ffa79f918ff00faa449ff39c0fc51a2e0bf450c5ac38896cf4a,07/16/2025 03:30:00 PM,1,DRIVER,,2009644,,TESLA,MODEL 3,,,UNKNOWN,UNKNOWN/NA,UNKNOWN/NA,UNKNOWN,UNKNOWN/NA,,,1,,,,,,,,,,,,,,,,,,FRONT,,,,,,,,,,,,,,,,,,,,,,,,,,,,,,,,,
2108035,cba4d37fe1f3b5f4b7912874c52798cd08c740961066057b29c882f60f175c034773b46d04b16ffa79f918ff00faa449ff39c0fc51a2e0bf450c5ac38896cf4a,07/16/2025 03:30:00 PM,2,DRIVER,1,2009651,,HONDA,CIVIC,IL,2017,NONE,PASSENGER,PERSONAL,N,SLOW/STOP IN TRAFFIC,,,2,,,,,,,,,,,,,,,,,,REAR,,,,,,,,,,,,,,,,,,,,,,,,,,,,,,,,,
2108036,cba4d37fe1f3b5f4b7912874c52798cd08c740961066057b29c882f60f175c034773b46d04b16ffa79f918ff00faa449ff39c0fc51a2e0bf450c5ac38896cf4a,07/16/2025 03:30:00 PM,3,DRIVER,,2009690,,CHEVROLET,TRAX,IL,2018,NONE,PASSENGER,PERSONAL,N,SLOW/STOP IN TRAFFIC,,,1,,,,,,,,,,,,,,,,,,REAR,,,,,,,,,,,,,,,,,,,,,,,,,,,,,,,,,
2108025,ec07d03c7ec5273fd25c248e976710a0a10175bac0bff599f463a3e4377fa1d746203f2235a1d1b4109f4d10e3ab763deb8d84f1b1ab30391ed044d9d434b96f,07/16/2025 03:30:00 PM,1,DRIVER,,2009635,,VOLKSWAGEN,ATLAS,IL,2024,UNKNOWN,SPORT UTILITY VEHICLE (SUV),UNKNOWN/NA,S,MERGING,,,1,,,,,,,,,,Y,Y,Y,,,,,,SIDE-LEFT-REAR,,,,,,,,,,,,,,,,,,,,,,,,,,,,,,,,,
2108026,ec07d03c7ec5273fd25c248e976710a0a10175bac0bff599f463a3e4377fa1d746203f2235a1d1b4109f4d10e3ab763deb8d84f1b1ab30391ed044d9d434b96f,07/16/2025 03:30:00 PM,2,DRIVER,,2009641,,KIA,SPORTAGE,IL,2023,UNKNOWN,SPORT UTILITY VEHICLE (SUV),UNKNOWN/NA,S,SLOW/STOP IN TRAFFIC,,,1,,,,,Y,Y,,,,,,,,,,Y,,SIDE-RIGHT-FRONT,,,,,,,,,,,,,,,,,,,,,,,,,,,,,,,,,
2108029,7f1cf59f4c7900de2bf5adf9cf6f7e7819b40bc315916d3f875e85da4f709026d4caa42b9f799436ebc61a99a3717311977770e930d372273f0d6785afd3c52d,07/16/2025 03:26:00 PM,1,DRIVER,1,2009660,,DODGE,RAM 1500 PU,IL,2024,NONE,PICKUP,OTHER,E,TURNING LEFT,,,2,,,,,N,,,,,,,,,,Y,,,FRONT-LEFT-CORNER,,,,,,,,,,,,,,,,,,,,,,,,,,,,,,,,,
2108030,7f1cf59f4c7900de2bf5adf9cf6f7e7819b40bc315916d3f875e85da4f709026d4caa42b9f799436ebc61a99a3717311977770e930d372273f0d6785afd3c52d,07/16/2025 03:26:00 PM,2,DRIVER,1,2009675,,NISSAN,ROGUE,IL,2023,NONE,PASSENGER,PERSONAL,NE,TURNING LEFT,,,2,,,,,,,,,,,,Y,Y,,,,,SIDE-LEFT-REAR,,,,,,,,,,,,,,,,,,,,,,,,,,,,,,,,,
2108046,24ffd466a6a8fb5975c3545b4859ed7bc23ce9e1bb99e7339835cfccf7f0f966e369dc021393325c442701a309dbbf2daec52315a43e00298341f740fbb7ddaf,07/16/2025 03:24:00 PM,1,DRIVER,,2009655,,VOLKSWAGEN,TIGUAN,IL,2021,NONE,SPORT UTILITY VEHICLE (SUV),PERSONAL,S,STRAIGHT AHEAD,,,1,,,,,,,,,,,,,,,,Y,,FRONT,,,,,,,,,,,,,,,,,,,,,,,,,,,,,,,,,
2108047,24ffd466a6a8fb5975c3545b4859ed7bc23ce9e1bb99e7339835cfccf7f0f966e369dc021393325c442701a309dbbf2daec52315a43e00298341f740fbb7ddaf,07/16/2025 03:24:00 PM,2,DRIVER,,2009665,,MERCEDES-BENZ,500 SERIES,IL,2003,NONE,PASSENGER,PERSONAL,W,STRAIGHT AHEAD,Y,,1,,UNKNOWN / AT OWNER'S EXPENSE,,,Y,,,Y,Y,,,,,,,Y,,SIDE-RIGHT-REAR,,,,,,,,,,,,,,,,,,,,,,,,,,,,,,,,,
2108048,24ffd466a6a8fb5975c3545b4859ed7bc23ce9e1bb99e7339835cfccf7f0f966e369dc021393325c442701a309dbbf2daec52315a43e00298341f740fbb7ddaf,07/16/2025 03:24:00 PM,3,PARKED,,2009672,,HONDA,CIVIC,IL,2025,NONE,PASSENGER,PERSONAL,W,PARKED,,,0,,,,,,,,,,Y,Y,Y,,,,,,REAR-LEFT-CORNER,,,,,,,,,,,,,,,,,,,,,,,,,,,,,,,,,
2108020,523e9e3d099278bfce32228f6b235bebb03aeb5cc2af45837cdca2f629767893358f116dbc82303b67f716d670253f607b7ab55a6273ecad94504dfe69fa6f00,07/16/2025 03:20:00 PM,1,DRIVER,,2009656,,CHEVROLET,IMPALA,IL,2017,NONE,PASSENGER,PERSONAL,W,STRAIGHT AHEAD,,,1,,,,,,,,,,Y,,,,,,,,TOP,,,,,,,,,,,,,,,,,,,,,,,,,,,,,,,,,
2114259,34909dbd05d1f23e6dd965cc8b613ab064bdf9b1fb4ad91893899d6a27393eb4da8d26f1f07cff27f9c1e2fdaa5c090a150e99a3ffa988e839a5e245f712f9bb,07/16/2025 03:16:00 PM,1,DRIVER,,2015540,,TOYOTA,CAMRY,IL,2012,UNKNOWN,PASSENGER,UNKNOWN/NA,S,AVOIDING VEHICLES/OBJECTS,,,1,,,,,,,,,,,,,,,,,Y,SIDE-LEFT,,,,,,,,,,,,,,,,,,,,,,,,,,,,,,,,,
2114260,34909dbd05d1f23e6dd965cc8b613ab064bdf9b1fb4ad91893899d6a27393eb4da8d26f1f07cff27f9c1e2fdaa5c090a150e99a3ffa988e839a5e245f712f9bb,07/16/2025 03:16:00 PM,2,DRIVER,,2015565,,ACURA,RLX,IL,2016,UNKNOWN,PASSENGER,PERSONAL,S,STRAIGHT AHEAD,,,1,,,,,Y,,,,,,,,,,,,,FRONT-RIGHT-CORNER,,,,,,,,,,,,,,,,,,,,,,,,,,,,,,,,,
2110767,158ecf05fda053a07e6186e213cb483bd2e15dc657c767e70ee57077bca45397c093d875f21eef44950e9fa63ece5234186918d4d5d0fd72a2d4c1ca76cced65,07/16/2025 03:15:00 PM,1,PEDESTRIAN,,,,,,,,,,,,,,,,,,,,,,,,,,,,,,,,,,,,,,,,,,,,,,,,,,,,,,,,,,,,,,,,,,
2110768,158ecf05fda053a07e6186e213cb483bd2e15dc657c767e70ee57077bca45397c093d875f21eef44950e9fa63ece5234186918d4d5d0fd72a2d4c1ca76cced65,07/16/2025 03:15:00 PM,2,DRIVER,1,2012214,,INTERNATIONAL TRAILER CORPORATION,INTERNATIONAL TRAILER CORP.,IL,2009,UNKNOWN,TRUCK - SINGLE UNIT,COMMERCIAL - MULTI-UNIT,UNKNOWN,BACKING,,,2,,,,Y,,,,,,,,,,,,,,NONE,,,,,,,,,,,,,,,,,,,,,,,,,,,,,,,,,
2108005,00a1d159928c7a2ee4a95a55a904c03dd029012a36fa2ddb02c7967c1113d770b4b6a9d7fad719882bfffec89f917666bab303bb6d1297f3b4023a2a302d1ef7,07/16/2025 03:13:00 PM,1,DRIVER,,2009620,,FORD,ESCAPE,IL,2020,NONE,SPORT UTILITY VEHICLE (SUV),PERSONAL,N,STRAIGHT AHEAD,,,1,,,,,,,,,,,,,,,,,,FRONT-LEFT-CORNER,,,,,,,,,,,,,,,,,,,,,,,,,,,,,,,,,
2108006,00a1d159928c7a2ee4a95a55a904c03dd029012a36fa2ddb02c7967c1113d770b4b6a9d7fad719882bfffec89f917666bab303bb6d1297f3b4023a2a302d1ef7,07/16/2025 03:13:00 PM,2,DRIVER,,2009629,,MITSUBISHI,ECLIPSE,IL,2019,NONE,PASSENGER,PERSONAL,N,STRAIGHT AHEAD,,,1,,,,,,Y,Y,Y,,,,,,,,,,SIDE-RIGHT,,,,,,,,,,,,,,,,,,,,,,,,,,,,,,,,,
2108027,5f344c8ae6bcf950e55c2761f305176646b42178b5dc3e4958b6f118232c1abf92794b5e88ef28c9712f8782356d4d1607e098366464e5c23c2284d765a9acec,07/16/2025 03:12:00 PM,1,DRIVER,,2009637,,TOYOTA,CAMRY,IL,2010,NONE,PASSENGER,PERSONAL,NW,ENTERING TRAFFIC LANE FROM PARKING,,,1,,,,,,,,,,,,,,Y,Y,,,FRONT-LEFT-CORNER,,,,,,,,,,,,,,,,,,,,,,,,,,,,,,,,,
2108028,5f344c8ae6bcf950e55c2761f305176646b42178b5dc3e4958b6f118232c1abf92794b5e88ef28c9712f8782356d4d1607e098366464e5c23c2284d765a9acec,07/16/2025 03:12:00 PM,2,BICYCLE,,,,,,,,,,,,,,,,,,,,,,,,,,,,,,,,,,,,,,,,,,,,,,,,,,,,,,,,,,,,,,,,,,
2108014,323116eb6de87923a89cc1e872d9303e1821690032bba344ab486cc74cb88af230bd62705169864a45a9b0267f0c938b43acc6e1134b7e0536e4c87aa2cd777e,07/16/2025 02:56:00 PM,1,DRIVER,,2009643,,HONDA,CR-V,IL,2015,UNKNOWN,PASSENGER,UNKNOWN/NA,W,CHANGING LANES,,,1,,,,,,,,,,,,,,,,,Y,UNKNOWN,,,,,,,,,,,,,,,,,,,,,,,,,,,,,,,,,
2108015,323116eb6de87923a89cc1e872d9303e1821690032bba344ab486cc74cb88af230bd62705169864a45a9b0267f0c938b43acc6e1134b7e0536e4c87aa2cd777e,07/16/2025 02:56:00 PM,2,DRIVER,,2009630,,FORD,RANGER,IL,2021,NONE,PASSENGER,PERSONAL,W,STRAIGHT AHEAD,,,1,,,,,,,,,,,Y,Y,,,,,,REAR-LEFT-CORNER,,,,,,,,,,,,,,,,,,,,,,,,,,,,,,,,,
2107977,4ac1390bc21b7dffa657c1675afd25357b87a88c9177eee85a94fa7c9f61f76bce27307794619675768b755eeef289e75476f46ff259ecfd98bc2944d288c4c2,07/16/2025 02:56:00 PM,1,DRIVER,,2009601,,BMW,OTHER (EXPLAIN IN NARRATIVE),IL,2014,UNKNOWN,PASSENGER,UNKNOWN/NA,N,BACKING,,,1,,,,,,,,,,,,,,,Y,,,FRONT-LEFT-CORNER,,,,,,,,,,,,,,,,,,,,,,,,,,,,,,,,,
2107978,4ac1390bc21b7dffa657c1675afd25357b87a88c9177eee85a94fa7c9f61f76bce27307794619675768b755eeef289e75476f46ff259ecfd98bc2944d288c4c2,07/16/2025 02:56:00 PM,2,PARKED,,2009590,,HONDA,CIVIC,IL,1997,NONE,PASSENGER,PERSONAL,N,PARKED,,,0,,,,,,,,,Y,,,,,,,,,REAR-RIGHT-CORNER,,,,,,,,,,,,,,,,,,,,,,,,,,,,,,,,,
2107971,e338241cd6f405bc0da076540bc549031d133ee972fb5f399668fca3165578b6da62b06d5082900d55be42f01d4927398c4a32ece4214c2722ca2a33cc72c0c0,07/16/2025 02:55:00 PM,1,DRIVER,,2009595,,HONDA,ODYSSEY,IL,2015,UNKNOWN,UNKNOWN/NA,UNKNOWN/NA,S,STRAIGHT AHEAD,,,1,,,,,,,,,,,,,,,,,,FRONT,,,,,,,,,,,,,,,,,,,,,,,,,,,,,,,,,
2107972,e338241cd6f405bc0da076540bc549031d133ee972fb5f399668fca3165578b6da62b06d5082900d55be42f01d4927398c4a32ece4214c2722ca2a33cc72c0c0,07/16/2025 02:55:00 PM,2,DRIVER,,2009586,,HONDA,CIVIC,IL,2024,UNKNOWN,PASSENGER,UNKNOWN/NA,S,STRAIGHT AHEAD,,,1,,,,,,,,,,,,,,,,,,REAR,,,,,,,,,,,,,,,,,,,,,,,,,,,,,,,,,
2108118,727e3d28f0965b04be681f41432ef90ba6a8d3ec6243e6497aa0e43aac89e1b35d1e2f61310bda579c597984bd901602a49ce63dd62b50d85e061ce6a21eaf44,07/16/2025 02:53:00 PM,1,DRIVER,,2009733,,MERCEDES-BENZ,400 SERIES,,,UNKNOWN,PASSENGER,PERSONAL,S,STRAIGHT AHEAD,,,1,,,,,Y,,,,,,,,,,,Y,,FRONT-RIGHT-CORNER,,,,,,,,,,,,,,,,,,,,,,,,,,,,,,,,,
2108119,727e3d28f0965b04be681f41432ef90ba6a8d3ec6243e6497aa0e43aac89e1b35d1e2f61310bda579c597984bd901602a49ce63dd62b50d85e061ce6a21eaf44,07/16/2025 02:53:00 PM,2,BICYCLE,,,,,,,,,,,,,,,,,,,,,,,,,,,,,,,,,,,,,,,,,,,,,,,,,,,,,,,,,,,,,,,,,,
2107961,0ab7cdb2b5100e068646eb9ecafb680d948290750f07f1faa65c4e36e1724666394d3f3df003b7c244b8390d7b2e1dd8b9fefde8062df28635c8aa34bfbc15df,07/16/2025 02:40:00 PM,1,DRIVER,,2009572,,TOYOTA,RAV4,IL,2007,NONE,SPORT UTILITY VEHICLE (SUV),PERSONAL,E,BACKING,,,1,,,,,,,,,,,Y,,,,,,,REAR-LEFT-CORNER,,,,,,,,,,,,,,,,,,,,,,,,,,,,,,,,,
2107962,0ab7cdb2b5100e068646eb9ecafb680d948290750f07f1faa65c4e36e1724666394d3f3df003b7c244b8390d7b2e1dd8b9fefde8062df28635c8aa34bfbc15df,07/16/2025 02:40:00 PM,2,DRIVER,,2009576,,MERCEDES-BENZ,GLC,IL,2024,NONE,PASSENGER,PERSONAL,S,SLOW/STOP IN TRAFFIC,,,1,,,,,,,,,Y,,,,,,,,,REAR-RIGHT-CORNER,,,,,,,,,,,,,,,,,,,,,,,,,,,,,,,,,
2107994,67f5e499870c7d753431285460bb6d88fd9cd840228e13142c5fdc5aa92c22a88c78c751428f8c28f60134af7f3127580ed85abaf8ae5ec1b97aa761f9983f63,07/16/2025 02:40:00 PM,1,DRIVER,,2009616,,CHEVROLET,IMPALA,IL,2004,UNKNOWN,PASSENGER,UNKNOWN/NA,N,STRAIGHT AHEAD,,,1,,,,,,,,,,,,,,,,,Y,FRONT,,,,,,,,,,,,,,,,,,,,,,,,,,,,,,,,,
2107995,67f5e499870c7d753431285460bb6d88fd9cd840228e13142c5fdc5aa92c22a88c78c751428f8c28f60134af7f3127580ed85abaf8ae5ec1b97aa761f9983f63,07/16/2025 02:40:00 PM,2,DRIVER,,2009613,,FORD,TRANSIT,IL,2022,UNKNOWN,VAN/MINI-VAN,PERSONAL,N,SLOW/STOP IN TRAFFIC,,,1,,,,,,,,,Y,Y,,,,,,,,REAR,,,,,,,,,,,,,,,,,,,,,,,,,,,,,,,,,
2108042,7102fcd3b68a9e7a6f14840811a00f1525b316952a2057c356c3692a0966c85d41c76600a3991b0064bf5abd997d8caaf20fbfd8b8b24ce5b8da93cad80119db,07/16/2025 02:40:00 PM,1,DRIVER,,2009658,,TOYOTA,CAMRY,IL,2025,NONE,PASSENGER,PERSONAL,W,TURNING LEFT,,,1,,,,,,,,,,,,,,Y,Y,Y,,FRONT-LEFT-CORNER,,,,,,,,,,,,,,,,,,,,,,,,,,,,,,,,,
2108043,7102fcd3b68a9e7a6f14840811a00f1525b316952a2057c356c3692a0966c85d41c76600a3991b0064bf5abd997d8caaf20fbfd8b8b24ce5b8da93cad80119db,07/16/2025 02:40:00 PM,2,DRIVER,,2009668,,MAZDA,CX-30,IL,2024,UNKNOWN,SPORT UTILITY VEHICLE (SUV),PERSONAL,N,TURNING LEFT,,,1,,,,,Y,Y,,,,,,,,,,Y,,FRONT-RIGHT-CORNER,,,,,,,,,,,,,,,,,,,,,,,,,,,,,,,,,
2108007,be34e3065a38b2eabf11df72128c94b01608b79851077aee2bc2510f08ab9e8a8430b30274a2842440321d766205ca6c7c4f923052c891665cd259cf81484f6d,07/16/2025 02:40:00 PM,1,DRIVER,,2009621,,TOYOTA,OTHER (EXPLAIN IN NARRATIVE),IL,2011,TIRES,PASSENGER,PERSONAL,S,STRAIGHT AHEAD,Y,,1,,PRIVATE,,,Y,Y,,,Y,Y,Y,,,,,,,FRONT-RIGHT-CORNER,,,,,,,,,,,,,,,,,,,,,,,,,,,,,,,,,
2108008,be34e3065a38b2eabf11df72128c94b01608b79851077aee2bc2510f08ab9e8a8430b30274a2842440321d766205ca6c7c4f923052c891665cd259cf81484f6d,07/16/2025 02:40:00 PM,2,PARKED,,2009625,Y,FREIGHTLINER CORPORATION,OTHER (EXPLAIN IN NARRATIVE),IL,2000,NONE,TRACTOR W/ SEMI-TRAILER,COMMERCIAL - MULTI-UNIT,S,PARKED,,,0,,,,,,,,,,,Y,Y,Y,N,N,,,SIDE-LEFT-REAR,"21,828",692947,,,,,NEW BERN TRANSPORT CORP,IL,CHICAGO,,,,,,,,,,,,,,,,,,,"SINGLE UNIT TRUCK, 2 AXLES, 6 TIRES",VAN/ENCLOSED BOX,OTHER,,,
2108009,be34e3065a38b2eabf11df72128c94b01608b79851077aee2bc2510f08ab9e8a8430b30274a2842440321d766205ca6c7c4f923052c891665cd259cf81484f6d,07/16/2025 02:40:00 PM,3,PARKED,,2009638,,TOYOTA,TUNDRA,IL,2021,NONE,PICKUP,PERSONAL,S,PARKED,,,0,,,,,,,,,,,Y,Y,Y,Y,Y,,,SIDE-LEFT,,,,,,,,,,,,,,,,,,,,,,,,,,,,,,,,,
2108037,eb552296824400bec0c065d075b27fad43ad5524566167d3a4595c2ad6838d0da4f8b3004d835930a252cc8fea170a49ff343270da432718afd6d2908f8926e6,07/16/2025 02:40:00 PM,1,DRIVER,,2009646,,LEXUS,ES350,IL,2016,NONE,PASSENGER,PERSONAL,E,TURNING LEFT,,,1,,,,,Y,Y,,,,,,,,,,,,FRONT-RIGHT-CORNER,,,,,,,,,,,,,,,,,,,,,,,,,,,,,,,,,
2108038,eb552296824400bec0c065d075b27fad43ad5524566167d3a4595c2ad6838d0da4f8b3004d835930a252cc8fea170a49ff343270da432718afd6d2908f8926e6,07/16/2025 02:40:00 PM,2,BICYCLE,,,,,,,,,,,,,,,,,,,,,,,,,,,,,,,,,,,,,,,,,,,,,,,,,,,,,,,,,,,,,,,,,,
2108250,14e8fc6c495ba5de815ee0d38820103762710605cfbdbc5a9dafeb2abe8b21b87918d84ad465f1352c149a083b46188f4713cd498dc1bad11e3c70e6d1536e38,07/16/2025 02:30:00 PM,1,DRIVER,,2009839,,FORD,EXPLORER,IL,2001,UNKNOWN,PASSENGER,UNKNOWN/NA,N,BACKING,,,1,,,,,,,,Y,Y,Y,,,,,,,Y,REAR-RIGHT-CORNER,,,,,,,,,,,,,,,,,,,,,,,,,,,,,,,,,
2108251,14e8fc6c495ba5de815ee0d38820103762710605cfbdbc5a9dafeb2abe8b21b87918d84ad465f1352c149a083b46188f4713cd498dc1bad11e3c70e6d1536e38,07/16/2025 02:30:00 PM,2,PARKED,,2009845,,PONTIAC,G8,IL,2009,UNKNOWN,PASSENGER,PERSONAL,S,PARKED,,,0,,,,,,,,,,,,,Y,Y,Y,,,SIDE-LEFT-FRONT,,,,,,,,,,,,,,,,,,,,,,,,,,,,,,,,,
2107981,3981515c1647296eb80f1b751729749d2352790c42e8dccc14a955d44f0d5c0356ed205e1ffaf8ad3e58858edcaf02a561abc1229804264638f7f8f8955651be,07/16/2025 02:30:00 PM,1,DRIVER,2,2009622,,FORD,ESCAPE,IL,2009,BRAKES,PASSENGER,PERSONAL,SW,STRAIGHT AHEAD,,,3,,,,,Y,,,,,,,,,Y,Y,Y,,FRONT,,,,,,,,,,,,,,,,,,,,,,,,,,,,,,,,,
2107982,3981515c1647296eb80f1b751729749d2352790c42e8dccc14a955d44f0d5c0356ed205e1ffaf8ad3e58858edcaf02a561abc1229804264638f7f8f8955651be,07/16/2025 02:30:00 PM,2,DRIVER,,2009628,,PORSCHE,PANAMERA,IL,2023,NONE,PASSENGER,PERSONAL,S,STRAIGHT AHEAD,Y,,1,,private insurance,garage,,,,,,,,Y,Y,Y,,,,,REAR-LEFT-CORNER,,,,,,,,,,,,,,,,,,,,,,,,,,,,,,,,,
2111110,a9d6e062307e26482ed7189c2540f1d856bff39572ff4e32cc577d3f076d35b0926d0f8c6a3bb59af9c7683a10030ebf0c765d252a277b5ac37feddab6b3af8b,07/16/2025 02:30:00 PM,1,DRIVER,,2012542,,UNKNOWN,OTHER (EXPLAIN IN NARRATIVE),IL,,UNKNOWN,UNKNOWN/NA,UNKNOWN/NA,E,STRAIGHT AHEAD,,,1,,,,,Y,,,,,,,,,,Y,Y,,FRONT,,,,,,,,,,,,,,,,,,,,,,,,,,,,,,,,,
2111111,a9d6e062307e26482ed7189c2540f1d856bff39572ff4e32cc577d3f076d35b0926d0f8c6a3bb59af9c7683a10030ebf0c765d252a277b5ac37feddab6b3af8b,07/16/2025 02:30:00 PM,2,DRIVER,,2012556,,KIA,FORTE,IL,2021,NONE,PASSENGER,PERSONAL,E,TURNING LEFT,,,1,,,,,,,,,Y,Y,Y,,,,,,,REAR,,,,,,,,,,,,,,,,,,,,,,,,,,,,,,,,,
2108018,e12173b995f4f148901bf18970b7815e3d4a0601f1993138a1ef022b182da727181deecbdd9d83c40858fbdc534226e631b1e46e5647c4fa2ab6ec530cb8aab4,07/16/2025 02:30:00 PM,1,DRIVER,,2009636,,CHEVROLET,TRAX,IL,2025,UNKNOWN,SPORT UTILITY VEHICLE (SUV),PERSONAL,W,ENTERING TRAFFIC LANE FROM PARKING,,,1,,,,,,,,,,,,,,,,,Y,FRONT,,,,,,,,,,,,,,,,,,,,,,,,,,,,,,,,,
2108019,e12173b995f4f148901bf18970b7815e3d4a0601f1993138a1ef022b182da727181deecbdd9d83c40858fbdc534226e631b1e46e5647c4fa2ab6ec530cb8aab4,07/16/2025 02:30:00 PM,2,PARKED,1,2009639,,KIA,SELTOS,IL,2025,UNKNOWN,SPORT UTILITY VEHICLE (SUV),NOT IN USE,W,PARKED,,,1,,,,,,,,,,Y,,,,,,,,REAR,,,,,,,,,,,,,,,,,,,,,,,,,,,,,,,,,
2107969,e5b223ac051d0209b352205d6eb3989fff1e1c55dee6c352e8e12c95fb9089ebe203575fa98d7ac830f937a04d34bde7a66037e7bf024d1f2b1d1683bd1cac1d,07/16/2025 02:30:00 PM,1,DRIVER,,2009578,,HYUNDAI,ELANTRA,IL,2009,UNKNOWN,PASSENGER,PERSONAL,S,UNKNOWN/NA,,,1,,,,,,,,,,,,,,,,,Y,SIDE-LEFT,,,,,,,,,,,,,,,,,,,,,,,,,,,,,,,,,
2107970,e5b223ac051d0209b352205d6eb3989fff1e1c55dee6c352e8e12c95fb9089ebe203575fa98d7ac830f937a04d34bde7a66037e7bf024d1f2b1d1683bd1cac1d,07/16/2025 02:30:00 PM,2,DRIVER,,2009605,,VOLVO,OTHER (EXPLAIN IN NARRATIVE),IL,2015,UNKNOWN,PASSENGER,PERSONAL,S,SLOW/STOP IN TRAFFIC,,,1,,,,,Y,Y,Y,Y,Y,,,,,,,,,SIDE-RIGHT,,,,,,,,,,,,,,,,,,,,,,,,,,,,,,,,,
2107992,1a5b4f644d2266accd75a6e73d743ede421324266b545bb6e08f485586050f6d6061f478f4434176732fb2d5b8190e78b46dc74a46a0edff11b277a3b9ad73f6,07/16/2025 02:20:00 PM,1,DRIVER,,2009614,,TOYOTA,COROLLA,FL,,UNKNOWN,PASSENGER,COMMERCIAL - SINGLE UNIT,E,STRAIGHT AHEAD,,,1,,,,,,,,,,,,,,,,,Y,FRONT,,,,,,,,,,,,,,,,,,,,,,,,,,,,,,,,,
2107993,1a5b4f644d2266accd75a6e73d743ede421324266b545bb6e08f485586050f6d6061f478f4434176732fb2d5b8190e78b46dc74a46a0edff11b277a3b9ad73f6,07/16/2025 02:20:00 PM,2,DRIVER,,2009624,,TESLA,MODEL 3,IL,2023,UNKNOWN,PASSENGER,PERSONAL,E,STRAIGHT AHEAD,,,1,,,,,,,,,,,Y,,,,,,Y,REAR-LEFT-CORNER,,,,,,,,,,,,,,,,,,,,,,,,,,,,,,,,,
2108003,5a556ade800d4bd6cfa6070856deb7dd8f39aa113b57b73e9d233bf88c75da3d674629b81455bd9b18502838d0d463bca398b01c73547b6e06e27d8448868ccb,07/16/2025 02:15:00 PM,1,DRIVER,,2009627,,HONDA,CR-V,IL,2022,NONE,SPORT UTILITY VEHICLE (SUV),PERSONAL,UNKNOWN,STRAIGHT AHEAD,,,1,,,,,Y,,,,,,,,,,N,Y,,FRONT-RIGHT-CORNER,,,,,,,,,,,,,,,,,,,,,,,,,,,,,,,,,
2108004,5a556ade800d4bd6cfa6070856deb7dd8f39aa113b57b73e9d233bf88c75da3d674629b81455bd9b18502838d0d463bca398b01c73547b6e06e27d8448868ccb,07/16/2025 02:15:00 PM,2,DRIVER,,2009623,,CHRYSLER,PACIFICA,IL,2018,NONE,VAN/MINI-VAN,PERSONAL,E,STRAIGHT AHEAD,,,1,,,,,,,,,,,Y,Y,Y,,,,,SIDE-LEFT-REAR,,,,,,,,,,,,,,,,,,,,,,,,,,,,,,,,,
2107975,81b1bc6dd4920a765e0dbfe60003355cea02d177e4e320f58160a69040c93104b0a289a42e9d3b3277f7031506f84998389f94c1a5da9261563032b478b090dc,07/16/2025 02:15:00 PM,1,DRIVER,,2009587,,MERCEDES-BENZ,SPRINTER,IL,2015,UNKNOWN,VAN/MINI-VAN,OTHER,S,BACKING,,,1,,,,Y,,,,,,,,,,,,,,REAR-LEFT-CORNER,,,,,,,,,,,,,,,,,,,,,,,,,,,,,,,,,
2107976,81b1bc6dd4920a765e0dbfe60003355cea02d177e4e320f58160a69040c93104b0a289a42e9d3b3277f7031506f84998389f94c1a5da9261563032b478b090dc,07/16/2025 02:15:00 PM,2,PARKED,,2009592,,CHEVROLET,OTHER (EXPLAIN IN NARRATIVE),IL,2017,UNKNOWN,PASSENGER,NOT IN USE,N,PARKED,,,0,,,,,Y,Y,Y,,,,,,,,,,,SIDE-RIGHT-FRONT,,,,,,,,,,,,,,,,,,,,,,,,,,,,,,,,,