CRASH_UNIT_ID,CRASH_RECORD_ID,CRASH_DATE,UNIT_NO,UNIT_TYPE,NUM_PASSENGERS,VEHICLE_ID,CMRC_VEH_I,MAKE,MODEL,LIC_PLATE_STATE,VEHICLE_YEAR,VEHICLE_DEFECT,VEHICLE_TYPE,VEHICLE_USE,TRAVEL_DIRECTION,MANEUVER,TOWED_I,FIRE_I,OCCUPANT_CNT,EXCEED_SPEED_LIMIT_I,TOWED_BY,TOWED_TO,AREA_00_I,AREA_01_I,AREA_02_I,AREA_03_I,AREA_04_I,AREA_05_I,AREA_06_I,AREA_07_I,AREA_08_I,AREA_09_I,AREA_10_I,AREA_11_I,AREA_12_I,AREA_99_I,FIRST_CONTACT_POINT,CMV_ID,USDOT_NO,CCMC_NO,ILCC_NO,COMMERCIAL_SRC,GVWR,CARRIER_NAME,CARRIER_STATE,CARRIER_CITY,HAZMAT_PLACARDS_I,HAZMAT_NAME,UN_NO,HAZMAT_PRESENT_I,HAZMAT_REPORT_I,HAZMAT_REPORT_NO,MCS_REPORT_I,MCS_REPORT_NO,HAZMAT_VIO_CAUSE_CRASH_I,MCS_VIO_CAUSE_CRASH_I,IDOT_PERMIT_NO,WIDE_LOAD_I,TRAILER1_WIDTH,TRAILER2_WIDTH,TRAILER1_LENGTH,TRAILER2_LENGTH,TOTAL_VEHICLE_LENGTH,AXLE_CNT,VEHICLE_CONFIG,CARGO_BODY_TYPE,LOAD_TYPE,HAZMAT_OUT_OF_SERVICE_I,MCS_OUT_OF_SERVICE_I,HAZMAT_CLASS
2114131,16b077aae9eeda498b9e46473512cd1c6fa3534b212275f9380f793d3a97fd2320a7349180a5f9a79ff3ae63b5829c4bd125c3f4691584615d49222edcfb1448,07/16/2025 02:10:00 PM,1,DRIVER,,2015411,,UNKNOWN,OTHER (EXPLAIN IN NARRATIVE),IL,,UNKNOWN,UNKNOWN/NA,UNKNOWN/NA,E,UNKNOWN/NA,,,1,,,,,,,,,,,,,,,,,Y,UNKNOWN,,,,,,,,,,,,,,,,,,,,,,,,,,,,,,,,,
2114132,16b077aae9eeda498b9e46473512cd1c6fa3534b212275f9380f793d3a97fd2320a7349180a5f9a79ff3ae63b5829c4bd125c3f4691584615d49222edcfb1448,07/16/2025 02:10:00 PM,2,DRIVER,,2015412,,TOYOTA,COROLLA,IL,2024,UNKNOWN,PASSENGER,UNKNOWN/NA,W,BACKING,,,1,,,,,,,,,,Y,,,,,,,,REAR,,,,,,,,,,,,,,,,,,,,,,,,,,,,,,,,,
2107951,8d6209db5a02e0f57f4dfb48f4429674e6b2fe09ae292e685d883d43b39f0af71822ab1fa8d3b57b4dad4a6e66e99cc04ceb8d24cd02897deb2de147c2c24d9f,07/16/2025 02:10:00 PM,1,DRIVER,,2009571,,VOLVO,XC60,IL,2025,UNKNOWN,SPORT UTILITY VEHICLE (SUV),PERSONAL,W,STRAIGHT AHEAD,,,1,,,,,Y,Y,,,,,,,,,,Y,,FRONT-RIGHT-CORNER,,,,,,,,,,,,,,,,,,,,,,,,,,,,,,,,,
2107952,8d6209db5a02e0f57f4dfb48f4429674e6b2fe09ae292e685d883d43b39f0af71822ab1fa8d3b57b4dad4a6e66e99cc04ceb8d24cd02897deb2de147c2c24d9f,07/16/2025 02:10:00 PM,2,DRIVER,1,2009573,,TOYOTA,CAMRY,IL,2024,UNKNOWN,PASSENGER,RIDESHARE SERVICE,W,TURNING LEFT,,,2,,,,,,,,,,,Y,Y,Y,,,,,SIDE-LEFT-REAR,,,,,,,,,,,,,,,,,,,,,,,,,,,,,,,,,
2108254,0eb8f3d60a4f30b82cdd0498031d3c818080872b1a29970d43ff9071905e4bfc86dc73404e7b57ecb1f664b415f6453b9f462f732cccb9aad852c82c5e9c8fa4,07/16/2025 02:05:00 PM,1,DRIVER,,2009835,,HONDA,CR-V,IL,2018,NONE,PASSENGER,PERSONAL,S,TURNING LEFT,,,1,,,,,Y,Y,,,,,,,,,,Y,,FRONT-RIGHT-CORNER,,,,,,,,,,,,,,,,,,,,,,,,,,,,,,,,,
2108255,0eb8f3d60a4f30b82cdd0498031d3c818080872b1a29970d43ff9071905e4bfc86dc73404e7b57ecb1f664b415f6453b9f462f732cccb9aad852c82c5e9c8fa4,07/16/2025 02:05:00 PM,2,DRIVER,,2009836,,TOYOTA,TACOMA,IL,2023,NONE,PICKUP,PERSONAL,N,STRAIGHT AHEAD,,,1,,,,,Y,,,,,,,,,,Y,Y,,FRONT,,,,,,,,,,,,,,,,,,,,,,,,,,,,,,,,,
2108016,d18bd7de7105dd21a3cc108ef49bd1c15a0b75a3d2babc478f8cbb57dfb2668a04e48144b52d4f9832fd936f1134427c23600351f8793d90656c7a1eb8568a7f,07/16/2025 02:03:00 PM,1,DRIVER,,2009631,,CHEVROLET,AVALANCHE,IN,2005,NONE,PICKUP,PERSONAL,S,STRAIGHT AHEAD,,,1,,,,,Y,,,,,,,,,,,,,FRONT-RIGHT-CORNER,,,,,,,,,,,,,,,,,,,,,,,,,,,,,,,,,
2108017,d18bd7de7105dd21a3cc108ef49bd1c15a0b75a3d2babc478f8cbb57dfb2668a04e48144b52d4f9832fd936f1134427c23600351f8793d90656c7a1eb8568a7f,07/16/2025 02:03:00 PM,2,DRIVER,,2009640,,HYUNDAI,SANTA FE,IL,2008,NONE,PASSENGER,PERSONAL,E,STRAIGHT AHEAD,,,1,,,,,,,,,,,Y,Y,Y,,,,,SIDE-LEFT,,,,,,,,,,,,,,,,,,,,,,,,,,,,,,,,,
2108010,2a39a5110b7c68d1785518cde30c48a927e60b6193660b5f770499f0bbb7a527e91688a7df218aef1d25f72e9b6179061cc3444dc850345aa23f050773600895,07/16/2025 02:00:00 PM,1,DRIVER,,2009618,,UNKNOWN,OTHER (EXPLAIN IN NARRATIVE),IL,,UNKNOWN,UNKNOWN/NA,UNKNOWN/NA,UNKNOWN,UNKNOWN/NA,,,1,,,,,,,,,,,,,,,,,Y,UNKNOWN,,,,,,,,,,,,,,,,,,,,,,,,,,,,,,,,,
2108011,2a39a5110b7c68d1785518cde30c48a927e60b6193660b5f770499f0bbb7a527e91688a7df218aef1d25f72e9b6179061cc3444dc850345aa23f050773600895,07/16/2025 02:00:00 PM,2,PARKED,,2009626,,CHRYSLER,PACIFICA,IL,2025,UNKNOWN,VAN/MINI-VAN,PERSONAL,UNKNOWN,PARKED,,,0,,,,,,,,,,,Y,Y,,,,,,REAR-LEFT-CORNER,,,,,,,,,,,,,,,,,,,,,,,,,,,,,,,,,
2107983,584c6fb5761735eb534b35e442ec9c4b0038e394bdc33122216442a5d8f1176b811c8eb82489b8966daa40850667ea2f3a6b2d663855b3229c7452e180ed7d79,07/16/2025 02:00:00 PM,1,DRIVER,,2009599,,UNKNOWN,MOTORIZED,,,NONE,UNKNOWN/NA,UNKNOWN/NA,UNKNOWN,UNKNOWN/NA,,,1,,,,,,,,,,,,,,,,,Y,UNKNOWN,,,,,,,,,,,,,,,,,,,,,,,,,,,,,,,,,
2107984,584c6fb5761735eb534b35e442ec9c4b0038e394bdc33122216442a5d8f1176b811c8eb82489b8966daa40850667ea2f3a6b2d663855b3229c7452e180ed7d79,07/16/2025 02:00:00 PM,2,PARKED,,2009610,N,ENGLISH FORD (BRITISH),OTHER (EXPLAIN IN NARRATIVE),IL,,NONE,VAN/MINI-VAN,NOT IN USE,UNKNOWN,PARKED,Y,,0,,,,,,,,,,,,,,Y,Y,,,FRONT-LEFT-CORNER,,,,,,,,,,,,,,,,,,,,,,,,,,,,,,,,,
2107928,833dab607cc9f4741d386718e2d26eea0950e9ec7aa88195f3cf1ff8922e7aaa230c7392c58372da7f588af87013ce791011d3ab3c4f29fd2bf138602f9a3a84,07/16/2025 02:00:00 PM,1,DRIVER,,2009560,,CHEVROLET,MALIBU,IL,2022,UNKNOWN,PASSENGER,UNKNOWN/NA,E,STRAIGHT AHEAD,,,1,,,,,,,,,,,,,,Y,Y,,,FRONT-LEFT-CORNER,,,,,,,,,,,,,,,,,,,,,,,,,,,,,,,,,
2107929,833dab607cc9f4741d386718e2d26eea0950e9ec7aa88195f3cf1ff8922e7aaa230c7392c58372da7f588af87013ce791011d3ab3c4f29fd2bf138602f9a3a84,07/16/2025 02:00:00 PM,2,DRIVER,,2009553,,FORD,FOCUS,,2012,UNKNOWN,PASSENGER,PERSONAL,SE,STRAIGHT AHEAD,,,1,,,,,N,Y,Y,,,,,,,,,,,SIDE-RIGHT,,,,,,,,,,,,,,,,,,,,,,,,,,,,,,,,,
2111372,b37fe98055dde93df7030d1465a7fb23147e769995d703027850db3c3ced9ffea8417b1ba38db8c8ff6499bacb25aca61f9d3784fc94f4c24664cbdb20b841a2,07/16/2025 02:00:00 PM,1,DRIVER,,2012788,,TOYOTA,TUNDRA,IL,2024,UNKNOWN,PICKUP,PERSONAL,W,STRAIGHT AHEAD,,,1,,,,,,,,,,,,,,,,,,FRONT,,,,,,,,,,,,,,,,,,,,,,,,,,,,,,,,,
2111373,b37fe98055dde93df7030d1465a7fb23147e769995d703027850db3c3ced9ffea8417b1ba38db8c8ff6499bacb25aca61f9d3784fc94f4c24664cbdb20b841a2,07/16/2025 02:00:00 PM,2,DRIVER,3,2012789,,KIA,SPORTAGE,IL,2025,NONE,VAN/MINI-VAN,PERSONAL,W,STRAIGHT AHEAD,,,4,,,,,,,,,Y,Y,Y,,,,,,,REAR,,,,,,,,,,,,,,,,,,,,,,,,,,,,,,,,,
2108049,c13f2b657def48fce20ab27cbda45d69d5041cc44b8d525cc70c7af25ee4b77d081a581c3c187051b53d8a0a77565e404a4c4b3833729f7b723b45431a702b89,07/16/2025 02:00:00 PM,1,DRIVER,1,2009657,,FORD,EXPLORER,IL,2017,UNKNOWN,PASSENGER,UNKNOWN/NA,UNKNOWN,OTHER,,,2,,,,,,,,,,,,,,,,,Y,SIDE-LEFT-REAR,,,,,,,,,,,,,,,,,,,,,,,,,,,,,,,,,
2108050,c13f2b657def48fce20ab27cbda45d69d5041cc44b8d525cc70c7af25ee4b77d081a581c3c187051b53d8a0a77565e404a4c4b3833729f7b723b45431a702b89,07/16/2025 02:00:00 PM,2,DRIVER,,2009678,,FORD,EXPLORER,IL,2022,NONE,PASSENGER,PERSONAL,UNKNOWN,OTHER,,,1,,,,,,,,,,,,,Y,Y,,,,SIDE-LEFT,,,,,,,,,,,,,,,,,,,,,,,,,,,,,,,,,
2108172,cc0539aea43d90847d157abbc45955415408ac5df933873ca9a32449613d587ff41cf87ecb258677b3fc3525b78a75afd1ea9b0440a1daf9029e9d611249cfcf,07/16/2025 02:00:00 PM,1,DRIVER,,2009759,,CHEVROLET,TRAX,IL,2020,UNKNOWN,SPORT UTILITY VEHICLE (SUV),PERSONAL,W,STRAIGHT AHEAD,,,1,,,,,,,,,,,,,,,,,,FRONT,,,,,,,,,,,,,,,,,,,,,,,,,,,,,,,,,
2108173,cc0539aea43d90847d157abbc45955415408ac5df933873ca9a32449613d587ff41cf87ecb258677b3fc3525b78a75afd1ea9b0440a1daf9029e9d611249cfcf,07/16/2025 02:00:00 PM,2,DRIVER,,2009764,,HONDA,CR-V,IL,2016,UNKNOWN,SPORT UTILITY VEHICLE (SUV),PERSONAL,W,SLOW/STOP IN TRAFFIC,,,1,,,,,,,,,,Y,,,,,,,,REAR,,,,,,,,,,,,,,,,,,,,,,,,,,,,,,,,,
2108460,f026787fbba9c9c9ac7b9e6a5b837948e6dbb16c07a1feec946185eb8df86ae63d06def5c7c3335016b7e01716f13438691735911a788a81d1ecafaf29b315c9,07/16/2025 02:00:00 PM,1,DRIVER,,2010029,,UNKNOWN,OTHER (EXPLAIN IN NARRATIVE),IL,,UNKNOWN,UNKNOWN/NA,UNKNOWN/NA,UNKNOWN,UNKNOWN/NA,,,1,,,,,,,,,,,,,,,,,,UNKNOWN,,,,,,,,,,,,,,,,,,,,,,,,,,,,,,,,,
2108461,f026787fbba9c9c9ac7b9e6a5b837948e6dbb16c07a1feec946185eb8df86ae63d06def5c7c3335016b7e01716f13438691735911a788a81d1ecafaf29b315c9,07/16/2025 02:00:00 PM,2,PARKED,,2010033,,HYUNDAI,ELANTRA,IL,2017,NONE,PASSENGER,NOT IN USE,N,PARKED,,,0,,,,,,,,,,Y,Y,Y,Y,Y,Y,Y,,SIDE-LEFT,,,,,,,,,,,,,,,,,,,,,,,,,,,,,,,,,
2108538,c37d3dea35f660f805d2f4df66870edd2f064f9b10555526c283ce8b56da9856e138e1ffb8efce32a3f968a5df39ccc473f65e7d84113dc22e5082dbe2e6d9a8,07/16/2025 01:50:00 PM,1,DRIVER,,2010097,,VOLKSWAGEN,TIGUAN,IL,2023,NONE,SPORT UTILITY VEHICLE (SUV),PERSONAL,S,STRAIGHT AHEAD,,,1,,,,,Y,,,,,,,,,,Y,Y,,FRONT,,,,,,,,,,,,,,,,,,,,,,,,,,,,,,,,,
2108539,c37d3dea35f660f805d2f4df66870edd2f064f9b10555526c283ce8b56da9856e138e1ffb8efce32a3f968a5df39ccc473f65e7d84113dc22e5082dbe2e6d9a8,07/16/2025 01:50:00 PM,2,DRIVER,4,2010105,,CHEVROLET,EQUINOX,IL,2014,NONE,SPORT UTILITY VEHICLE (SUV),PERSONAL,S,STRAIGHT AHEAD,,,5,,,,,,,,,Y,Y,Y,,,,,,,REAR,,,,,,,,,,,,,,,,,,,,,,,,,,,,,,,,,
2107985,ea32cba872e803f65bc6f08c5a3f39105b943a3f96c891ee7b17ee02a71706ccf508beb24a2a3a31ae7fcde79cd0aef5809ebbb8f5fb60d3291f95f7552d6eee,07/16/2025 01:50:00 PM,1,DRIVER,1,2009598,,CHEVROLET,CRUZE,IL,2014,UNKNOWN,PASSENGER,PERSONAL,N,TURNING LEFT,,,2,,,,,Y,,,,,,,,,,Y,Y,,FRONT,,,,,,,,,,,,,,,,,,,,,,,,,,,,,,,,,
2107986,ea32cba872e803f65bc6f08c5a3f39105b943a3f96c891ee7b17ee02a71706ccf508beb24a2a3a31ae7fcde79cd0aef5809ebbb8f5fb60d3291f95f7552d6eee,07/16/2025 01:50:00 PM,2,PARKED,,2009617,,TOYOTA,COROLLA,IL,2012,UNKNOWN,PASSENGER,PERSONAL,S,PARKED,Y,,0,,PRIVATE TOW,,,Y,Y,,,,,,,,,Y,Y,,FRONT,,,,,,,,,,,,,,,,,,,,,,,,,,,,,,,,,
2107933,5818083769e9a081937bbb889a040efa65dc1f24a1db6f3c5aa75cf37666fb078570cb54823b04ab0dc8e961421662c85fc8a6ba56e5e57f46986a33e868cc04,07/16/2025 01:40:00 PM,1,DRIVER,,2009594,,JEEP,CHEROKEE,IL,2014,NONE,PASSENGER,PERSONAL,N,STRAIGHT AHEAD,,,1,,,,Y,,,,,,,,,,,,,,FRONT,,,,,,,,,,,,,,,,,,,,,,,,,,,,,,,,,
2107934,5818083769e9a081937bbb889a040efa65dc1f24a1db6f3c5aa75cf37666fb078570cb54823b04ab0dc8e961421662c85fc8a6ba56e5e57f46986a33e868cc04,07/16/2025 01:40:00 PM,2,PEDESTRIAN,,,,,,,,,,,,,,,,,,,,,,,,,,,,,,,,,,,,,,,,,,,,,,,,,,,,,,,,,,,,,,,,,,
2108577,a47a5f118797eb0fa51e58fd0ee57524b2628d9ab29b17074aafb3e152d7c84f180ad4842ab5d700138dda95d7066dd675af8b6e513ee78472511cf77273f9ad,07/16/2025 01:36:00 PM,1,DRIVER,,2010142,,FORD,EXPLORER,IL,2004,UNKNOWN,SPORT UTILITY VEHICLE (SUV),PERSONAL,UNKNOWN,BACKING,,,1,,,,,,,,,,,,,,,,,Y,REAR,,,,,,,,,,,,,,,,,,,,,,,,,,,,,,,,,
2108578,a47a5f118797eb0fa51e58fd0ee57524b2628d9ab29b17074aafb3e152d7c84f180ad4842ab5d700138dda95d7066dd675af8b6e513ee78472511cf77273f9ad,07/16/2025 01:36:00 PM,2,PARKED,1,2010146,,DODGE,JOURNEY,IL,2010,UNKNOWN,SPORT UTILITY VEHICLE (SUV),PERSONAL,UNKNOWN,PARKED,,,1,,,,,,,,,,Y,N,,,,,,,REAR,,,,,,,,,,,,,,,,,,,,,,,,,,,,,,,,,
2107915,7cf2965b547dc0a090ff1379d74d36c23cb4459ba883acff8b67ee3f899ccc78d5ef5324079e291cbb3842150c3dfd87ed9708b3eecc797c6a4ef78af0dcc09d,07/16/2025 01:30:00 PM,1,DRIVER,,2009538,,CHRYSLER,200,IL,2017,UNKNOWN,PASSENGER,PERSONAL,W,STRAIGHT AHEAD,Y,,1,,INSURANCE,,,Y,,,,,,,,,,Y,Y,,FRONT,,,,,,,,,,,,,,,,,,,,,,,,,,,,,,,,,
2107916,7cf2965b547dc0a090ff1379d74d36c23cb4459ba883acff8b67ee3f899ccc78d5ef5324079e291cbb3842150c3dfd87ed9708b3eecc797c6a4ef78af0dcc09d,07/16/2025 01:30:00 PM,2,DRIVER,,2009549,,NISSAN,ROGUE,IL,2016,NONE,PASSENGER,NOT IN USE,N,STRAIGHT AHEAD,,,1,,,,,,Y,Y,N,,,,,,,,,,SIDE-RIGHT,,,,,,,,,,,,,,,,,,,,,,,,,,,,,,,,,
2108040,8cc9b55ac70e88c32f8217eb8a766009e1aa9212e027c09da78fdb688530bc02ae320ccd7fff4f4fe19b92089869536f718a97018ef6556fe4ba2aaf8ee6eb83,07/16/2025 01:30:00 PM,1,DRIVER,,2009649,,MERCEDES-BENZ,SPRINTER,IL,2017,NONE,UNKNOWN/NA,UNKNOWN/NA,W,STRAIGHT AHEAD,,,1,,,,,,,,,,,,,,,,,Y,UNKNOWN,,,,,,,,,,,,,,,,,,,,,,,,,,,,,,,,,
2108041,8cc9b55ac70e88c32f8217eb8a766009e1aa9212e027c09da78fdb688530bc02ae320ccd7fff4f4fe19b92089869536f718a97018ef6556fe4ba2aaf8ee6eb83,07/16/2025 01:30:00 PM,2,PARKED,,2009652,,AUDI,Q3,IL,2018,NONE,PASSENGER,NOT IN USE,E,PARKED,,,0,,,,,,,,Y,Y,,,,,,,,,REAR-RIGHT-CORNER,,,,,,,,,,,,,,,,,,,,,,,,,,,,,,,,,
2108001,9697e0921ac1b9337c54b78e17a3bb7a43798745cc55d860f8b6d44859f306f1aa5c7ddc4238ccb2ca6186aca0b2bfbb8bb2d3ac32ad8dedf6686856ec5b0dee,07/16/2025 01:30:00 PM,1,DRIVER,,2009611,,NISSAN,QUEST,IL,2012,UNKNOWN,VAN/MINI-VAN,UNKNOWN/NA,N,SLOW/STOP IN TRAFFIC,,,1,,,,,Y,,,,,,,,,,Y,Y,,FRONT,,,,,,,,,,,,,,,,,,,,,,,,,,,,,,,,,
2108002,9697e0921ac1b9337c54b78e17a3bb7a43798745cc55d860f8b6d44859f306f1aa5c7ddc4238ccb2ca6186aca0b2bfbb8bb2d3ac32ad8dedf6686856ec5b0dee,07/16/2025 01:30:00 PM,2,DRIVER,,2009612,,MERCEDES-BENZ,GLS,IL,2020,UNKNOWN,SPORT UTILITY VEHICLE (SUV),UNKNOWN/NA,N,SLOW/STOP IN TRAFFIC,,,1,,,,,,,,,Y,Y,Y,,,,,,,REAR,,,,,,,,,,,,,,,,,,,,,,,,,,,,,,,,,
2107936,0602c1b72552b215c705866141ea99105a60adbeb9ae95215b129a3464f03b212d77cbd216ef75a035a186088b2ba754a51896f7cb438ad726ccbed3b89b3eec,07/16/2025 01:20:00 PM,1,DRIVER,,2009555,,KIA,FORTE,IL,2010,TIRES,PASSENGER,PERSONAL,S,SKIDDING/CONTROL LOSS,Y,,1,,private,,,,,,,,,,,,Y,Y,Y,,FRONT-LEFT-CORNER,,,,,,,,,,,,,,,,,,,,,,,,,,,,,,,,,
2107937,0602c1b72552b215c705866141ea99105a60adbeb9ae95215b129a3464f03b212d77cbd216ef75a035a186088b2ba754a51896f7cb438ad726ccbed3b89b3eec,07/16/2025 01:20:00 PM,2,PARKED,,2009552,,CHEVROLET,TAHOE,IL,2008,NONE,PASSENGER,PERSONAL,S,PARKED,,,0,,,,,,,,Y,Y,,,,,,,,,SIDE-RIGHT-REAR,,,,,,,,,,,,,,,,,,,,,,,,,,,,,,,,,
2109491,942a8a6b6233a2c3e8f1384c0d5c2c435c338da395c779a99739589bf8a0b7c703a9db4a7884894669bc4a25fa5c0c51ae07d178ba3a227632c099b46cc5fa02,07/16/2025 01:15:00 PM,1,DRIVER,1,2011015,,DODGE,RAM PROMASTER,KY,2023,NONE,VAN/MINI-VAN,OTHER,S,STRAIGHT AHEAD,,,2,,,,,,,,,,,,,,,,,,UNKNOWN,,,,,,,,,,,,,,,,,,,,,,,,,,,,,,,,,
2107959,4226a903fca10fe4d817b8758cbb56c3584b1a1a9fbf455199fb9addf4e12f32deea3114db45d3451268996b5089efa3ee6a8945f550ab4fd07ae5e782af5ba5,07/16/2025 01:08:00 PM,1,DRIVER,,2009575,,FREIGHTLINER CORPORATION,FREIGHTLINER CORP.,IL,2025,UNKNOWN,BUS OVER 15 PASS.,OTHER,W,TURNING LEFT,,,1,,,,,,,,,,,,Y,Y,Y,,,,SIDE-LEFT,,,,,,,,,,,,,,,,,,,,,,,,,,,,,,,,,
2107960,4226a903fca10fe4d817b8758cbb56c3584b1a1a9fbf455199fb9addf4e12f32deea3114db45d3451268996b5089efa3ee6a8945f550ab4fd07ae5e782af5ba5,07/16/2025 01:08:00 PM,2,DRIVER,,2009582,,TOYOTA,PRIUS,IL,2014,UNKNOWN,PASSENGER,TAXI/FOR HIRE,W,TURNING LEFT,Y,,1,,,,,Y,Y,Y,,,,,,,,,,,SIDE-RIGHT,,,,,,,,,,,,,,,,,,,,,,,,,,,,,,,,,
2107911,58f3ed0f2ae957c8bb879aea15507db24d12d5bc3f4321f85614717e493e65aa320cbee35669b9cc53563fd4bc3e165b66cb7f349d356741cc0ea41e6f75b638,07/16/2025 01:05:00 PM,1,DRIVER,,2009530,,UNKNOWN,MOTORIZED,,,UNKNOWN,UNKNOWN/NA,UNKNOWN/NA,UNKNOWN,UNKNOWN/NA,,,1,,,,,,,,,,,,,,,,,,UNKNOWN,,,,,,,,,,,,,,,,,,,,,,,,,,,,,,,,,
2107912,58f3ed0f2ae957c8bb879aea15507db24d12d5bc3f4321f85614717e493e65aa320cbee35669b9cc53563fd4bc3e165b66cb7f349d356741cc0ea41e6f75b638,07/16/2025 01:05:00 PM,2,PARKED,,2009550,,TOYOTA,OTHER (EXPLAIN IN NARRATIVE),IL,2024,UNKNOWN,PASSENGER,PERSONAL,UNKNOWN,PARKED,,,0,,,,,,,,,,,,,,,,,,REAR,,,,,,,,,,,,,,,,,,,,,,,,,,,,,,,,,
2117014,ec444f0e1a05fc54a664a4a8ae0eb821c4ee41cda0d981e688b3d250a2bf127e31cba6c2039627ea17cc21a179f5c095e71571eff62c8e218a4b86c7c81ae1e4,07/16/2025 01:05:00 PM,2,DRIVER,1,2018155,,AUDI,Q3,IL,2016,UNKNOWN,PASSENGER,PERSONAL,N,STRAIGHT AHEAD,,,2,,,,,,,,,,,,,,,Y,,,FRONT-LEFT-CORNER,,,,,,,,,,,,,,,,,,,,,,,,,,,,,,,,,
2117015,ec444f0e1a05fc54a664a4a8ae0eb821c4ee41cda0d981e688b3d250a2bf127e31cba6c2039627ea17cc21a179f5c095e71571eff62c8e218a4b86c7c81ae1e4,07/16/2025 01:05:00 PM,1,DRIVER,,2018156,,FORD,EXPLORER,IL,2021,NONE,SPORT UTILITY VEHICLE (SUV),POLICE,S,BACKING,,,1,,,,,,,,,,,,,,,,,,REAR,,,,,,,,,,,,,,,,,,,,,,,,,,,,,,,,,
2107909,69e7da3766efbadda6a7b2be2a21a8119710fdb9f88e5d1b52a6d86480a9078ff01dad4a348debb68933efe3181ade4e078e59420ea676e967000e292dca27fb,07/16/2025 12:59:00 PM,1,DRIVER,3,2009529,,MINI,CLUBMAN,IL,2016,NONE,PASSENGER,PERSONAL,W,STRAIGHT AHEAD,,,4,,,,,,,,,,,,,,Y,Y,Y,,FRONT-LEFT-CORNER,,,,,,,,,,,,,,,,,,,,,,,,,,,,,,,,,
2107910,69e7da3766efbadda6a7b2be2a21a8119710fdb9f88e5d1b52a6d86480a9078ff01dad4a348debb68933efe3181ade4e078e59420ea676e967000e292dca27fb,07/16/2025 12:59:00 PM,2,DRIVER,,2009536,,TOYOTA,CAMRY,IL,2018,NONE,PASSENGER,PERSONAL,N,STRAIGHT AHEAD,,,1,,,,,Y,,,,,,,,,,,Y,,FRONT,,,,,,,,,,,,,,,,,,,,,,,,,,,,,,,,,
2108071,c78d605515f9ba5d7810ee5fadf72f9dab24c822fe38ebdc3a01b3e034f3fc95b769c05d932144492801a48953acb54369f2ea5d2020684420854e237a460387,07/16/2025 12:59:00 PM,1,DRIVER,,2009686,,BUICK,LESABRE,IL,2003,UNKNOWN,PASSENGER,PERSONAL,W,STRAIGHT AHEAD,,,1,,,,,Y,,,,,,,,,,Y,Y,,FRONT,,,,,,,,,,,,,,,,,,,,,,,,,,,,,,,,,
2108072,c78d605515f9ba5d7810ee5fadf72f9dab24c822fe38ebdc3a01b3e034f3fc95b769c05d932144492801a48953acb54369f2ea5d2020684420854e237a460387,07/16/2025 12:59:00 PM,2,DRIVER,,2009702,,"MACK TRUCKS, INC.","MACK TRUCKS, INC.",IL,2019,UNKNOWN,TRUCK - SINGLE UNIT,OTHER,W,STRAIGHT AHEAD,,,1,,,,,,,,,Y,Y,Y,,,,,,,REAR,,,,,,,,,,,,,,,,,,,,,,,,,,,,,,,,,
2108039,6728335c70a948ecefa61cd0979ab24fab791d15c5d4f2318e8b46cb7753e8cb2ca7b81b28fe9bb98fd4b729dfd48083f53934eb6ea9ecd68f60a2adfeed2981,07/16/2025 12:57:00 PM,1,DRIVER,1,2009659,,PIAZIO,PIAZIO,IL,2025,NONE,MOTORCYCLE (OVER 150CC),PERSONAL,UNKNOWN,STRAIGHT AHEAD,,,2,,,,,,,,,,,Y,Y,Y,Y,Y,,,SIDE-LEFT,,,,,,,,,,,,,,,,,,,,,,,,,,,,,,,,,
2107922,7098f07688fabb9cf877c0b483075e728ed82593666eccbd027931edc549bd4060bf97e6cdf3771903f280ef10441d18df971762bf0b04eb81c088573c32404d,07/16/2025 12:55:00 PM,1,DRIVER,,2009539,,KIA,OPTIMA / K5,IL,2021,UNKNOWN,PASSENGER,PERSONAL,S,CHANGING LANES,,,1,,,,,,,,,,,,,,,,,Y,FRONT-RIGHT-CORNER,,,,,,,,,,,,,,,,,,,,,,,,,,,,,,,,,
2107923,7098f07688fabb9cf877c0b483075e728ed82593666eccbd027931edc549bd4060bf97e6cdf3771903f280ef10441d18df971762bf0b04eb81c088573c32404d,07/16/2025 12:55:00 PM,2,DRIVER,,2009548,,KIA,OTHER (EXPLAIN IN NARRATIVE),IL,2021,UNKNOWN,PASSENGER,PERSONAL,S,SLOW/STOP IN TRAFFIC,,,1,,,,,,,,,,,Y,Y,,,,,,REAR-LEFT-CORNER,,,,,,,,,,,,,,,,,,,,,,,,,,,,,,,,,
2107907,51d2a12b6abe2274520119f71759441437bee5bdf354975457b610857df7940ec0ba6c00675e763fa971a9aed069e433560d5c163bb9f6e17977aeb9c05706d8,07/16/2025 12:45:00 PM,1,DRIVER,1,2009528,,JEEP,CHEROKEE,IL,2014,UNKNOWN,SPORT UTILITY VEHICLE (SUV),UNKNOWN/NA,N,STRAIGHT AHEAD,,,2,,,,,,,,,,,,,,,,,Y,SIDE-LEFT,,,,,,,,,,,,,,,,,,,,,,,,,,,,,,,,,
2107908,51d2a12b6abe2274520119f71759441437bee5bdf354975457b610857df7940ec0ba6c00675e763fa971a9aed069e433560d5c163bb9f6e17977aeb9c05706d8,07/16/2025 12:45:00 PM,2,DRIVER,,2009526,,HONDA,CR-V,IL,2023,UNKNOWN,SPORT UTILITY VEHICLE (SUV),PERSONAL,N,STRAIGHT AHEAD,,,1,,,,,,Y,Y,Y,Y,,,,,,,,,SIDE-RIGHT,,,,,,,,,,,,,,,,,,,,,,,,,,,,,,,,,