CRASH_UNIT_ID,CRASH_RECORD_ID,CRASH_DATE,UNIT_NO,UNIT_TYPE,NUM_PASSENGERS,VEHICLE_ID,CMRC_VEH_I,MAKE,MODEL,LIC_PLATE_STATE,VEHICLE_YEAR,VEHICLE_DEFECT,VEHICLE_TYPE,VEHICLE_USE,TRAVEL_DIRECTION,MANEUVER,TOWED_I,FIRE_I,OCCUPANT_CNT,EXCEED_SPEED_LIMIT_I,TOWED_BY,TOWED_TO,AREA_00_I,AREA_01_I,AREA_02_I,AREA_03_I,AREA_04_I,AREA_05_I,AREA_06_I,AREA_07_I,AREA_08_I,AREA_09_I,AREA_10_I,AREA_11_I,AREA_12_I,AREA_99_I,FIRST_CONTACT_POINT,CMV_ID,USDOT_NO,CCMC_NO,ILCC_NO,COMMERCIAL_SRC,GVWR,CARRIER_NAME,CARRIER_STATE,CARRIER_CITY,HAZMAT_PLACARDS_I,HAZMAT_NAME,UN_NO,HAZMAT_PRESENT_I,HAZMAT_REPORT_I,HAZMAT_REPORT_NO,MCS_REPORT_I,MCS_REPORT_NO,HAZMAT_VIO_CAUSE_CRASH_I,MCS_VIO_CAUSE_CRASH_I,IDOT_PERMIT_NO,WIDE_LOAD_I,TRAILER1_WIDTH,TRAILER2_WIDTH,TRAILER1_LENGTH,TRAILER2_LENGTH,TOTAL_VEHICLE_LENGTH,AXLE_CNT,VEHICLE_CONFIG,CARGO_BODY_TYPE,LOAD_TYPE,HAZMAT_OUT_OF_SERVICE_I,MCS_OUT_OF_SERVICE_I,HAZMAT_CLASS
2107885,cd80a76affa790c6f43b8cd6a9b6dcac9e33c8f08135b93b0696f2267f8a3c9ef1f3ad4613ee4aff418b914b156a83d420d03ce6f7ea66132cb5ee5b1d94ce68,07/16/2025 12:45:00 PM,1,DRIVER,,2009508,,CHEVROLET,TAHOE,IL,2007,UNKNOWN,SPORT UTILITY VEHICLE (SUV),PERSONAL,E,STRAIGHT AHEAD,,,1,,,,,Y,,,,,,,,,,Y,Y,,FRONT,,,,,,,,,,,,,,,,,,,,,,,,,,,,,,,,,
2107886,cd80a76affa790c6f43b8cd6a9b6dcac9e33c8f08135b93b0696f2267f8a3c9ef1f3ad4613ee4aff418b914b156a83d420d03ce6f7ea66132cb5ee5b1d94ce68,07/16/2025 12:45:00 PM,2,DRIVER,,2009511,,HONDA,ACCORD,IL,2012,UNKNOWN,PASSENGER,PERSONAL,E,SLOW/STOP IN TRAFFIC,,,1,,,,,,,,,Y,Y,Y,,,,,,,REAR,,,,,,,,,,,,,,,,,,,,,,,,,,,,,,,,,
2107938,3467d6530afa5367d55480ab7c89a44465e5686e3168730bc74aa0543e6ac453c0f54dc2891a5efae600a8caad79efea655ea9ad099fdca2a159aa9998fb31cc,07/16/2025 12:43:00 PM,1,DRIVER,1,2009589,,TOYOTA,OTHER (EXPLAIN IN NARRATIVE),IL,2019,UNKNOWN,UNKNOWN/NA,UNKNOWN/NA,UNKNOWN,UNKNOWN/NA,,,2,,,,,,,,,Y,Y,,,,,,,,REAR-RIGHT-CORNER,,,,,,,,,,,,,,,,,,,,,,,,,,,,,,,,,
2107939,3467d6530afa5367d55480ab7c89a44465e5686e3168730bc74aa0543e6ac453c0f54dc2891a5efae600a8caad79efea655ea9ad099fdca2a159aa9998fb31cc,07/16/2025 12:43:00 PM,2,DRIVER,,2009645,,LINCOLN,MKS,OH,2015,UNKNOWN,UNKNOWN/NA,UNKNOWN/NA,UNKNOWN,UNKNOWN/NA,,,1,,,,,Y,,,,,,,,,,Y,Y,,FRONT,,,,,,,,,,,,,,,,,,,,,,,,,,,,,,,,,
2111804,3e81a52bcd5bd91072ad27082c4e3bf7c05a0c165e1d3df199e41e4c66fd0f51eaebc47d53a065a351280782f956cc4262229663f6ccde418f25c4dfe924f7b6,07/16/2025 12:33:00 PM,1,DRIVER,1,2013204,,FORD,FOCUS,IL,2007,NONE,PASSENGER,PERSONAL,SW,TURNING RIGHT,Y,,2,,AAA,,,Y,Y,,,,,,,,,,,,SIDE-LEFT-FRONT,,,,,,,,,,,,,,,,,,,,,,,,,,,,,,,,,
2111805,3e81a52bcd5bd91072ad27082c4e3bf7c05a0c165e1d3df199e41e4c66fd0f51eaebc47d53a065a351280782f956cc4262229663f6ccde418f25c4dfe924f7b6,07/16/2025 12:33:00 PM,2,DRIVER,,2013205,,NISSAN,ROGUE,IN,2021,NONE,PASSENGER,PERSONAL,S,STRAIGHT AHEAD,N,,1,,,,,Y,,,,,,,,,,Y,Y,,FRONT,,,,,,,,,,,,,,,,,,,,,,,,,,,,,,,,,
2107979,7d6a39c01cdf613b1bb50ee83a369bb327d8b426a693e8a249f6fd57733018a6b6a9127c30373c087b6cfed575c6b6a15151ee4eb5fa7c38d857ec1c087f163d,07/16/2025 12:33:00 PM,1,DRIVER,,2009593,,UNKNOWN,OTHER (EXPLAIN IN NARRATIVE),,,UNKNOWN,PASSENGER,UNKNOWN/NA,S,DRIVING WRONG WAY,,,1,,,,,,,,,,,,,,,,,Y,UNKNOWN,,,,,,,,,,,,,,,,,,,,,,,,,,,,,,,,,
2107980,7d6a39c01cdf613b1bb50ee83a369bb327d8b426a693e8a249f6fd57733018a6b6a9127c30373c087b6cfed575c6b6a15151ee4eb5fa7c38d857ec1c087f163d,07/16/2025 12:33:00 PM,2,PARKED,,2009597,,FORD,TRANSIT,IL,2019,NONE,VAN/MINI-VAN,OTHER,N,PARKED,,,0,,,,,Y,Y,,,,,,,,,,,,FRONT-RIGHT-CORNER,,,,,,,,,,,,,,,,,,,,,,,,,,,,,,,,,
2107963,0f0a4132c6804140bb1ecfe0b2c508374c8fea4ff3100d8b8a4b0b94880e2ee79463015a6e4cf940601e6b9e0d2415673e47aac212507eab3d9ada170a41ed32,07/16/2025 12:30:00 PM,1,DRIVER,,2009574,,FORD,ESCAPE,IL,2019,UNKNOWN,SPORT UTILITY VEHICLE (SUV),PERSONAL,SE,TURNING RIGHT,,,1,,,,,Y,Y,,,,,,,,,,,,SIDE-RIGHT-FRONT,,,,,,,,,,,,,,,,,,,,,,,,,,,,,,,,,
2107964,0f0a4132c6804140bb1ecfe0b2c508374c8fea4ff3100d8b8a4b0b94880e2ee79463015a6e4cf940601e6b9e0d2415673e47aac212507eab3d9ada170a41ed32,07/16/2025 12:30:00 PM,2,DRIVER,,2009585,,TOYOTA,CAMRY,IL,2005,NONE,PASSENGER,PERSONAL,S,STRAIGHT AHEAD,,,1,,,,,,,,Y,Y,Y,,,,,,,,SIDE-RIGHT-REAR,,,,,,,,,,,,,,,,,,,,,,,,,,,,,,,,,
2113975,2beff1db36f52dbc7ddc2548934e5a8ba8491b5cd5619fc640d96eee05cc1403e7bc2d7122692fb6662e965fcdf70c7e4512b0126da5b0b2151dfadf471f2dae,07/16/2025 12:30:00 PM,1,DRIVER,,2015273,,HONDA,OTHER (EXPLAIN IN NARRATIVE),WI,2010,UNKNOWN,UNKNOWN/NA,UNKNOWN/NA,S,STRAIGHT AHEAD,,,1,,,,,,,,,,,,,,,Y,,,FRONT-LEFT-CORNER,,,,,,,,,,,,,,,,,,,,,,,,,,,,,,,,,
2113976,2beff1db36f52dbc7ddc2548934e5a8ba8491b5cd5619fc640d96eee05cc1403e7bc2d7122692fb6662e965fcdf70c7e4512b0126da5b0b2151dfadf471f2dae,07/16/2025 12:30:00 PM,2,DRIVER,,2015274,,HYUNDAI,TUCSON,IL,2023,UNKNOWN,PASSENGER,UNKNOWN/NA,E,STRAIGHT AHEAD,,,1,,,,,,,,,,,,,,,Y,,,FRONT-LEFT-CORNER,,,,,,,,,,,,,,,,,,,,,,,,,,,,,,,,,
2108579,5d324b012d539f9c55c6ca1f681417cb7faad68833a6b1cb66216f66be7e84b0e2d908dbf9bff17a421587428749da2ffa9dfd7037d1eefd33ab1431f4e192de,07/16/2025 12:30:00 PM,1,DRIVER,,2010135,,UNKNOWN,MOTORIZED,,,UNKNOWN,UNKNOWN/NA,UNKNOWN/NA,UNKNOWN,UNKNOWN/NA,,,1,,,,,,,,,,,,,,,,,,UNKNOWN,,,,,,,,,,,,,,,,,,,,,,,,,,,,,,,,,
2108580,5d324b012d539f9c55c6ca1f681417cb7faad68833a6b1cb66216f66be7e84b0e2d908dbf9bff17a421587428749da2ffa9dfd7037d1eefd33ab1431f4e192de,07/16/2025 12:30:00 PM,2,PARKED,,2010141,,VOLKSWAGEN,JETTA,SC,2019,UNKNOWN,PASSENGER,UNKNOWN/NA,NW,PARKED,,,0,,,,,,,,,,,Y,Y,Y,,,,,SIDE-LEFT,,,,,,,,,,,,,,,,,,,,,,,,,,,,,,,,,
2107913,9eb55a5ac23b5b9bcac54b8b5ebaf1ffb1883cf2ed8ef70cf592c449db5d41967e193fe55e1cbae400e7531d946888274900119e29cbe90f32996a63cff5c54f,07/16/2025 12:30:00 PM,1,DRIVER,,2009535,,DODGE,OTHER (EXPLAIN IN NARRATIVE),IL,2021,NONE,PICKUP,PERSONAL,W,SKIDDING/CONTROL LOSS,Y,,1,,PERSONAL TOW,,,Y,Y,Y,Y,,,,,,,,Y,,SIDE-RIGHT-FRONT,,,,,,,,,,,,,,,,,,,,,,,,,,,,,,,,,
2107914,9eb55a5ac23b5b9bcac54b8b5ebaf1ffb1883cf2ed8ef70cf592c449db5d41967e193fe55e1cbae400e7531d946888274900119e29cbe90f32996a63cff5c54f,07/16/2025 12:30:00 PM,2,PARKED,,2009542,,NISSAN,ALTIMA,IL,2017,UNKNOWN,PASSENGER,PERSONAL,W,PARKED,,,0,,,,,,,,,,,Y,Y,Y,Y,Y,,,SIDE-LEFT,,,,,,,,,,,,,,,,,,,,,,,,,,,,,,,,,
2107879,dac3908428f92fd6f5935490c294053379050cc1fd34b42d9fed08f8596cdbab9967a1b65e6cced8b00da9615ed8c7b8565654ea40c279df62d3facbff9d9ffe,07/16/2025 12:30:00 PM,1,DRIVER,,2009500,,UNKNOWN,OTHER (EXPLAIN IN NARRATIVE),,,UNKNOWN,PASSENGER,UNKNOWN/NA,S,STRAIGHT AHEAD,,,1,,,,,,,,,,,,,,,,,Y,FRONT-LEFT-CORNER,,,,,,,,,,,,,,,,,,,,,,,,,,,,,,,,,
2107880,dac3908428f92fd6f5935490c294053379050cc1fd34b42d9fed08f8596cdbab9967a1b65e6cced8b00da9615ed8c7b8565654ea40c279df62d3facbff9d9ffe,07/16/2025 12:30:00 PM,2,PEDESTRIAN,,,,,,,,,,,,,,,,,,,,,,,,,,,,,,,,,,,,,,,,,,,,,,,,,,,,,,,,,,,,,,,,,,
2107920,a156eb5ddca7eb49d83f49ca827248b25abcb99da39a7c63545979af0ec80f122582cec96b229acc7048b0e15212d56f93f8203c2231ec6bb855aa9c06246139,07/16/2025 12:21:00 PM,1,DRIVER,,2009540,,ACURA,ZDX,IL,2015,UNKNOWN,PASSENGER,PERSONAL,E,BACKING,,,1,,,,,,,,Y,Y,,,,,,,,,REAR-RIGHT-CORNER,,,,,,,,,,,,,,,,,,,,,,,,,,,,,,,,,
2107921,a156eb5ddca7eb49d83f49ca827248b25abcb99da39a7c63545979af0ec80f122582cec96b229acc7048b0e15212d56f93f8203c2231ec6bb855aa9c06246139,07/16/2025 12:21:00 PM,2,PARKED,,2009546,,HYUNDAI,TUCSON,IL,2025,UNKNOWN,PASSENGER,PERSONAL,N,PARKED,,,0,,,,,,,,Y,Y,,,,,,,,,REAR-RIGHT-CORNER,,,,,,,,,,,,,,,,,,,,,,,,,,,,,,,,,
2108099,ad3a71b8825721c0464c2e9571af006d8a17d1dd3fa6c1d637b03b42c161815871e3e9a5552620ea87f25cbfcf6222bc14067ea0334c26cc31f8b361a731d519,07/16/2025 12:21:00 PM,1,DRIVER,,2009685,,MERCEDES-BENZ,SPRINTER,IL,2023,UNKNOWN,TRUCK - SINGLE UNIT,UNKNOWN/NA,S,STRAIGHT AHEAD,,,1,,,,,Y,Y,,,,,,,,,,,,FRONT-RIGHT-CORNER,,,,,,,,,,,,,,,,,,,,,,,,,,,,,,,,,
2108100,ad3a71b8825721c0464c2e9571af006d8a17d1dd3fa6c1d637b03b42c161815871e3e9a5552620ea87f25cbfcf6222bc14067ea0334c26cc31f8b361a731d519,07/16/2025 12:21:00 PM,2,DRIVER,,2009696,,TOYOTA,SIENNA,IL,2023,UNKNOWN,PASSENGER,PERSONAL,S,STRAIGHT AHEAD,,,1,,,,,,,,,,,Y,Y,,,,,,REAR-LEFT-CORNER,,,,,,,,,,,,,,,,,,,,,,,,,,,,,,,,,
2107893,1abc33a3ddfb0e87d246298fa84c0e8237860cbcd6f4a95b704935b076d388f28cc6aa35fa2d91fc31fb66c2a4850f0ff7492dc8b121606b73dcfcddeb17a505,07/16/2025 12:15:00 PM,1,DRIVER,,2009514,,UNKNOWN,OTHER (EXPLAIN IN NARRATIVE),,,UNKNOWN,PASSENGER,UNKNOWN/NA,N,PASSING/OVERTAKING,,,1,,,,,,,,,,,,,,,,,Y,SIDE-RIGHT,,,,,,,,,,,,,,,,,,,,,,,,,,,,,,,,,
2107894,1abc33a3ddfb0e87d246298fa84c0e8237860cbcd6f4a95b704935b076d388f28cc6aa35fa2d91fc31fb66c2a4850f0ff7492dc8b121606b73dcfcddeb17a505,07/16/2025 12:15:00 PM,2,DRIVER,,2009523,,TOYOTA,COROLLA,IL,2025,NONE,PASSENGER,UNKNOWN/NA,N,SLOW/STOP IN TRAFFIC,,,1,,,,,,,,,,,,,,,,,,SIDE-LEFT,,,,,,,,,,,,,,,,,,,,,,,,,,,,,,,,,
2107942,701410af5676e5d6fe9bda76f2158bc4ec500cf3e9df1848bc51c4a52863e73b642efd2398ccd04b87e3004171354cf8e0ac7b27438106d29f573bcf7969b393,07/16/2025 12:15:00 PM,1,DRIVER,,2009565,,NISSAN,ROGUE,IL,2021,NONE,SPORT UTILITY VEHICLE (SUV),PERSONAL,E,STRAIGHT AHEAD,,,1,,,,,Y,,,,,,,,,,Y,Y,,FRONT,,,,,,,,,,,,,,,,,,,,,,,,,,,,,,,,,
2107943,701410af5676e5d6fe9bda76f2158bc4ec500cf3e9df1848bc51c4a52863e73b642efd2398ccd04b87e3004171354cf8e0ac7b27438106d29f573bcf7969b393,07/16/2025 12:15:00 PM,2,DRIVER,,2009557,,FORD,EXPLORER,IL,2016,NONE,SPORT UTILITY VEHICLE (SUV),PERSONAL,S,STRAIGHT AHEAD,,,1,,,,,,Y,Y,Y,,,,,,,,,,SIDE-RIGHT,,,,,,,,,,,,,,,,,,,,,,,,,,,,,,,,,
2107891,d7d26e8e1d72b14ab3c48d77854bda3cf8954641b5e6d8536160973c4ad58d64547c1f165ecc18de8d5086bc0df017708cce79cc41d129f6ee1daccce1dc8e4c,07/16/2025 12:15:00 PM,1,PARKED,,2009928,,TOYOTA,RAV4,IL,2018,UNKNOWN,SPORT UTILITY VEHICLE (SUV),PERSONAL,E,PARKED,,,0,,,,,,,,,Y,Y,,,,,,,,REAR-RIGHT-CORNER,,,,,,,,,,,,,,,,,,,,,,,,,,,,,,,,,
2107892,d7d26e8e1d72b14ab3c48d77854bda3cf8954641b5e6d8536160973c4ad58d64547c1f165ecc18de8d5086bc0df017708cce79cc41d129f6ee1daccce1dc8e4c,07/16/2025 12:15:00 PM,2,DRIVER,2,2009930,,MERCEDES-BENZ,GLK220,IL,2012,UNKNOWN,SPORT UTILITY VEHICLE (SUV),PERSONAL,W,BACKING,,,3,,,,,,,,,,Y,Y,,,,,,,SIDE-LEFT-REAR,,,,,,,,,,,,,,,,,,,,,,,,,,,,,,,,,
2107868,fe34383aaf6c9a5e36cd045d0bc163df6496f21b0e3c4afc24d49247c242a562afde16618efbb7212cf7e45d8cb4767d06da001464aae19d18622bab77a285c4,07/16/2025 12:11:00 PM,1,DRIVER,,2009489,,KIA,STINGER,IL,,NONE,PASSENGER,OTHER,N,STRAIGHT AHEAD,,,1,,,,,,,,,,,,,,,Y,,,FRONT-LEFT-CORNER,,,,,,,,,,,,,,,,,,,,,,,,,,,,,,,,,
2107869,fe34383aaf6c9a5e36cd045d0bc163df6496f21b0e3c4afc24d49247c242a562afde16618efbb7212cf7e45d8cb4767d06da001464aae19d18622bab77a285c4,07/16/2025 12:11:00 PM,2,DRIVER,,2009509,,CHEVROLET,TRAVERSE,IL,2023,NONE,PASSENGER,POLICE,S,STRAIGHT AHEAD,,,1,,,,,,,,,,,,,,,Y,,,FRONT-LEFT-CORNER,,,,,,,,,,,,,,,,,,,,,,,,,,,,,,,,,
2107899,44544a8642c6754b3a502a6d31c940edfc8640c1cc9fd674fe3c665f3c7da84dd8fda1771a60c7dcb7e3c2dcb1cd3a53f0d5e5baee7aec068db267587279b58c,07/16/2025 12:02:00 PM,1,DRIVER,,2009517,,TOYOTA,COROLLA,IL,2018,UNKNOWN,UNKNOWN/NA,UNKNOWN/NA,W,BACKING,,,1,,,,,,,,,,,,,,,,,,UNKNOWN,,,,,,,,,,,,,,,,,,,,,,,,,,,,,,,,,
2107900,44544a8642c6754b3a502a6d31c940edfc8640c1cc9fd674fe3c665f3c7da84dd8fda1771a60c7dcb7e3c2dcb1cd3a53f0d5e5baee7aec068db267587279b58c,07/16/2025 12:02:00 PM,2,DRIVER,,2009524,,TESLA,MODEL 3,IL,2023,UNKNOWN,SPORT UTILITY VEHICLE (SUV),PERSONAL,W,STRAIGHT AHEAD,,,1,,,,,Y,,,,,,,,,,Y,Y,,FRONT,,,,,,,,,,,,,,,,,,,,,,,,,,,,,,,,,
2107866,5407906a72d23f5299a6b567b9cdd7512e621399985417a5cbfcdc35636cae234e50050299124403befc18ae95b28ef3dcfaccb145538437fc1774e3d0ce5a3e,07/16/2025 12:00:00 PM,1,DRIVER,1,2009486,,UNKNOWN,OTHER (EXPLAIN IN NARRATIVE),,,UNKNOWN,SPORT UTILITY VEHICLE (SUV),UNKNOWN/NA,E,STRAIGHT AHEAD,,,2,,,,,Y,,,,,,,,,,Y,Y,,FRONT,,,,,,,,,,,,,,,,,,,,,,,,,,,,,,,,,
2107867,5407906a72d23f5299a6b567b9cdd7512e621399985417a5cbfcdc35636cae234e50050299124403befc18ae95b28ef3dcfaccb145538437fc1774e3d0ce5a3e,07/16/2025 12:00:00 PM,2,DRIVER,,2009492,,CHEVROLET,SILVERADO,IL,2021,NONE,PICKUP,PERSONAL,N,STRAIGHT AHEAD,,,1,,,,,,,,,,,,,,Y,Y,Y,,FRONT-LEFT-CORNER,,,,,,,,,,,,,,,,,,,,,,,,,,,,,,,,,
2109103,875480d98791876485826698f55061f76021d902f40227ad590f31f009f3d2279589c64f9f00b28f6e44a112d0dc547e9ad5fae647f47255afa9c70579db3b6b,07/16/2025 12:00:00 PM,1,DRIVER,,2010648,,UNKNOWN,ENCLOSED BODY,IL,2010,UNKNOWN,PASSENGER,UNKNOWN/NA,W,STRAIGHT AHEAD,,,1,,,,,,,,,,,,,,,,,Y,FRONT,,,,,,,,,,,,,,,,,,,,,,,,,,,,,,,,,
2109117,875480d98791876485826698f55061f76021d902f40227ad590f31f009f3d2279589c64f9f00b28f6e44a112d0dc547e9ad5fae647f47255afa9c70579db3b6b,07/16/2025 12:00:00 PM,2,BICYCLE,,,,,,,,,,,,,,,,,,,,,,,,,,,,,,,,,,,,,,,,,,,,,,,,,,,,,,,,,,,,,,,,,,
2107895,bf5079c7ecdbb09c7cfc00712db071346f715f635a3cc91d0d1d598ece33b636345bca4e2fb03bf654d5d9e94d8d0a50d65b2a0575251bb20d3b37612b95ee12,07/16/2025 12:00:00 PM,1,DRIVER,,2009516,Y,INTERNATIONAL TRAILER CORPORATION,INTERNATIONAL TRAILER CORP.,IN,2024,NONE,TRACTOR W/ SEMI-TRAILER,COMMERCIAL - SINGLE UNIT,N,TURNING LEFT,,,1,,,,,,,,,,,,,,,,,,REAR-LEFT-CORNER,"21,827",0080806,,,SIDE OF TRUCK,,JB HUNT,IN,NOBLESVILLE,,,,N,N,,N,,N,N,,,0-96,,,,80,5,TRACTOR/SEMI-TRAILER,VAN/ENCLOSED BOX,UNKNOWN,,N,
2107896,bf5079c7ecdbb09c7cfc00712db071346f715f635a3cc91d0d1d598ece33b636345bca4e2fb03bf654d5d9e94d8d0a50d65b2a0575251bb20d3b37612b95ee12,07/16/2025 12:00:00 PM,2,DRIVER,1,2009519,,FORD,FUSION,IL,2017,NONE,PASSENGER,POLICE,N,TURNING LEFT,Y,,2,,cook county,,,,,,,Y,,,,,,,,,REAR-RIGHT-CORNER,,,,,,,,,,,,,,,,,,,,,,,,,,,,,,,,,
2108464,5a93669fcfdaf54a85b59eefc5b14054408a861008405581f92e95fcf7188e8bcdbd13f843534bc99c7f5e14e833f7d4e0312b19057fb683e2c3e5d81341e721,07/16/2025 11:58:00 AM,1,DRIVER,,2010041,,HONDA,ACCORD,IL,2012,NONE,PASSENGER,PERSONAL,S,ENTERING TRAFFIC LANE FROM PARKING,,,1,,,,,,,,,,,,,,,Y,,,FRONT-LEFT-CORNER,,,,,,,,,,,,,,,,,,,,,,,,,,,,,,,,,
2108465,5a93669fcfdaf54a85b59eefc5b14054408a861008405581f92e95fcf7188e8bcdbd13f843534bc99c7f5e14e833f7d4e0312b19057fb683e2c3e5d81341e721,07/16/2025 11:58:00 AM,2,DRIVER,,2010047,,HYUNDAI,VELOSTAR,IL,2021,NONE,PASSENGER,PERSONAL,S,STRAIGHT AHEAD,,,1,,,,,,,,Y,Y,,,,,,,,,SIDE-RIGHT-REAR,,,,,,,,,,,,,,,,,,,,,,,,,,,,,,,,,
2107861,f5f4c12dac074371e8190a65e590c0b6cd0383c17883b95d80554f58caa3b4157d6ab75b39e5874d05f53f975a3b60b243bd120ae4e749ef7a072b55e6337572,07/16/2025 11:51:00 AM,1,DRIVER,,2009493,,FREIGHTLINER CORPORATION,FREIGHTLINER CORP.,IN,2018,UNKNOWN,TRACTOR W/ SEMI-TRAILER,OTHER,S,STRAIGHT AHEAD,,,1,,,,,Y,Y,,,,,,,,,,,,SIDE-RIGHT-FRONT,,,,,,,,,,,,,,,,,,,,,,,,,,,,,,,,,
2107862,f5f4c12dac074371e8190a65e590c0b6cd0383c17883b95d80554f58caa3b4157d6ab75b39e5874d05f53f975a3b60b243bd120ae4e749ef7a072b55e6337572,07/16/2025 11:51:00 AM,2,PARKED,,2009504,,CHRYSLER,200,IL,2015,NONE,PASSENGER,PERSONAL,E,PARKED,,,0,,,,,,,,,,,,,,,,Y,,FRONT,,,,,,,,,,,,,,,,,,,,,,,,,,,,,,,,,
2107856,99dd2a54065676e5fd4857287242edfd6c5c65f66e5b4466dded9314fdd5269743a3cf4303e8e91f3ba840db73bb8cf6bf1117695457d29cd2cc28341f2ac724,07/16/2025 11:46:00 AM,1,DRIVER,,2009480,,NISSAN,SENTRA,IL,2012,UNKNOWN,PASSENGER,UNKNOWN/NA,N,UNKNOWN/NA,,,1,,,,,,,,,,,,,,Y,Y,,Y,FRONT-LEFT-CORNER,,,,,,,,,,,,,,,,,,,,,,,,,,,,,,,,,
2107857,99dd2a54065676e5fd4857287242edfd6c5c65f66e5b4466dded9314fdd5269743a3cf4303e8e91f3ba840db73bb8cf6bf1117695457d29cd2cc28341f2ac724,07/16/2025 11:46:00 AM,2,DRIVER,,2009482,Y,FREIGHTLINER CORPORATION,FREIGHTLINER CORP.,IL,2018,NONE,TRACTOR W/ SEMI-TRAILER,COMMERCIAL - MULTI-UNIT,N,STRAIGHT AHEAD,,,1,,,,,Y,,,,,,,,,,,,,FRONT-RIGHT-CORNER,"21,825",2017856,,,SIDE OF TRUCK,3,NEW ENGLAND EXPRESS INC; VLAD TRANSPORTATION SERVICES,IL,CHICAGO,,,,N,N,,N,,N,N,,,,,53,,80,5,TRACTOR/SEMI-TRAILER,OTHER,OTHER,N,N,
2107859,3557e6d5eb907cafa109691a42f68f2a09dbe7584942b130ef211337d920ace0b4b0f21adbd035ea1622a3eea458c3c7a122121a4237b85db555f406ba444bb4,07/16/2025 11:45:00 AM,1,DRIVER,,2009484,,FREIGHTLINER CORPORATION,FREIGHTLINER CORP.,IL,2008,UNKNOWN,TRACTOR W/ SEMI-TRAILER,CONSTRUCTION/MAINTENANCE,N,STRAIGHT AHEAD,Y,,1,,SELF,UNKNOWN,,Y,,,,,,,,,,Y,Y,,FRONT,,,,,,,,,,,,,,,,,,,,,,,,,,,,,,,,,
2107860,3557e6d5eb907cafa109691a42f68f2a09dbe7584942b130ef211337d920ace0b4b0f21adbd035ea1622a3eea458c3c7a122121a4237b85db555f406ba444bb4,07/16/2025 11:45:00 AM,2,DRIVER,,2009496,,HONDA,ACCORD,IL,2005,UNKNOWN,PASSENGER,PERSONAL,N,STRAIGHT AHEAD,,,1,,,,,,,,,Y,Y,Y,,,,,,,REAR,,,,,,,,,,,,,,,,,,,,,,,,,,,,,,,,,
2108815,aa0ff63bb4c1e23c8f7d7c459ca0f57d032309b8924bbc6c632e10931000e3d8ead68717e699ae75a17897f51f844b0f25f6f1f1543fd4b75fbdd7e5186f0e45,07/16/2025 11:42:00 AM,2,DRIVER,,2010366,,LINCOLN,MKS,OH,2015,UNKNOWN,PASSENGER,PERSONAL,N,STRAIGHT AHEAD,,,1,,,,,,,,,,,,,,,Y,N,,FRONT-LEFT-CORNER,,,,,,,,,,,,,,,,,,,,,,,,,,,,,,,,,
2108816,aa0ff63bb4c1e23c8f7d7c459ca0f57d032309b8924bbc6c632e10931000e3d8ead68717e699ae75a17897f51f844b0f25f6f1f1543fd4b75fbdd7e5186f0e45,07/16/2025 11:42:00 AM,1,DRIVER,,2010370,,TOYOTA,CAMRY,IL,,UNKNOWN,PASSENGER,UNKNOWN/NA,N,MERGING,,,1,,,,,,,,,,,,,,,,,Y,UNKNOWN,,,,,,,,,,,,,,,,,,,,,,,,,,,,,,,,,
2107846,083258adbf8aa50ebcdcb191f0876d9e85854fb156bccbd62315ffed71c7bee342cada0442aea39253244e659c2d9fef6c5f81bac880cbc6344e6ad295582085,07/16/2025 11:35:00 AM,1,DRIVER,,2009475,,NISSAN,MURANO,IL,2011,UNKNOWN,PASSENGER,PERSONAL,N,TURNING LEFT,,,1,,,,,Y,,,,,,,,,,,Y,,SIDE-RIGHT-FRONT,,,,,,,,,,,,,,,,,,,,,,,,,,,,,,,,,
2107847,083258adbf8aa50ebcdcb191f0876d9e85854fb156bccbd62315ffed71c7bee342cada0442aea39253244e659c2d9fef6c5f81bac880cbc6344e6ad295582085,07/16/2025 11:35:00 AM,2,DRIVER,,2009478,,CADILLAC,OTHER (EXPLAIN IN NARRATIVE),IL,2006,NONE,PASSENGER,PERSONAL,N,STRAIGHT AHEAD,,,1,,,,,Y,,,,,,,,,,,Y,,SIDE-RIGHT,,,,,,,,,,,,,,,,,,,,,,,,,,,,,,,,,
2107837,d610f32db2982d741d6420dcc95e9f4fb7e63f2e1870cf4b2a42a06dfa63985c010f3781713d3d786de94a907aac1c2830aba3f24ab201f1cf9db257142ae9ad,07/16/2025 11:35:00 AM,1,DRIVER,,2009461,,KIA,SPORTAGE,IL,2018,NONE,PASSENGER,PERSONAL,E,STRAIGHT AHEAD,,,1,,,,,,,,,,,,,,,,Y,,FRONT,,,,,,,,,,,,,,,,,,,,,,,,,,,,,,,,,
2107838,d610f32db2982d741d6420dcc95e9f4fb7e63f2e1870cf4b2a42a06dfa63985c010f3781713d3d786de94a907aac1c2830aba3f24ab201f1cf9db257142ae9ad,07/16/2025 11:35:00 AM,2,DRIVER,,2009466,,NISSAN,QUEST,IL,2007,NONE,PASSENGER,PERSONAL,E,STRAIGHT AHEAD,,,1,,,,,,,,,,Y,,,,,,Y,,REAR,,,,,,,,,,,,,,,,,,,,,,,,,,,,,,,,,