CRASH_UNIT_ID,CRASH_RECORD_ID,CRASH_DATE,UNIT_NO,UNIT_TYPE,NUM_PASSENGERS,VEHICLE_ID,CMRC_VEH_I,MAKE,MODEL,LIC_PLATE_STATE,VEHICLE_YEAR,VEHICLE_DEFECT,VEHICLE_TYPE,VEHICLE_USE,TRAVEL_DIRECTION,MANEUVER,TOWED_I,FIRE_I,OCCUPANT_CNT,EXCEED_SPEED_LIMIT_I,TOWED_BY,TOWED_TO,AREA_00_I,AREA_01_I,AREA_02_I,AREA_03_I,AREA_04_I,AREA_05_I,AREA_06_I,AREA_07_I,AREA_08_I,AREA_09_I,AREA_10_I,AREA_11_I,AREA_12_I,AREA_99_I,FIRST_CONTACT_POINT,CMV_ID,USDOT_NO,CCMC_NO,ILCC_NO,COMMERCIAL_SRC,GVWR,CARRIER_NAME,CARRIER_STATE,CARRIER_CITY,HAZMAT_PLACARDS_I,HAZMAT_NAME,UN_NO,HAZMAT_PRESENT_I,HAZMAT_REPORT_I,HAZMAT_REPORT_NO,MCS_REPORT_I,MCS_REPORT_NO,HAZMAT_VIO_CAUSE_CRASH_I,MCS_VIO_CAUSE_CRASH_I,IDOT_PERMIT_NO,WIDE_LOAD_I,TRAILER1_WIDTH,TRAILER2_WIDTH,TRAILER1_LENGTH,TRAILER2_LENGTH,TOTAL_VEHICLE_LENGTH,AXLE_CNT,VEHICLE_CONFIG,CARGO_BODY_TYPE,LOAD_TYPE,HAZMAT_OUT_OF_SERVICE_I,MCS_OUT_OF_SERVICE_I,HAZMAT_CLASS
2107839,d610f32db2982d741d6420dcc95e9f4fb7e63f2e1870cf4b2a42a06dfa63985c010f3781713d3d786de94a907aac1c2830aba3f24ab201f1cf9db257142ae9ad,07/16/2025 11:35:00 AM,3,DRIVER,,2009469,,TOYOTA,TUNDRA,IL,2023,NONE,PASSENGER,PERSONAL,E,STRAIGHT AHEAD,,,1,,,,,,,,,,Y,,,,,,,,REAR,,,,,,,,,,,,,,,,,,,,,,,,,,,,,,,,,
2108702,66c9bbdf0c1992fc15ddc401619490cc486922c859e418164003e3a46f4587e1a09780c1953f0188ac898cc12e99f0f14096c61cb9ab60fdf927fb8156e1d0f8,07/16/2025 11:29:00 AM,1,DRIVER,,2010255,,TOYOTA,OTHER (EXPLAIN IN NARRATIVE),IL,2006,NONE,PASSENGER,PERSONAL,SE,STRAIGHT AHEAD,,,1,,,,,,,,,,,,,,,,Y,,FRONT,,,,,,,,,,,,,,,,,,,,,,,,,,,,,,,,,
2108703,66c9bbdf0c1992fc15ddc401619490cc486922c859e418164003e3a46f4587e1a09780c1953f0188ac898cc12e99f0f14096c61cb9ab60fdf927fb8156e1d0f8,07/16/2025 11:29:00 AM,2,DRIVER,,2010257,,TOYOTA,HIGHLANDER,IL,2015,NONE,PASSENGER,PERSONAL,SE,SLOW/STOP IN TRAFFIC,,,1,,,,,,,,,,Y,,,,,,,,REAR,,,,,,,,,,,,,,,,,,,,,,,,,,,,,,,,,
2107829,dbd0d097d686004e976c8938d53f63cedd2b5512d03d2b74ca9d4a1a24154cb2eadb9980b0832783d756a0d8de4e0463438d17ba7cef4f10285851a5027382e0,07/16/2025 11:26:00 AM,1,DRIVER,,2009456,,HONDA,OTHER (EXPLAIN IN NARRATIVE),IL,2022,UNKNOWN,SPORT UTILITY VEHICLE (SUV),UNKNOWN/NA,E,TURNING LEFT,,,1,,,,,Y,,,,,,,Y,Y,Y,Y,Y,Y,FRONT,,,,,,,,,,,,,,,,,,,,,,,,,,,,,,,,,
2107830,dbd0d097d686004e976c8938d53f63cedd2b5512d03d2b74ca9d4a1a24154cb2eadb9980b0832783d756a0d8de4e0463438d17ba7cef4f10285851a5027382e0,07/16/2025 11:26:00 AM,2,DRIVER,,2009463,,FORD,OTHER (EXPLAIN IN NARRATIVE),IL,2022,UNKNOWN,VAN/MINI-VAN,UNKNOWN/NA,S,STRAIGHT AHEAD,,,1,,,,,Y,Y,,,,,,,,Y,Y,Y,,FRONT,,,,,,,,,,,,,,,,,,,,,,,,,,,,,,,,,
2112006,bb049ca941e18a5c267a16d64552b7f79e7496288ffa5efbbb4a053dbd9e8aed2fde12b6c58b0b4e39c89f915215bd6aa32db311332fb681b5f082e3888135ac,07/16/2025 11:25:00 AM,1,DRIVER,,2013388,,FORD,ESCAPE,IL,2020,NONE,PASSENGER,PERSONAL,S,ENTERING TRAFFIC LANE FROM PARKING,,,1,,,,,,,,,,,,,,,Y,,,FRONT-RIGHT-CORNER,,,,,,,,,,,,,,,,,,,,,,,,,,,,,,,,,
2112007,bb049ca941e18a5c267a16d64552b7f79e7496288ffa5efbbb4a053dbd9e8aed2fde12b6c58b0b4e39c89f915215bd6aa32db311332fb681b5f082e3888135ac,07/16/2025 11:25:00 AM,2,DRIVER,,2013389,,DODGE,CARAVAN,IL,2012,NONE,PASSENGER,PERSONAL,S,STRAIGHT AHEAD,,,1,,,,,,,Y,Y,Y,,,,,,,,,UNKNOWN,,,,,,,,,,,,,,,,,,,,,,,,,,,,,,,,,
2109061,5f9d7748bd19b6f3a6afd0e02b53ac1663dbea18a07dda88d5a277179043a51dba6d4e7e182a29b7fb033103056a6af5f6b3e248e608cc161c0499390f6c9a33,07/16/2025 11:17:00 AM,1,DRIVER,,2010598,,UNKNOWN,OTHER (EXPLAIN IN NARRATIVE),,,UNKNOWN,PASSENGER,UNKNOWN/NA,E,STRAIGHT AHEAD,,,1,,,,,Y,,,,,,,,,,Y,Y,,FRONT,,,,,,,,,,,,,,,,,,,,,,,,,,,,,,,,,
2109062,5f9d7748bd19b6f3a6afd0e02b53ac1663dbea18a07dda88d5a277179043a51dba6d4e7e182a29b7fb033103056a6af5f6b3e248e608cc161c0499390f6c9a33,07/16/2025 11:17:00 AM,2,DRIVER,,2010603,,DODGE,CHARGER,IL,2018,UNKNOWN,PASSENGER,PERSONAL,W,STRAIGHT AHEAD,,,1,,,,,Y,,,,,,,,,,Y,Y,,FRONT,,,,,,,,,,,,,,,,,,,,,,,,,,,,,,,,,
2107875,9bb976d43fbc6bca2012c5d70c3c944d36f8fba4bfed7c31b2b1d220c105a188370659444b0fe0b614cc50db9d4112048154bbb08170224a34ff3e4d664477a1,07/16/2025 11:15:00 AM,1,DRIVER,,2009495,,TOYOTA,ECHO,IL,,UNKNOWN,PASSENGER,PERSONAL,SW,TURNING LEFT,,,1,,,,,Y,,,,,,,,,,Y,Y,,FRONT,,,,,,,,,,,,,,,,,,,,,,,,,,,,,,,,,
2107876,9bb976d43fbc6bca2012c5d70c3c944d36f8fba4bfed7c31b2b1d220c105a188370659444b0fe0b614cc50db9d4112048154bbb08170224a34ff3e4d664477a1,07/16/2025 11:15:00 AM,2,DRIVER,,2009499,,BMW,X5,IL,,UNKNOWN,SPORT UTILITY VEHICLE (SUV),PERSONAL,N,STRAIGHT AHEAD,Y,,1,,private,,,,,,Y,Y,,,,,,,,,REAR-RIGHT-CORNER,,,,,,,,,,,,,,,,,,,,,,,,,,,,,,,,,
2108513,a484bead4abfe9e3283a04018ca170ff9e1df66376a771f399398aa321bc0c726100b0cb71c2d7b4da845fb7a6de19537a3f91e1a5fe5004519b7e2c93422e43,07/16/2025 11:00:00 AM,1,DRIVER,,2010104,,KIA,OPTIMA / K5,IL,2017,UNKNOWN,PASSENGER,PERSONAL,NE,TURNING RIGHT,Y,,1,,city of chicago,pound #2,,Y,,,,,,,,,,Y,Y,,FRONT,,,,,,,,,,,,,,,,,,,,,,,,,,,,,,,,,
2107831,922a1b03e3d7db146f9fdb14f72240c72bb966fcb9ee9794e667acda959147c600aa01738096b51ad48a32670b3a9f9b63454974dbeebb277a636405bc05e4ab,07/16/2025 10:52:00 AM,1,DRIVER,,2009465,,BMW,OTHER (EXPLAIN IN NARRATIVE),IL,2013,NONE,PASSENGER,PERSONAL,S,TURNING LEFT,Y,,1,,PRIVATE,UNKNOWN,,Y,Y,,,,,,,Y,Y,Y,Y,,FRONT-LEFT-CORNER,,,,,,,,,,,,,,,,,,,,,,,,,,,,,,,,,
2107832,922a1b03e3d7db146f9fdb14f72240c72bb966fcb9ee9794e667acda959147c600aa01738096b51ad48a32670b3a9f9b63454974dbeebb277a636405bc05e4ab,07/16/2025 10:52:00 AM,2,DRIVER,,2009471,,DODGE,CHARGER,IL,2013,NONE,PASSENGER,PERSONAL,W,STRAIGHT AHEAD,Y,,1,,PRIVATE,UNKNOWN,,Y,Y,,,,,,Y,Y,Y,Y,Y,,FRONT-RIGHT-CORNER,,,,,,,,,,,,,,,,,,,,,,,,,,,,,,,,,
2107833,922a1b03e3d7db146f9fdb14f72240c72bb966fcb9ee9794e667acda959147c600aa01738096b51ad48a32670b3a9f9b63454974dbeebb277a636405bc05e4ab,07/16/2025 10:52:00 AM,3,PARKED,,2009474,,LEXUS,OTHER (EXPLAIN IN NARRATIVE),IL,2015,NONE,PASSENGER,PERSONAL,E,PARKED,,,0,,,,,,,Y,Y,Y,Y,Y,Y,Y,Y,Y,Y,,FRONT-LEFT-CORNER,,,,,,,,,,,,,,,,,,,,,,,,,,,,,,,,,
2107834,922a1b03e3d7db146f9fdb14f72240c72bb966fcb9ee9794e667acda959147c600aa01738096b51ad48a32670b3a9f9b63454974dbeebb277a636405bc05e4ab,07/16/2025 10:52:00 AM,4,PARKED,,2009476,,HONDA,CIVIC,NH,2002,NONE,PASSENGER,PERSONAL,E,PARKED,,,0,,,,,Y,Y,,,,,,,,Y,Y,Y,,FRONT,,,,,,,,,,,,,,,,,,,,,,,,,,,,,,,,,
2110048,2f4a0417c94f220963dc83b580514d625ef8a77e69b127967be3607903ab61acb6ae88118c5687f42cf2edb52628ffb2df098996084796b521d834139f3471d7,07/16/2025 10:45:00 AM,1,DRIVER,,2011555,,HONDA,CR-V,IL,2012,NONE,SPORT UTILITY VEHICLE (SUV),PERSONAL,E,STRAIGHT AHEAD,,,1,,,,,,,,,,,,,,,,Y,,FRONT,,,,,,,,,,,,,,,,,,,,,,,,,,,,,,,,,
2110049,2f4a0417c94f220963dc83b580514d625ef8a77e69b127967be3607903ab61acb6ae88118c5687f42cf2edb52628ffb2df098996084796b521d834139f3471d7,07/16/2025 10:45:00 AM,2,DRIVER,1,2011562,,AUDI,Q5,IL,2016,NONE,SPORT UTILITY VEHICLE (SUV),PERSONAL,E,SLOW/STOP IN TRAFFIC,,,2,,,,,,,,,,Y,,,,,,,,REAR,,,,,,,,,,,,,,,,,,,,,,,,,,,,,,,,,
2107881,ef36740295e5648981fbeaef237c1e83dabdadedd1a0d83c4e144e0c4628944af5c74bf650437991e4504aa5a3ab00bd7570f3500eb54be4fbb6f62ec24f4d8e,07/16/2025 10:43:00 AM,1,DRIVER,,2009510,,UNKNOWN,OTHER (EXPLAIN IN NARRATIVE),,,UNKNOWN,UNKNOWN/NA,UNKNOWN/NA,S,STRAIGHT AHEAD,,,1,,,,,,Y,,,,,,,,,,,,SIDE-RIGHT,,,,,,,,,,,,,,,,,,,,,,,,,,,,,,,,,
2107882,ef36740295e5648981fbeaef237c1e83dabdadedd1a0d83c4e144e0c4628944af5c74bf650437991e4504aa5a3ab00bd7570f3500eb54be4fbb6f62ec24f4d8e,07/16/2025 10:43:00 AM,2,PARKED,,2009502,,FORD,ECONOLINE E450,MO,2025,NONE,BUS UP TO 15 PASS.,OTHER,S,PARKED,,,0,,,,,,,,,,,,,Y,Y,,,,SIDE-LEFT,,,,,,,,,,,,,,,,,,,,,,,,,,,,,,,,,
2108182,84dd25273f53fbcc11a6c98b9380266946c1197e74a33e4950abd4d04fa27ae7cd0c7ac3f44b826d29cf0cd8b6509f2789b3bec276fb67b08ea5f010ea40047a,07/16/2025 10:41:00 AM,1,DRIVER,,2009762,,CHEVROLET,OTHER (EXPLAIN IN NARRATIVE),IL,2019,UNKNOWN,UNKNOWN/NA,UNKNOWN/NA,W,TURNING RIGHT,,,1,,,,,,,,,,,,,,,,,Y,UNKNOWN,,,,,,,,,,,,,,,,,,,,,,,,,,,,,,,,,
2108183,84dd25273f53fbcc11a6c98b9380266946c1197e74a33e4950abd4d04fa27ae7cd0c7ac3f44b826d29cf0cd8b6509f2789b3bec276fb67b08ea5f010ea40047a,07/16/2025 10:41:00 AM,2,PEDESTRIAN,,,,,,,,,,,,,,,,,,,,,,,,,,,,,,,,,,,,,,,,,,,,,,,,,,,,,,,,,,,,,,,,,,
2107854,e0a4a2148cb440889b0036b69fdb3969caacf19a7e8fb1264885cf0a771b687dd296fae131cfdfdf80519c31117f7a005592f24ccf978c9cd620b8663a13cfa1,07/16/2025 10:38:00 AM,1,DRIVER,,2009481,Y,GREAT DANE TRAILERS INC.,GREAT DANE TRAILERS INC.,IL,2020,NONE,TRACTOR W/ SEMI-TRAILER,COMMERCIAL - MULTI-UNIT,E,BACKING,,,1,,,,Y,,,,,,,,,,,,,,REAR-LEFT-CORNER,"21,824",2258283,,,SIDE OF TRUCK,3,PENSKE TRUCK LEASING CO,IL,,,,,N,N,,N,,N,N,,,,,,,22,3,TRACTOR/SEMI-TRAILER,VAN/ENCLOSED BOX,OTHER,N,N,
2107855,e0a4a2148cb440889b0036b69fdb3969caacf19a7e8fb1264885cf0a771b687dd296fae131cfdfdf80519c31117f7a005592f24ccf978c9cd620b8663a13cfa1,07/16/2025 10:38:00 AM,2,DRIVER,,2009485,,KIA,OPTIMA / K5,IL,2021,NONE,PASSENGER,PERSONAL,W,STRAIGHT AHEAD,,,1,,,,,,,,,,,,,,,Y,Y,,FRONT-LEFT-CORNER,,,,,,,,,,,,,,,,,,,,,,,,,,,,,,,,,
2107844,938dd421719e3b88d2187ed07e540f080fb4ad1a76094bc56610f8f5d1babe88e922d001bfcf709e58205d96560735ce5acf59d3e93266b3d1e83dcc0b0d878b,07/16/2025 10:30:00 AM,1,DRIVER,,2009468,,NOVA BUS,OTHER (EXPLAIN IN NARRATIVE),IL,2015,UNKNOWN,BUS OVER 15 PASS.,CTA,W,MERGING,,,1,,,,Y,,,,,,,,Y,,,,,,SIDE-LEFT-REAR,,,,,,,,,,,,,,,,,,,,,,,,,,,,,,,,,
2107845,938dd421719e3b88d2187ed07e540f080fb4ad1a76094bc56610f8f5d1babe88e922d001bfcf709e58205d96560735ce5acf59d3e93266b3d1e83dcc0b0d878b,07/16/2025 10:30:00 AM,2,DRIVER,,2009472,,NISSAN,KICKS,IL,2024,UNKNOWN,PASSENGER,PERSONAL,W,STRAIGHT AHEAD,,,1,,,,,,,Y,,,,,,,,,,,SIDE-RIGHT,,,,,,,,,,,,,,,,,,,,,,,,,,,,,,,,,
2107819,9e05c032357267f4778e47f682d7ba7b9a77d2c66f844a5ff6b4d43252d71566287c991e628742bc5f776a15f0fd7ae31ffd9a2b58d4d5c655c134837e7f65b4,07/16/2025 10:30:00 AM,1,BICYCLE,,,,,,,,,,,,,,,,,,,,,,,,,,,,,,,,,,,,,,,,,,,,,,,,,,,,,,,,,,,,,,,,,,
2107820,9e05c032357267f4778e47f682d7ba7b9a77d2c66f844a5ff6b4d43252d71566287c991e628742bc5f776a15f0fd7ae31ffd9a2b58d4d5c655c134837e7f65b4,07/16/2025 10:30:00 AM,2,DRIVER,,2009446,,CHEVROLET,EQUINOX,IL,2019,NONE,PASSENGER,PERSONAL,E,TURNING RIGHT,,,1,,,,,Y,Y,,,,,,,,,,,,FRONT-RIGHT-CORNER,,,,,,,,,,,,,,,,,,,,,,,,,,,,,,,,,
2107863,13c84662784105c4d1778a1ea34f65061f787f08f46f4e50cd36ed828d66d6d96258ca55e7da8c7d4afa209cb102aad1db7a0129727cd6fba243b03b4ccf7ed8,07/16/2025 10:26:00 AM,1,DRIVER,,2009490,,MITSUBISHI,OTHER (EXPLAIN IN NARRATIVE),IL,2004,UNKNOWN,TRUCK - SINGLE UNIT,UNKNOWN/NA,N,STRAIGHT AHEAD,,,1,,,,,,,,,,,,,,,,Y,,FRONT,,,,,,,,,,,,,,,,,,,,,,,,,,,,,,,,,
2107864,13c84662784105c4d1778a1ea34f65061f787f08f46f4e50cd36ed828d66d6d96258ca55e7da8c7d4afa209cb102aad1db7a0129727cd6fba243b03b4ccf7ed8,07/16/2025 10:26:00 AM,2,DRIVER,,2009501,,JEEP,GRAND CHEROKEE,WI,2015,UNKNOWN,SPORT UTILITY VEHICLE (SUV),UNKNOWN/NA,N,SLOW/STOP IN TRAFFIC,,,1,,,,,,,,,,Y,,,,,,Y,,REAR,,,,,,,,,,,,,,,,,,,,,,,,,,,,,,,,,
2107865,13c84662784105c4d1778a1ea34f65061f787f08f46f4e50cd36ed828d66d6d96258ca55e7da8c7d4afa209cb102aad1db7a0129727cd6fba243b03b4ccf7ed8,07/16/2025 10:26:00 AM,3,DRIVER,,2009505,,HONDA,ACCORD,IL,2003,UNKNOWN,PASSENGER,UNKNOWN/NA,N,SLOW/STOP IN TRAFFIC,,,1,,,,,,,,,,Y,,,,,,,,REAR,,,,,,,,,,,,,,,,,,,,,,,,,,,,,,,,,
2107799,eb7360fb30dfaa68bfc31ac672b9c174256b4b765f0cb47e93edd0ac88f225f4f4b91d28712dbe27078cc5a969d0b235021d2ff4c3ec769d2e45a849493124af,07/16/2025 10:20:00 AM,1,DRIVER,,2009426,,HONDA,ACCORD,IL,2011,OTHER,PASSENGER,UNKNOWN/NA,E,DRIVING WRONG WAY,,,1,,,,,,,,,,,,,,,,,Y,FRONT,,,,,,,,,,,,,,,,,,,,,,,,,,,,,,,,,
2107800,eb7360fb30dfaa68bfc31ac672b9c174256b4b765f0cb47e93edd0ac88f225f4f4b91d28712dbe27078cc5a969d0b235021d2ff4c3ec769d2e45a849493124af,07/16/2025 10:20:00 AM,2,DRIVER,,2009429,,CHEVROLET,MALIBU,IL,2022,NONE,PASSENGER,PERSONAL,E,TURNING LEFT,,,1,,,,,,,,,,,,,Y,Y,,,,SIDE-LEFT,,,,,,,,,,,,,,,,,,,,,,,,,,,,,,,,,
2107815,11bec2ba8326f58995a2c25d6b575f900c07e750e62765a1a60e74ea59f3d6892844afba0fecc5ee00b926e0e9de8ea3a2885699b331277f964c5788ec57ae47,07/16/2025 10:15:00 AM,1,DRIVER,,2009444,Y,"MACK TRUCKS, INC.","MACK TRUCKS, INC.",WI,2016,NONE,TRACTOR W/ SEMI-TRAILER,COMMERCIAL - SINGLE UNIT,W,BACKING,Y,,1,,MAXIMUM TOWING & RECOVERY,,,,,,,,Y,Y,,,,,,,REAR,"21,823",3333078,,,DRIVER,3,ONYX FREIGHT LLC,WI,MILWAUKEE,,,,U,U,,U,,U,U,,,>102,>102,,,,,TRACTOR/SEMI-TRAILER,VAN/ENCLOSED BOX,UNKNOWN,N,N,
2107816,11bec2ba8326f58995a2c25d6b575f900c07e750e62765a1a60e74ea59f3d6892844afba0fecc5ee00b926e0e9de8ea3a2885699b331277f964c5788ec57ae47,07/16/2025 10:15:00 AM,2,PARKED,,2009454,,KIA,SELTOS,IL,2025,NONE,SPORT UTILITY VEHICLE (SUV),PERSONAL,E,PARKED,,,0,,,,,,,,,,Y,Y,,,,,,,REAR,,,,,,,,,,,,,,,,,,,,,,,,,,,,,,,,,
2107835,16de26c3ef5dbd03f97525d605de114eea8b7274b48a62c9d2096dcac967964a49f0442347a81d02cee02f132fa8ad494f0fb06a1e9a20a15c176b097f2b1123,07/16/2025 10:15:00 AM,1,DRIVER,,2009462,,TOYOTA,OTHER (EXPLAIN IN NARRATIVE),IL,2002,UNKNOWN,PASSENGER,PERSONAL,S,CHANGING LANES,,,1,,,,,,,,,,,,,,,,,Y,FRONT-LEFT-CORNER,,,,,,,,,,,,,,,,,,,,,,,,,,,,,,,,,
2107836,16de26c3ef5dbd03f97525d605de114eea8b7274b48a62c9d2096dcac967964a49f0442347a81d02cee02f132fa8ad494f0fb06a1e9a20a15c176b097f2b1123,07/16/2025 10:15:00 AM,2,DRIVER,2,2009467,,DODGE,JOURNEY,IL,2013,NONE,SPORT UTILITY VEHICLE (SUV),PERSONAL,S,STRAIGHT AHEAD,,,3,,,,,Y,Y,Y,,,,,,,,,,,FRONT-RIGHT-CORNER,,,,,,,,,,,,,,,,,,,,,,,,,,,,,,,,,
2108474,27300404fafa426502d75e566adae7af10ee3ecef54662662e838ff4f0f3c08b25ea08f7fcb4abfeda97fe29835604cb334a7329082276e9000d422bffb2bb5a,07/16/2025 10:10:00 AM,1,DRIVER,,2010050,,"MOTOR COACH INDUSTRIES, INC.","MOTOR COACH INDUSTRIES, INC.",IL,2017,UNKNOWN,BUS OVER 15 PASS.,OTHER,E,STRAIGHT AHEAD,,,1,,,,,,,,,,,,,,Y,,,,SIDE-LEFT,,,,,,,,,,,,,,,,,,,,,,,,,,,,,,,,,
2108475,27300404fafa426502d75e566adae7af10ee3ecef54662662e838ff4f0f3c08b25ea08f7fcb4abfeda97fe29835604cb334a7329082276e9000d422bffb2bb5a,07/16/2025 10:10:00 AM,2,PARKED,,2010051,,UNKNOWN,MOTORIZED,XX,,UNKNOWN,UNKNOWN/NA,UNKNOWN/NA,E,PARKED,,,0,,,,,,Y,,,,,,,,,,,,SIDE-RIGHT,,,,,,,,,,,,,,,,,,,,,,,,,,,,,,,,,
2107810,b626a42aecc1ea9a1313d366bcb7d611ae2d0e0d93daed3129e36d7ba8b99234e09f3f10cce35f08b5849eb1b6a0a7176086eec382a347df6f2c7689e24c54eb,07/16/2025 10:06:00 AM,1,DRIVER,,2009437,,NISSAN,ALTIMA,IL,2023,UNKNOWN,PASSENGER,PERSONAL,N,STRAIGHT AHEAD,,,1,,,,,Y,Y,Y,,,,,,Y,Y,Y,Y,Y,FRONT,,,,,,,,,,,,,,,,,,,,,,,,,,,,,,,,,
2107811,b626a42aecc1ea9a1313d366bcb7d611ae2d0e0d93daed3129e36d7ba8b99234e09f3f10cce35f08b5849eb1b6a0a7176086eec382a347df6f2c7689e24c54eb,07/16/2025 10:06:00 AM,2,DRIVER,1,2009442,,TOYOTA,RAV4,IL,,UNKNOWN,PASSENGER,PERSONAL,E,STRAIGHT AHEAD,,,2,,,,,,,,,,,Y,Y,Y,Y,Y,,Y,FRONT-LEFT-CORNER,,,,,,,,,,,,,,,,,,,,,,,,,,,,,,,,,
2112451,2a9ebe7c772221fc89189946cf93bd3444da0d71de6e70ded989b763543c5204a2165d5a11c4ea03b240c43e78ca839d929799848065a1e50873d1fbd58d2aff,07/16/2025 10:05:00 AM,1,DRIVER,,2013817,,TOYOTA,CAMRY,IL,2011,NONE,PASSENGER,PERSONAL,W,PASSING/OVERTAKING,,,1,,,,,,Y,Y,,,,,,,,,,,SIDE-RIGHT,,,,,,,,,,,,,,,,,,,,,,,,,,,,,,,,,
2112452,2a9ebe7c772221fc89189946cf93bd3444da0d71de6e70ded989b763543c5204a2165d5a11c4ea03b240c43e78ca839d929799848065a1e50873d1fbd58d2aff,07/16/2025 10:05:00 AM,2,DRIVER,,2013824,,STARCRAFT CORPORATION,STARCRAFT CORP.,IL,2013,NONE,BUS UP TO 15 PASS.,OTHER,W,TURNING LEFT,,,1,,,,,,,,,,,,,,,Y,,,FRONT,,,,,,,,,,,,,,,,,,,,,,,,,,,,,,,,,
2107953,627a440b8899411d22074c7168a718a9246638d46bb2ea0fa574875a55161a1e882be2a4152af337065f7fb5f376bbc1f90e5de2331ef0bdaa1602dd1980beb5,07/16/2025 10:00:00 AM,1,DRIVER,,2009566,,UNKNOWN,OTHER (EXPLAIN IN NARRATIVE),,,UNKNOWN,UNKNOWN/NA,UNKNOWN/NA,UNKNOWN,UNKNOWN/NA,,,1,,,,,,,,,,,,,,,,,Y,UNKNOWN,,,,,,,,,,,,,,,,,,,,,,,,,,,,,,,,,
2107954,627a440b8899411d22074c7168a718a9246638d46bb2ea0fa574875a55161a1e882be2a4152af337065f7fb5f376bbc1f90e5de2331ef0bdaa1602dd1980beb5,07/16/2025 10:00:00 AM,2,PARKED,,2009567,,NISSAN,SENTRA,IL,2023,UNKNOWN,PASSENGER,PERSONAL,N,PARKED,,,0,,,,,,,,,,,,,,Y,,,,SIDE-LEFT,,,,,,,,,,,,,,,,,,,,,,,,,,,,,,,,,
2107949,cc3e1966ea13a173417563bb53c291ca013fa892477875c4581672e319359d9b8d8da8d2b2e7d10cfe8b36772e1d4e5d776a48fcaa744970c068cdf0e45c05f3,07/16/2025 10:00:00 AM,1,DRIVER,,2009561,,UNKNOWN,OTHER (EXPLAIN IN NARRATIVE),,,UNKNOWN,UNKNOWN/NA,UNKNOWN/NA,UNKNOWN,UNKNOWN/NA,,,1,,,,,,,,,,,,,,,,,Y,UNKNOWN,,,,,,,,,,,,,,,,,,,,,,,,,,,,,,,,,
2107950,cc3e1966ea13a173417563bb53c291ca013fa892477875c4581672e319359d9b8d8da8d2b2e7d10cfe8b36772e1d4e5d776a48fcaa744970c068cdf0e45c05f3,07/16/2025 10:00:00 AM,2,PARKED,,2009564,,ACURA,ADX,IL,2011,UNKNOWN,SPORT UTILITY VEHICLE (SUV),PERSONAL,S,PARKED,,,0,,,,,,,,,,,,,,Y,Y,,,FRONT-LEFT-CORNER,,,,,,,,,,,,,,,,,,,,,,,,,,,,,,,,,
2107806,25e6ecc8cc3d32b62d91b87b28a89b8a2345e9ca6555469c887e19c3721db8fb58e7723ee936c97498872416ee6e985e5aa451659d9dde58d1656c11cbcaa1cf,07/16/2025 09:58:00 AM,1,DRIVER,,2009439,,NEW FLYER,D40LF,IL,2006,UNKNOWN,BUS OVER 15 PASS.,CTA,S,STRAIGHT AHEAD,,,1,,,,,,,,,,,Y,Y,Y,Y,Y,,,SIDE-LEFT,,,,,,,,,,,,,,,,,,,,,,,,,,,,,,,,,
2107807,25e6ecc8cc3d32b62d91b87b28a89b8a2345e9ca6555469c887e19c3721db8fb58e7723ee936c97498872416ee6e985e5aa451659d9dde58d1656c11cbcaa1cf,07/16/2025 09:58:00 AM,2,DRIVER,,2009447,,NISSAN,KICKS,IL,2025,UNKNOWN,PASSENGER,PERSONAL,S,STRAIGHT AHEAD,Y,,1,,PRIVATE,TOW,,,,,,,,Y,Y,Y,,N,,,SIDE-LEFT,,,,,,,,,,,,,,,,,,,,,,,,,,,,,,,,,
2107858,1c4eed13c0fb00e71d1db945eef82b26fd166245414dd96b8f87167914bc871e21616829da3ded6d005a8ee72e0e68a17c4bec4a4025b20249482fa93ba829e2,07/16/2025 09:48:00 AM,1,NON-MOTOR VEHICLE,,,,,,,,,,,,,,,,,,,,,,,,,,,,,,,,,,,,,,,,,,,,,,,,,,,,,,,,,,,,,,,,,,
2107872,1c4eed13c0fb00e71d1db945eef82b26fd166245414dd96b8f87167914bc871e21616829da3ded6d005a8ee72e0e68a17c4bec4a4025b20249482fa93ba829e2,07/16/2025 09:48:00 AM,2,DRIVER,1,2009487,,CHEVROLET,TRAVERSE,IL,2016,NONE,PASSENGER,PERSONAL,N,STRAIGHT AHEAD,,,2,,,,Y,,,,,,,,,,,,,,FRONT-LEFT-CORNER,,,,,,,,,,,,,,,,,,,,,,,,,,,,,,,,,
2107793,38ca69e9afe83904eb730cf7bedb1112e5ea703f30590a85adf1ef6e030932093a155bf6b8ea4b0f882fe60cd4288548f4f5ffcd17b5060cf2fc997f57b4b3c6,07/16/2025 09:48:00 AM,1,DRIVER,,2009422,,VOLKSWAGEN,TIGUAN,IL,2022,UNKNOWN,PASSENGER,PERSONAL,N,BACKING,,,1,,,,,,,,,Y,,,,,,,,,REAR-RIGHT-CORNER,,,,,,,,,,,,,,,,,,,,,,,,,,,,,,,,,
2107794,38ca69e9afe83904eb730cf7bedb1112e5ea703f30590a85adf1ef6e030932093a155bf6b8ea4b0f882fe60cd4288548f4f5ffcd17b5060cf2fc997f57b4b3c6,07/16/2025 09:48:00 AM,2,PARKED,,2009425,,HYUNDAI,ELANTRA,IL,2021,UNKNOWN,PASSENGER,UNKNOWN/NA,S,PARKED,,,0,,,,,,,,,,,,Y,,,,,,SIDE-LEFT-REAR,,,,,,,,,,,,,,,,,,,,,,,,,,,,,,,,,