CRASH_UNIT_ID,CRASH_RECORD_ID,CRASH_DATE,UNIT_NO,UNIT_TYPE,NUM_PASSENGERS,VEHICLE_ID,CMRC_VEH_I,MAKE,MODEL,LIC_PLATE_STATE,VEHICLE_YEAR,VEHICLE_DEFECT,VEHICLE_TYPE,VEHICLE_USE,TRAVEL_DIRECTION,MANEUVER,TOWED_I,FIRE_I,OCCUPANT_CNT,EXCEED_SPEED_LIMIT_I,TOWED_BY,TOWED_TO,AREA_00_I,AREA_01_I,AREA_02_I,AREA_03_I,AREA_04_I,AREA_05_I,AREA_06_I,AREA_07_I,AREA_08_I,AREA_09_I,AREA_10_I,AREA_11_I,AREA_12_I,AREA_99_I,FIRST_CONTACT_POINT,CMV_ID,USDOT_NO,CCMC_NO,ILCC_NO,COMMERCIAL_SRC,GVWR,CARRIER_NAME,CARRIER_STATE,CARRIER_CITY,HAZMAT_PLACARDS_I,HAZMAT_NAME,UN_NO,HAZMAT_PRESENT_I,HAZMAT_REPORT_I,HAZMAT_REPORT_NO,MCS_REPORT_I,MCS_REPORT_NO,HAZMAT_VIO_CAUSE_CRASH_I,MCS_VIO_CAUSE_CRASH_I,IDOT_PERMIT_NO,WIDE_LOAD_I,TRAILER1_WIDTH,TRAILER2_WIDTH,TRAILER1_LENGTH,TRAILER2_LENGTH,TOTAL_VEHICLE_LENGTH,AXLE_CNT,VEHICLE_CONFIG,CARGO_BODY_TYPE,LOAD_TYPE,HAZMAT_OUT_OF_SERVICE_I,MCS_OUT_OF_SERVICE_I,HAZMAT_CLASS
2107821,8cf0cba985f8385499036c2a68c8b7f012088621a380485dade794d31de5ceba94bb88d14a95423e5060b132bb5e2b2e7c2e7b0ad322e7358547ea8388f01c11,07/16/2025 09:48:00 AM,1,DRIVER,,2009445,,LINCOLN,MKX,IL,2016,NONE,PASSENGER,PERSONAL,S,TURNING LEFT,,,1,,,,,Y,Y,Y,Y,,,,,,,,,,SIDE-RIGHT,,,,,,,,,,,,,,,,,,,,,,,,,,,,,,,,,
2107822,8cf0cba985f8385499036c2a68c8b7f012088621a380485dade794d31de5ceba94bb88d14a95423e5060b132bb5e2b2e7c2e7b0ad322e7358547ea8388f01c11,07/16/2025 09:48:00 AM,2,DRIVER,,2009450,,HONDA,ODYSSEY,IL,2009,NONE,PASSENGER,PERSONAL,N,STRAIGHT AHEAD,,,1,,,,,Y,Y,,,,,,,,,N,Y,,FRONT-RIGHT-CORNER,,,,,,,,,,,,,,,,,,,,,,,,,,,,,,,,,
2107776,06579452d66ddc3ad56009e201bd2cf27dac14f3a922e23b4c96b10a7a8aa03cfe27b477bc2f0dec1adb8f8b699464662d12b5d4331278a852a488c4a57fc276,07/16/2025 09:45:00 AM,1,DRIVER,,2009409,,TOYOTA,CAMRY,IL,2015,UNKNOWN,PASSENGER,TAXI/FOR HIRE,N,ENTERING TRAFFIC LANE FROM PARKING,,,1,,,,,,,,,,,Y,Y,Y,Y,Y,,,SIDE-LEFT,,,,,,,,,,,,,,,,,,,,,,,,,,,,,,,,,
2107777,06579452d66ddc3ad56009e201bd2cf27dac14f3a922e23b4c96b10a7a8aa03cfe27b477bc2f0dec1adb8f8b699464662d12b5d4331278a852a488c4a57fc276,07/16/2025 09:45:00 AM,2,PEDESTRIAN,,,,,,,,,,,,,,,,,,,,,,,,,,,,,,,,,,,,,,,,,,,,,,,,,,,,,,,,,,,,,,,,,,
2107801,19b202b4fb355efd12cedb54232469225f97f5c0d62def6d1c9dade23cb61eda29abfc4782bed40fae4b9cb129975dea28405e8e3f8d6a7da3fb887e83fde475,07/16/2025 09:30:00 AM,1,DRIVER,,2009434,,SUBARU,FORESTER,IL,2017,UNKNOWN,PASSENGER,PERSONAL,S,STRAIGHT AHEAD,Y,,1,,private,,,Y,,,,,,,,,,Y,Y,,FRONT,,,,,,,,,,,,,,,,,,,,,,,,,,,,,,,,,
2107802,19b202b4fb355efd12cedb54232469225f97f5c0d62def6d1c9dade23cb61eda29abfc4782bed40fae4b9cb129975dea28405e8e3f8d6a7da3fb887e83fde475,07/16/2025 09:30:00 AM,2,DRIVER,,2009436,,JEEP,CHEROKEE,IL,2018,UNKNOWN,PASSENGER,PERSONAL,S,TURNING LEFT,,,1,,,,,,,,,,,Y,,,,,,,SIDE-LEFT-REAR,,,,,,,,,,,,,,,,,,,,,,,,,,,,,,,,,
2107842,cdef9d45c5ffb769d5eb42126ab52e6b2f8a8e6c55214fece41b0636d2f2ba90a16446892b4fee172667a85e0bd8a0bdd8dcfa49ceb468620137e164d0e95ef5,07/16/2025 09:30:00 AM,1,DRIVER,,2009464,,KIA,TELLURIDE,IN,2020,UNKNOWN,PASSENGER,PERSONAL,E,TURNING LEFT,Y,,1,,PRIVATE,,,Y,Y,,,,,,,,,,,,SIDE-RIGHT,,,,,,,,,,,,,,,,,,,,,,,,,,,,,,,,,
2107843,cdef9d45c5ffb769d5eb42126ab52e6b2f8a8e6c55214fece41b0636d2f2ba90a16446892b4fee172667a85e0bd8a0bdd8dcfa49ceb468620137e164d0e95ef5,07/16/2025 09:30:00 AM,2,DRIVER,,2009470,,VOLVO,S60,IL,2009,UNKNOWN,PASSENGER,PERSONAL,E,STRAIGHT AHEAD,,,1,,,,,,,,,,,,,,Y,Y,Y,,FRONT-LEFT-CORNER,,,,,,,,,,,,,,,,,,,,,,,,,,,,,,,,,
2107790,0d1b51036d430eb2d25d441020b202b147a01efd76902d6426d4f1e43a558b93d1e820f4b93ea53fa854a3497bbeda882ceb17d04cfc694daf0e97e0d5188e8e,07/16/2025 09:23:00 AM,1,DRIVER,,2009411,,LEXUS,RX350,IL,2012,NONE,PASSENGER,PERSONAL,S,STRAIGHT AHEAD,Y,,1,,CITY TOW REQUEST,UNK,,Y,Y,,,,,,,,Y,Y,Y,,FRONT-RIGHT-CORNER,,,,,,,,,,,,,,,,,,,,,,,,,,,,,,,,,
2107791,0d1b51036d430eb2d25d441020b202b147a01efd76902d6426d4f1e43a558b93d1e820f4b93ea53fa854a3497bbeda882ceb17d04cfc694daf0e97e0d5188e8e,07/16/2025 09:23:00 AM,2,PARKED,,2009413,,JEEP,RENEGADE,IL,2017,NONE,PASSENGER,NOT IN USE,S,PARKED,Y,,0,,PRIVATE,UNK,,,,,Y,Y,Y,Y,Y,,,,,,REAR,,,,,,,,,,,,,,,,,,,,,,,,,,,,,,,,,
2107877,287da3624484fb5b470dbe7ddede61086569a42e7008f9d6820ada13d9c3b5c8cbe471e30bd1195ebf8ba966116c4e407abe1756e40fe13047b9e6b1f89208ad,07/16/2025 09:20:00 AM,1,DRIVER,,2009494,,MAZDA,CX-30,IL,,UNKNOWN,PASSENGER,PERSONAL,N,MERGING,,,1,,,,,,,,,,,,,Y,Y,,,,SIDE-LEFT-FRONT,,,,,,,,,,,,,,,,,,,,,,,,,,,,,,,,,
2107878,287da3624484fb5b470dbe7ddede61086569a42e7008f9d6820ada13d9c3b5c8cbe471e30bd1195ebf8ba966116c4e407abe1756e40fe13047b9e6b1f89208ad,07/16/2025 09:20:00 AM,2,DRIVER,,2009503,,NEW FLYER,OTHER (EXPLAIN IN NARRATIVE),IL,2007,UNKNOWN,BUS OVER 15 PASS.,CTA,N,STRAIGHT AHEAD,,,1,,,,Y,,,,,,,,,,,,,,FRONT-RIGHT-CORNER,,,,,,,,,,,,,,,,,,,,,,,,,,,,,,,,,
2107850,333d129ab18fbada626d190ad24fd1f9077c36370add2c237768be5a74810a79ac914c527e54376afc9eba3d509590b8f83313894da6a3c1c3670f9f2dd4acba,07/16/2025 09:20:00 AM,1,DRIVER,,2009934,,HYUNDAI,TUCSON,IL,2024,UNKNOWN,PASSENGER,RIDESHARE SERVICE,W,CHANGING LANES,,,1,,,,,,,,,,,,,,Y,Y,,,UNKNOWN,,,,,,,,,,,,,,,,,,,,,,,,,,,,,,,,,
2107851,333d129ab18fbada626d190ad24fd1f9077c36370add2c237768be5a74810a79ac914c527e54376afc9eba3d509590b8f83313894da6a3c1c3670f9f2dd4acba,07/16/2025 09:20:00 AM,2,DRIVER,,2009937,,HONDA,CIVIC,IL,2020,UNKNOWN,PASSENGER,RIDESHARE SERVICE,W,STRAIGHT AHEAD,,,1,,,,,Y,Y,Y,,,,,,,,,,,UNKNOWN,,,,,,,,,,,,,,,,,,,,,,,,,,,,,,,,,
2107786,605865a980a31b7f939124d7d285bad63309a29346dbe604a91037fe6397298e04addff2df6aca1e999986bfef657259d04992220a6e46f4d6c9143195791d8e,07/16/2025 09:15:00 AM,1,DRIVER,,2009410,,BUICK,ENCORE,IL,2021,NONE,PASSENGER,PERSONAL,N,TURNING LEFT,,,1,,,,,,,,,,,,,,,Y,,,FRONT-LEFT-CORNER,,,,,,,,,,,,,,,,,,,,,,,,,,,,,,,,,
2107787,605865a980a31b7f939124d7d285bad63309a29346dbe604a91037fe6397298e04addff2df6aca1e999986bfef657259d04992220a6e46f4d6c9143195791d8e,07/16/2025 09:15:00 AM,2,DRIVER,,2009417,,CADILLAC,OTHER (EXPLAIN IN NARRATIVE),IL,2021,NONE,PASSENGER,PERSONAL,E,STRAIGHT AHEAD,,,1,,,,,,,,,,,,,,,Y,Y,,FRONT,,,,,,,,,,,,,,,,,,,,,,,,,,,,,,,,,
2107784,f46db9c1868de4b03e6f34e0a6bf1fd6f2c8c47f8a8c93737f3a59872e4671750e806bbac199fef6ec569ed3f21f93b3869f29086d9d72ee6f4c472ff5dc93fc,07/16/2025 09:08:00 AM,1,DRIVER,,2009408,,NISSAN,MURANO,IL,2021,NONE,PASSENGER,PERSONAL,S,STRAIGHT AHEAD,Y,,1,,PRIVATE,,,Y,Y,,,,,,,,,,,,FRONT-RIGHT-CORNER,,,,,,,,,,,,,,,,,,,,,,,,,,,,,,,,,
2107785,f46db9c1868de4b03e6f34e0a6bf1fd6f2c8c47f8a8c93737f3a59872e4671750e806bbac199fef6ec569ed3f21f93b3869f29086d9d72ee6f4c472ff5dc93fc,07/16/2025 09:08:00 AM,2,DRIVER,,2009414,,CHEVROLET,EQUINOX,IL,,NONE,PASSENGER,PERSONAL,E,STRAIGHT AHEAD,Y,,1,,PRIVATE,,,,,,,,,,,,,Y,,,FRONT-LEFT-CORNER,,,,,,,,,,,,,,,,,,,,,,,,,,,,,,,,,
2108506,f0ca99244ca630345791c0be21fbd738920215f8ef5b1faf86fccf8d3edb117e4dbe323d15a0fad3337b55f439824e911ce1f147383bc11471bdf96b46df0b37,07/16/2025 09:06:00 AM,1,DRIVER,,2010081,,SUBARU,FORESTER,IL,2020,NONE,SPORT UTILITY VEHICLE (SUV),PERSONAL,S,STRAIGHT AHEAD,,,1,,,,,Y,Y,Y,Y,Y,,,,,,,,,SIDE-RIGHT-REAR,,,,,,,,,,,,,,,,,,,,,,,,,,,,,,,,,
2108507,f0ca99244ca630345791c0be21fbd738920215f8ef5b1faf86fccf8d3edb117e4dbe323d15a0fad3337b55f439824e911ce1f147383bc11471bdf96b46df0b37,07/16/2025 09:06:00 AM,2,DRIVER,,2010076,,LEXUS,RX330,IL,2004,NONE,SPORT UTILITY VEHICLE (SUV),PERSONAL,S,ENTERING TRAFFIC LANE FROM PARKING,,,1,,,,,Y,,,,,,,,,,Y,Y,,FRONT-LEFT-CORNER,,,,,,,,,,,,,,,,,,,,,,,,,,,,,,,,,
2107766,8062697708412c31eefa00df2ad148257d3be6778c5e9475c4209a2d2f7e60de117c5cb61faf0e83f4dab4aa306a33bc8024808e04db25ce46aa890a525f9513,07/16/2025 09:05:00 AM,1,DRIVER,,2009396,,VOLKSWAGEN,JETTA,IL,,UNKNOWN,PASSENGER,UNKNOWN/NA,N,SLOW/STOP IN TRAFFIC,,,1,,,,,,,,,,,,,,,,Y,,FRONT,,,,,,,,,,,,,,,,,,,,,,,,,,,,,,,,,
2107767,8062697708412c31eefa00df2ad148257d3be6778c5e9475c4209a2d2f7e60de117c5cb61faf0e83f4dab4aa306a33bc8024808e04db25ce46aa890a525f9513,07/16/2025 09:05:00 AM,2,DRIVER,,2009400,,HONDA,HR-V,IL,,NONE,SPORT UTILITY VEHICLE (SUV),NOT IN USE,N,SLOW/STOP IN TRAFFIC,,,1,,,,,,,,,,Y,,,,,,,,REAR,,,,,,,,,,,,,,,,,,,,,,,,,,,,,,,,,
2107825,1d60e4697f604d4b04f25992118c68f506ca7ad8e2dc897e1c8a0fdeb265efa0e253fc32c5c7ad4f73c22a5396383af974b065d1de66b23f2d2a036ef285ffd1,07/16/2025 09:01:00 AM,1,DRIVER,1,2009449,,BUICK,LUCERNE,IL,2007,NONE,PASSENGER,PERSONAL,W,STRAIGHT AHEAD,,,2,,,,,,,,,,,,,,,Y,Y,,FRONT-LEFT-CORNER,,,,,,,,,,,,,,,,,,,,,,,,,,,,,,,,,
2107826,1d60e4697f604d4b04f25992118c68f506ca7ad8e2dc897e1c8a0fdeb265efa0e253fc32c5c7ad4f73c22a5396383af974b065d1de66b23f2d2a036ef285ffd1,07/16/2025 09:01:00 AM,2,DRIVER,1,2009457,,TOYOTA,PRIUS,IL,2013,UNKNOWN,PASSENGER,PERSONAL,N,STRAIGHT AHEAD,,,2,,,,,Y,,,,,,,,,,,Y,,FRONT-RIGHT-CORNER,,,,,,,,,,,,,,,,,,,,,,,,,,,,,,,,,
2107774,e33b8680cdb1238b9a56fe7e609e226523992afb4630da9ada9a3d4b9b9cc402de8556ab5bc68545b0d27a1a068da7b7be92e329256e48c83e86ca38156db250,07/16/2025 09:00:00 AM,1,DRIVER,,2009405,,UNKNOWN,OTHER (EXPLAIN IN NARRATIVE),IL,,UNKNOWN,UNKNOWN/NA,UNKNOWN/NA,N,BACKING,,,1,,,,,,,,,,,,,,,,,,UNKNOWN,,,,,,,,,,,,,,,,,,,,,,,,,,,,,,,,,
2107775,e33b8680cdb1238b9a56fe7e609e226523992afb4630da9ada9a3d4b9b9cc402de8556ab5bc68545b0d27a1a068da7b7be92e329256e48c83e86ca38156db250,07/16/2025 09:00:00 AM,2,DRIVER,,2009403,,FORD,OTHER (EXPLAIN IN NARRATIVE),MO,2023,NONE,PASSENGER,CONSTRUCTION/MAINTENANCE,N,SLOW/STOP IN TRAFFIC,,,1,,,,,N,N,Y,Y,Y,,,,,,,,,OTHER,,,,,,,,,,,,,,,,,,,,,,,,,,,,,,,,,
2107788,a079aa29061d7bfde33ad9ae80ae576b8f21f7c8bf9d4628b1244c086e5c398528f4d0c36cee800508ba174b964e30e89a479717deddef12fe8db9b502da15e3,07/16/2025 08:55:00 AM,1,DRIVER,,2009419,,UNKNOWN,MOTORIZED,IL,2020,NONE,OTHER,CONSTRUCTION/MAINTENANCE,E,U-TURN,,,1,,,,Y,,,,,,,,,,,Y,,,FRONT,,,,,,,,,,,,,,,,,,,,,,,,,,,,,,,,,
2107789,a079aa29061d7bfde33ad9ae80ae576b8f21f7c8bf9d4628b1244c086e5c398528f4d0c36cee800508ba174b964e30e89a479717deddef12fe8db9b502da15e3,07/16/2025 08:55:00 AM,2,DRIVER,1,2009423,,TOYOTA,CAMRY,IL,2017,NONE,PASSENGER,OTHER,E,STRAIGHT AHEAD,,,2,,,,,,,Y,Y,Y,,,,,,,,,SIDE-RIGHT-REAR,,,,,,,,,,,,,,,,,,,,,,,,,,,,,,,,,
2108168,b7fb2dd621967020c667a27c5572f1160647abb35148c601d078ac29815c378d77e02cd07db99ef4b7c77f6374e77c65980773bda79f97a46055aef7548c591c,07/16/2025 08:53:00 AM,1,DRIVER,,2009750,,UNKNOWN,ENCLOSED BODY,,,UNKNOWN,UNKNOWN/NA,UNKNOWN/NA,S,STRAIGHT AHEAD,,,1,,,,,Y,,,,,,,,,,Y,Y,,FRONT,,,,,,,,,,,,,,,,,,,,,,,,,,,,,,,,,
2108169,b7fb2dd621967020c667a27c5572f1160647abb35148c601d078ac29815c378d77e02cd07db99ef4b7c77f6374e77c65980773bda79f97a46055aef7548c591c,07/16/2025 08:53:00 AM,2,DRIVER,,2009756,,TOYOTA,CAMRY,IL,2025,UNKNOWN,PASSENGER,PERSONAL,S,SLOW/STOP IN TRAFFIC,,,1,,,,,,,,,Y,Y,Y,,,,,,,REAR,,,,,,,,,,,,,,,,,,,,,,,,,,,,,,,,,
2107782,284d6eedf560fe84c6314fbeca0a0845f6578cb07b55302767526a08322b6dfda1dc39dc1dd6133b1505a81ede4d29f2259a8694d1b42da7052fcf477c62b767,07/16/2025 08:50:00 AM,1,DRIVER,,2009407,,VOLVO,V70,IL,,UNKNOWN,PASSENGER,PERSONAL,N,SLOW/STOP IN TRAFFIC,,,1,,,,,,,,,,,,,,,,Y,,FRONT,,,,,,,,,,,,,,,,,,,,,,,,,,,,,,,,,
2107783,284d6eedf560fe84c6314fbeca0a0845f6578cb07b55302767526a08322b6dfda1dc39dc1dd6133b1505a81ede4d29f2259a8694d1b42da7052fcf477c62b767,07/16/2025 08:50:00 AM,2,DRIVER,,2009415,,NISSAN,MURANO,IL,,NONE,SPORT UTILITY VEHICLE (SUV),PERSONAL,N,SLOW/STOP IN TRAFFIC,,,1,,,,,,,,,,Y,,,,,,,,REAR,,,,,,,,,,,,,,,,,,,,,,,,,,,,,,,,,
2108174,526fc2b4cee61c8672e73e3bfa058ed454b6a14cdad5b062269e3c8f7eb9f165f18f2313b7bd6bcc1fb4ccbf828f1ec93ced167ca29cbd024a08145dfa7fd911,07/16/2025 08:50:00 AM,1,DRIVER,,2009753,,DODGE,OTHER (EXPLAIN IN NARRATIVE),IL,2011,NONE,SPORT UTILITY VEHICLE (SUV),UNKNOWN/NA,N,BACKING,,,1,,,,,,,,,,Y,Y,,,,,,,REAR-LEFT-CORNER,,,,,,,,,,,,,,,,,,,,,,,,,,,,,,,,,
2108175,526fc2b4cee61c8672e73e3bfa058ed454b6a14cdad5b062269e3c8f7eb9f165f18f2313b7bd6bcc1fb4ccbf828f1ec93ced167ca29cbd024a08145dfa7fd911,07/16/2025 08:50:00 AM,2,PARKED,,2009757,,HONDA,PILOT,IL,2012,NONE,SPORT UTILITY VEHICLE (SUV),PERSONAL,S,PARKED,,,0,,,,,Y,Y,Y,Y,,,,,,,,,,SIDE-RIGHT,,,,,,,,,,,,,,,,,,,,,,,,,,,,,,,,,
2108888,541d65b67833b6ce1eccfb28be29f0d1da08e82bd16ee5dabe17700dac1a5a61359d97953126e914c4e7cb217a56cb97ccbe513d0c4f4b62c9115998c58448b9,07/16/2025 08:50:00 AM,1,DRIVER,,2010433,,BLUEBIRD INTERNATIONAL,BLUEBIRD INTERNATIONAL,IL,2018,UNKNOWN,BUS OVER 15 PASS.,SCHOOL BUS,E,ENTERING TRAFFIC LANE FROM PARKING,,,1,,,,Y,,,,,,,,,,,,,,SIDE-RIGHT-REAR,,,,,,,,,,,,,,,,,,,,,,,,,,,,,,,,,
2108889,541d65b67833b6ce1eccfb28be29f0d1da08e82bd16ee5dabe17700dac1a5a61359d97953126e914c4e7cb217a56cb97ccbe513d0c4f4b62c9115998c58448b9,07/16/2025 08:50:00 AM,2,DRIVER,,2010439,,CHEVROLET,VOLT,IL,2020,UNKNOWN,PASSENGER,PERSONAL,E,SLOW/STOP IN TRAFFIC,,,1,,,,,,,,,,,Y,,,,N,,,REAR-LEFT-CORNER,,,,,,,,,,,,,,,,,,,,,,,,,,,,,,,,,
2114268,e4e728e0e4237887681b14daa7f9e6856e62a17851aaa02962dba411eadcd50d07497b3fd84e49047d242f3f9184fc5b3f5a848f53fed58575d29adab36d50ab,07/16/2025 08:49:00 AM,1,DRIVER,,2015550,,CHEVROLET,EQUINOX,IL,,UNKNOWN,SPORT UTILITY VEHICLE (SUV),UNKNOWN/NA,W,MERGING,,,1,,,,,,,,,,,,,,,,,Y,UNKNOWN,,,,,,,,,,,,,,,,,,,,,,,,,,,,,,,,,
2114269,e4e728e0e4237887681b14daa7f9e6856e62a17851aaa02962dba411eadcd50d07497b3fd84e49047d242f3f9184fc5b3f5a848f53fed58575d29adab36d50ab,07/16/2025 08:49:00 AM,2,DRIVER,,2015554,,AUDI,Q5,IL,2018,UNKNOWN,UNKNOWN/NA,UNKNOWN/NA,W,STRAIGHT AHEAD,,,1,,,,,,,,,,,,,,,,,Y,UNKNOWN,,,,,,,,,,,,,,,,,,,,,,,,,,,,,,,,,
2108180,98df1bdd97a2ed0b795b65a17ee9f6bd39461b16c2eb10c11750f1ad2245214755691254c5988a0add21dbb6d2340b6530601d54a417a7f059f317a063f21781,07/16/2025 08:45:00 AM,1,DRIVER,,2009763,,HONDA,CIVIC,IL,2023,UNKNOWN,PASSENGER,PERSONAL,E,TURNING RIGHT,,,1,,,,,Y,Y,Y,Y,Y,,,,,,,,,SIDE-RIGHT,,,,,,,,,,,,,,,,,,,,,,,,,,,,,,,,,
2108181,98df1bdd97a2ed0b795b65a17ee9f6bd39461b16c2eb10c11750f1ad2245214755691254c5988a0add21dbb6d2340b6530601d54a417a7f059f317a063f21781,07/16/2025 08:45:00 AM,2,DRIVER,,2009768,,LEXUS,RX,IL,2024,UNKNOWN,SPORT UTILITY VEHICLE (SUV),PERSONAL,E,TURNING RIGHT,,,1,,,,,,,,,,,,,Y,Y,Y,,,SIDE-RIGHT-FRONT,,,,,,,,,,,,,,,,,,,,,,,,,,,,,,,,,
2107770,0b8e35ed9a92099b72c5d43dbaa897da545d0105139aba8e95b7436ed0b73502db468c7d70037ce7b87e975fddf0de972012b32f3cf7271566045f8d0072afb1,07/16/2025 08:40:00 AM,1,DRIVER,,2009406,,INFINITI,Q60,IL,2020,UNKNOWN,SPORT UTILITY VEHICLE (SUV),UNKNOWN/NA,N,STRAIGHT AHEAD,,,1,,,,,,,,,,,,,,,,,Y,UNKNOWN,,,,,,,,,,,,,,,,,,,,,,,,,,,,,,,,,
2107771,0b8e35ed9a92099b72c5d43dbaa897da545d0105139aba8e95b7436ed0b73502db468c7d70037ce7b87e975fddf0de972012b32f3cf7271566045f8d0072afb1,07/16/2025 08:40:00 AM,2,DRIVER,3,2009455,,FORD,FOCUS,IL,2015,UNKNOWN,PASSENGER,DRIVER EDUCATION,W,STRAIGHT AHEAD,,,4,,,,,,,,,,,Y,Y,,,,,,SIDE-LEFT-REAR,,,,,,,,,,,,,,,,,,,,,,,,,,,,,,,,,
2107759,25fe8fb2048d018606e6baa2fd78aee938070b82045e81b1dbb2e281813ffd6ad7966ca29737983d8e65b3fb922d458547392057fbc13d05ad23466ce5c0c623,07/16/2025 08:40:00 AM,1,DRIVER,1,2009390,,CHEVROLET,CAPRICE,IL,2011,NONE,PASSENGER,PERSONAL,N,STRAIGHT AHEAD,,,2,,,,,Y,,,,,,,,,,Y,Y,,FRONT,,,,,,,,,,,,,,,,,,,,,,,,,,,,,,,,,
2107760,25fe8fb2048d018606e6baa2fd78aee938070b82045e81b1dbb2e281813ffd6ad7966ca29737983d8e65b3fb922d458547392057fbc13d05ad23466ce5c0c623,07/16/2025 08:40:00 AM,2,DRIVER,2,2009397,,TOYOTA,COROLLA,IL,2007,NONE,PASSENGER,PERSONAL,N,SLOW/STOP IN TRAFFIC,,,3,,,,,,,,,Y,Y,,,,,,,,REAR,,,,,,,,,,,,,,,,,,,,,,,,,,,,,,,,,
2107873,b4ed9af650f246c9030b22bc833aa51df36eec49274408b70f45e4f8f93df356ca7ba3622e1333be25ecf21336a532cdfa8c055fe097b986975548f58141c3ec,07/16/2025 08:30:00 AM,1,DRIVER,,2009929,,BMW,OTHER (EXPLAIN IN NARRATIVE),IL,,UNKNOWN,PASSENGER,PERSONAL,N,CHANGING LANES,,,1,,,,,Y,,,,,,,,,,,,,FRONT-RIGHT-CORNER,,,,,,,,,,,,,,,,,,,,,,,,,,,,,,,,,
2107874,b4ed9af650f246c9030b22bc833aa51df36eec49274408b70f45e4f8f93df356ca7ba3622e1333be25ecf21336a532cdfa8c055fe097b986975548f58141c3ec,07/16/2025 08:30:00 AM,2,DRIVER,,2009931,,MERCEDES-BENZ,C300,IL,,NONE,PASSENGER,PERSONAL,N,STRAIGHT AHEAD,,,1,,,,,,,,,,,Y,Y,Y,Y,,,,SIDE-LEFT,,,,,,,,,,,,,,,,,,,,,,,,,,,,,,,,,
2107742,4b8772f3104f1fe4000775b79c9f6bef7f93576a1eb5edee5990c70ca7c00f9af60e0163370570ea69c22e44f672afdd90246e6f63f69b86603e7c94392adbeb,07/16/2025 08:25:00 AM,1,DRIVER,,2009379,,NISSAN,PATHFINDER,IL,2014,NONE,PASSENGER,PERSONAL,E,STRAIGHT AHEAD,,,1,,,,,Y,,,,,,,,,,,,Y,FRONT-RIGHT-CORNER,,,,,,,,,,,,,,,,,,,,,,,,,,,,,,,,,
2107743,4b8772f3104f1fe4000775b79c9f6bef7f93576a1eb5edee5990c70ca7c00f9af60e0163370570ea69c22e44f672afdd90246e6f63f69b86603e7c94392adbeb,07/16/2025 08:25:00 AM,2,DRIVER,,2009377,,CHEVROLET,MALIBU,IL,2002,NONE,PASSENGER,PERSONAL,E,TURNING RIGHT,,,1,,,,,,,,,,,Y,,,,,,,REAR-LEFT-CORNER,,,,,,,,,,,,,,,,,,,,,,,,,,,,,,,,,
2113458,772383afcb388fb2bc300e4dd5e22aafc4bd194c9dbc28031acfee713af5569d4373d09d8680b9c99d77d2f61604f07228a2910637f23a4c593160d22e6efa21,07/16/2025 08:20:00 AM,1,DRIVER,,2014782,,LINCOLN,AVIATOR,IL,2023,NONE,SPORT UTILITY VEHICLE (SUV),PERSONAL,UNKNOWN,STRAIGHT AHEAD,,,1,,,,,,,,,,,,,,,,Y,,FRONT,,,,,,,,,,,,,,,,,,,,,,,,,,,,,,,,,
2113459,772383afcb388fb2bc300e4dd5e22aafc4bd194c9dbc28031acfee713af5569d4373d09d8680b9c99d77d2f61604f07228a2910637f23a4c593160d22e6efa21,07/16/2025 08:20:00 AM,2,DRIVER,,2014798,,HYUNDAI,ELANTRA,IL,2018,NONE,PASSENGER,PERSONAL,UNKNOWN,STRAIGHT AHEAD,,,1,,,,,,,,,,Y,,,,,,,,REAR,,,,,,,,,,,,,,,,,,,,,,,,,,,,,,,,,
2108698,a5ac24074d693ce7b7ecd93e763dcd811cdb946d7f0005b511f58d0acd9643206e578a8e028e0e8717e02095dc7124e865078f596f20ad955131868368db75a8,07/16/2025 08:16:00 AM,1,DRIVER,,2010247,,HYUNDAI,ELANTRA,IL,2012,UNKNOWN,PASSENGER,PERSONAL,S,STRAIGHT AHEAD,,,1,,,,,Y,Y,,,,,,,,,,Y,,FRONT-RIGHT-CORNER,,,,,,,,,,,,,,,,,,,,,,,,,,,,,,,,,
2108699,a5ac24074d693ce7b7ecd93e763dcd811cdb946d7f0005b511f58d0acd9643206e578a8e028e0e8717e02095dc7124e865078f596f20ad955131868368db75a8,07/16/2025 08:16:00 AM,2,DRIVER,1,2010248,,HONDA,FIT,IL,2015,UNKNOWN,PASSENGER,PERSONAL,E,STRAIGHT AHEAD,Y,,2,,PERSONAL TOW,UNKNOWN,,Y,,,,,,,,,Y,Y,Y,,FRONT,,,,,,,,,,,,,,,,,,,,,,,,,,,,,,,,,
2107752,758c70a93e8de359b82f68124d1caf50fb3062d0d3f953e05a3bfdb498db7b394aa41836cf4550c4bb0b0390b5bf73b28bfc8b829cec57900c7fef2da9708e6f,07/16/2025 08:15:00 AM,1,DRIVER,2,2009383,,NISSAN,NV PASSENGER,IL,2015,UNKNOWN,OTHER,PERSONAL,N,ENTERING TRAFFIC LANE FROM PARKING,,,3,,,,,,,,,,Y,Y,Y,,,,,,REAR-LEFT-CORNER,,,,,,,,,,,,,,,,,,,,,,,,,,,,,,,,,