CRASH_UNIT_ID,CRASH_RECORD_ID,CRASH_DATE,UNIT_NO,UNIT_TYPE,NUM_PASSENGERS,VEHICLE_ID,CMRC_VEH_I,MAKE,MODEL,LIC_PLATE_STATE,VEHICLE_YEAR,VEHICLE_DEFECT,VEHICLE_TYPE,VEHICLE_USE,TRAVEL_DIRECTION,MANEUVER,TOWED_I,FIRE_I,OCCUPANT_CNT,EXCEED_SPEED_LIMIT_I,TOWED_BY,TOWED_TO,AREA_00_I,AREA_01_I,AREA_02_I,AREA_03_I,AREA_04_I,AREA_05_I,AREA_06_I,AREA_07_I,AREA_08_I,AREA_09_I,AREA_10_I,AREA_11_I,AREA_12_I,AREA_99_I,FIRST_CONTACT_POINT,CMV_ID,USDOT_NO,CCMC_NO,ILCC_NO,COMMERCIAL_SRC,GVWR,CARRIER_NAME,CARRIER_STATE,CARRIER_CITY,HAZMAT_PLACARDS_I,HAZMAT_NAME,UN_NO,HAZMAT_PRESENT_I,HAZMAT_REPORT_I,HAZMAT_REPORT_NO,MCS_REPORT_I,MCS_REPORT_NO,HAZMAT_VIO_CAUSE_CRASH_I,MCS_VIO_CAUSE_CRASH_I,IDOT_PERMIT_NO,WIDE_LOAD_I,TRAILER1_WIDTH,TRAILER2_WIDTH,TRAILER1_LENGTH,TRAILER2_LENGTH,TOTAL_VEHICLE_LENGTH,AXLE_CNT,VEHICLE_CONFIG,CARGO_BODY_TYPE,LOAD_TYPE,HAZMAT_OUT_OF_SERVICE_I,MCS_OUT_OF_SERVICE_I,HAZMAT_CLASS
2107753,758c70a93e8de359b82f68124d1caf50fb3062d0d3f953e05a3bfdb498db7b394aa41836cf4550c4bb0b0390b5bf73b28bfc8b829cec57900c7fef2da9708e6f,07/16/2025 08:15:00 AM,2,DRIVER,,2009389,,KIA,SORENTO,MI,2024,UNKNOWN,PASSENGER,PERSONAL,N,STRAIGHT AHEAD,,,1,,,,,Y,Y,,,,,,,,,,Y,,FRONT-RIGHT-CORNER,,,,,,,,,,,,,,,,,,,,,,,,,,,,,,,,,
2107792,053ace94b3db4c6abecfe4c85afa9eb4467ee7a42c245141940f869fd36ed05a626552bafee8e60baa3567c5ceef8593b5d0b42bfa34190c55fe6c426131ecd0,07/16/2025 08:00:00 AM,1,DRIVER,,2009416,,UNKNOWN,OTHER (EXPLAIN IN NARRATIVE),,,UNKNOWN,UNKNOWN/NA,UNKNOWN/NA,S,TURNING RIGHT,,,1,,,,,,,,,,,,,,,,,,UNKNOWN,,,,,,,,,,,,,,,,,,,,,,,,,,,,,,,,,
2107747,e0eab8550a9663dd334de426d0895beabfc8c5a921124819a49e72d7dbaef8256783b25b3b6b943d83a92bd4af5da6919b0234728597df215bd4268b7ae31781,07/16/2025 08:00:00 AM,1,DRIVER,,2009381,,CHEVROLET,TRAVERSE,IL,2015,NONE,SPORT UTILITY VEHICLE (SUV),PERSONAL,E,STRAIGHT AHEAD,,,1,,,,,,,,,,,,,,,,Y,,FRONT,,,,,,,,,,,,,,,,,,,,,,,,,,,,,,,,,
2107748,e0eab8550a9663dd334de426d0895beabfc8c5a921124819a49e72d7dbaef8256783b25b3b6b943d83a92bd4af5da6919b0234728597df215bd4268b7ae31781,07/16/2025 08:00:00 AM,2,DRIVER,,2009387,,CHEVROLET,SILVERADO,IL,2015,UNKNOWN,PICKUP,UNKNOWN/NA,E,SLOW/STOP IN TRAFFIC,,,1,,,,,,,,,,Y,,,,,,,,REAR,,,,,,,,,,,,,,,,,,,,,,,,,,,,,,,,,
2107762,e2f92a617fe1e7c915d68b5f5546eb03313db57c589fff110d951c49829a8fae901cd0a9cd3935a42dc95a773a572bfb05ef2de59dc3f236adb179a7a2e91233,07/16/2025 07:59:00 AM,1,DRIVER,,2009391,,HONDA,OTHER (EXPLAIN IN NARRATIVE),IL,2019,UNKNOWN,PASSENGER,UNKNOWN/NA,S,PASSING/OVERTAKING,,,1,,,,,Y,,,,,,,,,,,,,FRONT-RIGHT-CORNER,,,,,,,,,,,,,,,,,,,,,,,,,,,,,,,,,
2107763,e2f92a617fe1e7c915d68b5f5546eb03313db57c589fff110d951c49829a8fae901cd0a9cd3935a42dc95a773a572bfb05ef2de59dc3f236adb179a7a2e91233,07/16/2025 07:59:00 AM,2,DRIVER,,2009399,,FORD,F550,IL,2019,UNKNOWN,OTHER,OTHER,S,SLOW/STOP IN TRAFFIC,,,1,,,,,,,,,,,,,Y,,,,,SIDE-LEFT,,,,,,,,,,,,,,,,,,,,,,,,,,,,,,,,,
2107757,e6105375297a8b7c027df609f80f7426343eb6078b76d16786e2e2a0cb1debf1f3e8c2b03173f42be489fbbb167831a3e1974f299088b0a796bebfd42534f012,07/16/2025 07:59:00 AM,1,DRIVER,,2009388,,TOYOTA,COROLLA,IL,2010,NONE,PASSENGER,PERSONAL,N,ENTERING TRAFFIC LANE FROM PARKING,,,1,,,,,,,,,,,,,Y,Y,,,Y,SIDE-LEFT-FRONT,,,,,,,,,,,,,,,,,,,,,,,,,,,,,,,,,
2107758,e6105375297a8b7c027df609f80f7426343eb6078b76d16786e2e2a0cb1debf1f3e8c2b03173f42be489fbbb167831a3e1974f299088b0a796bebfd42534f012,07/16/2025 07:59:00 AM,2,DRIVER,,2009398,,HYUNDAI,SONATA,IL,2020,NONE,PASSENGER,PERSONAL,N,STRAIGHT AHEAD,,,1,,,,,,Y,Y,Y,,,,,,,,,Y,SIDE-RIGHT,,,,,,,,,,,,,,,,,,,,,,,,,,,,,,,,,
2107754,e42fa3540f663299df86f1cf1772886eac87c5a314cc320d10b019b3be00bde1d6fbb9376e11443f2a8dc645a8b3b43ad6522b69cc340119e781869fb712e180,07/16/2025 07:50:00 AM,1,DRIVER,,2009386,,CHEVROLET,CRUZE,IL,2018,UNKNOWN,PASSENGER,PERSONAL,N,STRAIGHT AHEAD,,,1,,,,,,,,,,,,,,Y,Y,,,SIDE-LEFT,,,,,,,,,,,,,,,,,,,,,,,,,,,,,,,,,
2107755,e42fa3540f663299df86f1cf1772886eac87c5a314cc320d10b019b3be00bde1d6fbb9376e11443f2a8dc645a8b3b43ad6522b69cc340119e781869fb712e180,07/16/2025 07:50:00 AM,2,DRIVER,,2009392,,TOYOTA,4RUNNER,IL,2020,NONE,SPORT UTILITY VEHICLE (SUV),PERSONAL,N,NEGOTIATING A CURVE,,,1,,,,,Y,Y,,,,,,,,,,,,SIDE-RIGHT,,,,,,,,,,,,,,,,,,,,,,,,,,,,,,,,,
2107795,e2377818c6f6ef595375b22ab428b37e8ec5096b65b29d7d2552817423787ff84d9e6a1562e29f4eb0c4b2503c930a6b961cb16cd77848f25d6760b7347b524f,07/16/2025 07:45:00 AM,1,DRIVER,,2009427,,CHEVROLET,IMPALA,IL,2016,UNKNOWN,PASSENGER,PERSONAL,E,PASSING/OVERTAKING,,,1,,,,,N,,,,,,,,,,Y,,,FRONT-LEFT-CORNER,,,,,,,,,,,,,,,,,,,,,,,,,,,,,,,,,
2107796,e2377818c6f6ef595375b22ab428b37e8ec5096b65b29d7d2552817423787ff84d9e6a1562e29f4eb0c4b2503c930a6b961cb16cd77848f25d6760b7347b524f,07/16/2025 07:45:00 AM,2,DRIVER,1,2009430,,TOYOTA,C-HR,IL,2022,NONE,PASSENGER,PERSONAL,E,STRAIGHT AHEAD,,,2,,,,,,,,,Y,,,,,,,,,REAR-RIGHT-CORNER,,,,,,,,,,,,,,,,,,,,,,,,,,,,,,,,,
2107944,63161261654b09e9db3f28a19ad78c4ef3eee9d215c843243a224f9352aa98caca29e95001c4108c69f394651644b1d496f972f26d4b2ca2e1edc06641c0b4a3,07/16/2025 07:30:00 AM,1,DRIVER,,2009558,,TOYOTA,RAV4,IL,2010,UNKNOWN,SPORT UTILITY VEHICLE (SUV),PERSONAL,E,STRAIGHT AHEAD,,,1,,,,,,,,,,,,,,,,,Y,FRONT,,,,,,,,,,,,,,,,,,,,,,,,,,,,,,,,,
2107945,63161261654b09e9db3f28a19ad78c4ef3eee9d215c843243a224f9352aa98caca29e95001c4108c69f394651644b1d496f972f26d4b2ca2e1edc06641c0b4a3,07/16/2025 07:30:00 AM,2,DRIVER,,2009563,,JEEP,RENEGADE,IL,2021,UNKNOWN,SPORT UTILITY VEHICLE (SUV),PERSONAL,E,SLOW/STOP IN TRAFFIC,,,1,,,,,,,,,Y,Y,Y,,,,,,,REAR,,,,,,,,,,,,,,,,,,,,,,,,,,,,,,,,,
2107946,63161261654b09e9db3f28a19ad78c4ef3eee9d215c843243a224f9352aa98caca29e95001c4108c69f394651644b1d496f972f26d4b2ca2e1edc06641c0b4a3,07/16/2025 07:30:00 AM,3,DRIVER,,2009570,,CHEVROLET,EQUINOX,IL,2018,UNKNOWN,SPORT UTILITY VEHICLE (SUV),PERSONAL,E,SLOW/STOP IN TRAFFIC,,,1,,,,,Y,,,,Y,Y,Y,,,,Y,Y,,REAR,,,,,,,,,,,,,,,,,,,,,,,,,,,,,,,,,
2107724,3569d8a716def9697f71711ba5cc3ad1a8e1ae6c8a535fc6eb9f43106d704a9139b04dbd1e73344bfd292e548928f7de66f4096d5628d5d69b6f9988e69aff77,07/16/2025 07:25:00 AM,1,DRIVER,,2009359,,BMW,OTHER (EXPLAIN IN NARRATIVE),IL,2016,UNKNOWN,PASSENGER,PERSONAL,W,STRAIGHT AHEAD,,,1,,,,,Y,,,,,,,,,,Y,Y,,FRONT,,,,,,,,,,,,,,,,,,,,,,,,,,,,,,,,,
2107725,3569d8a716def9697f71711ba5cc3ad1a8e1ae6c8a535fc6eb9f43106d704a9139b04dbd1e73344bfd292e548928f7de66f4096d5628d5d69b6f9988e69aff77,07/16/2025 07:25:00 AM,2,DRIVER,,2009360,,TOYOTA,RAV4,IL,2019,NONE,PASSENGER,PERSONAL,W,STRAIGHT AHEAD,,,1,,,,,,,,,Y,Y,Y,,,,,,,REAR,,,,,,,,,,,,,,,,,,,,,,,,,,,,,,,,,
2107803,57d9cc318bd899546d8a62d2fc3e20da12dd95bd7f7c6cc378c6c34816a0da6b72c02effd94096640af45bd81d95f008cd1c63438166f3e8f22dfa8df02f773d,07/16/2025 07:18:00 AM,1,DRIVER,,2009433,,CHEVROLET,IMPALA,IL,2012,NONE,PASSENGER,PERSONAL,W,STRAIGHT AHEAD,Y,,1,,CITY TOW,,,Y,Y,Y,Y,Y,,,,,,,Y,,FRONT-RIGHT-CORNER,,,,,,,,,,,,,,,,,,,,,,,,,,,,,,,,,
2107744,2d4308931b38d042c47f944bb25a3323e8f6d69684d1ac7cf6ddf2ab33d81e753f41f21df78822e1cad2709ad9b89cc7f03fa1e6ccbc4e7cb97e63ceb9726417,07/16/2025 07:17:00 AM,1,DRIVER,,2009376,,JEEP,RENEGADE,IL,2015,UNKNOWN,PASSENGER,PERSONAL,N,BACKING,,,1,,,,,,,,,,,,,,,,,,UNKNOWN,,,,,,,,,,,,,,,,,,,,,,,,,,,,,,,,,
2107749,2d4308931b38d042c47f944bb25a3323e8f6d69684d1ac7cf6ddf2ab33d81e753f41f21df78822e1cad2709ad9b89cc7f03fa1e6ccbc4e7cb97e63ceb9726417,07/16/2025 07:17:00 AM,2,PEDESTRIAN,,,,,,,,,,,,,,,,,,,,,,,,,,,,,,,,,,,,,,,,,,,,,,,,,,,,,,,,,,,,,,,,,,
2107990,65e23a3e0c88371cd93dc99ee21003fc0460beb79d892b5309df6e9820439a18cf26b48f9ceb92a0150c8ecdd69988845d3f9e59370719c92e63206ca680ae23,07/16/2025 07:09:00 AM,1,DRIVER,,2009602,,TOYOTA,CAMRY,IL,2006,UNKNOWN,PASSENGER,PERSONAL,N,STRAIGHT AHEAD,Y,,1,,CITY OF CHICAGO,,,Y,,,,,,,,,,Y,Y,,FRONT,,,,,,,,,,,,,,,,,,,,,,,,,,,,,,,,,
2107991,65e23a3e0c88371cd93dc99ee21003fc0460beb79d892b5309df6e9820439a18cf26b48f9ceb92a0150c8ecdd69988845d3f9e59370719c92e63206ca680ae23,07/16/2025 07:09:00 AM,2,DRIVER,,2009603,,DODGE,GRAND CARAVAN,IL,2007,UNKNOWN,VAN/MINI-VAN,PERSONAL,W,STRAIGHT AHEAD,,,1,,,,,,,,,,,,Y,Y,,,,,SIDE-LEFT,,,,,,,,,,,,,,,,,,,,,,,,,,,,,,,,,
2107732,13348e7063d43d6f655e66cdd73a1ede01e1f938dc62482b108f3accd5fd17f2dff99ed73dc04ec22d952c784a1ea1ff1700bfccb87487ad19f751fcab7867ab,07/16/2025 07:08:00 AM,1,DRIVER,,2009368,,TOYOTA,CAMRY,IL,2020,UNKNOWN,PASSENGER,PERSONAL,N,STRAIGHT AHEAD,,,1,,,,,,,,,,,,,,Y,Y,,,SIDE-LEFT,,,,,,,,,,,,,,,,,,,,,,,,,,,,,,,,,
2107733,13348e7063d43d6f655e66cdd73a1ede01e1f938dc62482b108f3accd5fd17f2dff99ed73dc04ec22d952c784a1ea1ff1700bfccb87487ad19f751fcab7867ab,07/16/2025 07:08:00 AM,2,DRIVER,,2009372,,TOYOTA,CAMRY,MN,2015,UNKNOWN,PASSENGER,PERSONAL,E,STRAIGHT AHEAD,,,1,,,,,Y,N,,,,,,,,,,Y,,FRONT-RIGHT-CORNER,,,,,,,,,,,,,,,,,,,,,,,,,,,,,,,,,
2107817,0bccc59c64980ef1bd820192490e441fa9dd3f8500f88f48d2aa529c433c307a555cd91d3c9dd6be304ab2c52258e3402543bf6b8b7735b961de7287fefb84a1,07/16/2025 07:00:00 AM,1,DRIVER,,2009440,,UNKNOWN,OTHER (EXPLAIN IN NARRATIVE),,,UNKNOWN,UNKNOWN/NA,UNKNOWN/NA,UNKNOWN,STRAIGHT AHEAD,,,1,,,,,,,,,,,,,,,,,Y,UNKNOWN,,,,,,,,,,,,,,,,,,,,,,,,,,,,,,,,,
2107818,0bccc59c64980ef1bd820192490e441fa9dd3f8500f88f48d2aa529c433c307a555cd91d3c9dd6be304ab2c52258e3402543bf6b8b7735b961de7287fefb84a1,07/16/2025 07:00:00 AM,2,PARKED,,2009441,,TOYOTA,AVENSIS,IL,2018,NONE,PASSENGER,PERSONAL,W,PARKED,,,0,,,,,,,,,,,,,Y,Y,Y,Y,,FRONT,,,,,,,,,,,,,,,,,,,,,,,,,,,,,,,,,
2107756,10d310c4b29d447a48213006ff488d05b2ee9fb8e608c7730075b4d2a248f55392651d10f6fd7baac6d567d54b1b051d6e20e024f14d8e0d99a579120bc220ab,07/16/2025 07:00:00 AM,1,DRIVER,,2009384,,CHEVROLET,TRAVERSE,IL,2024,NONE,SPORT UTILITY VEHICLE (SUV),PERSONAL,E,TURNING RIGHT,,,1,,,,Y,Y,Y,,,,,,,,,,,,FRONT-RIGHT-CORNER,,,,,,,,,,,,,,,,,,,,,,,,,,,,,,,,,
2107761,10d310c4b29d447a48213006ff488d05b2ee9fb8e608c7730075b4d2a248f55392651d10f6fd7baac6d567d54b1b051d6e20e024f14d8e0d99a579120bc220ab,07/16/2025 07:00:00 AM,2,BICYCLE,,,,,,,,,,,,,,,,,,,,,,,,,,,,,,,,,,,,,,,,,,,,,,,,,,,,,,,,,,,,,,,,,,
2107740,27c12b9157b5ec61d48327668baa6201b1ab5a700a58b9aeada285c485fb0fb25a2e78d4ae19943f51906d0f5e9f40051cd3cd1e9156d3900c7a770f0a21e247,07/16/2025 07:00:00 AM,1,DRIVER,,2009373,,NISSAN,SENTRA,IL,2014,UNKNOWN,PASSENGER,PERSONAL,E,TURNING LEFT,Y,,1,,PERSONAL,,,Y,,,,,,,,,,Y,Y,,FRONT-LEFT-CORNER,,,,,,,,,,,,,,,,,,,,,,,,,,,,,,,,,
2107741,27c12b9157b5ec61d48327668baa6201b1ab5a700a58b9aeada285c485fb0fb25a2e78d4ae19943f51906d0f5e9f40051cd3cd1e9156d3900c7a770f0a21e247,07/16/2025 07:00:00 AM,2,DRIVER,,2009375,,TOYOTA,RAV4,IL,2018,NONE,PASSENGER,OTHER,W,STRAIGHT AHEAD,,,1,,,,,,,,,,,,Y,Y,Y,Y,,,SIDE-LEFT-FRONT,,,,,,,,,,,,,,,,,,,,,,,,,,,,,,,,,
2107738,34441a0832e3aa28dd25e5d0a6dacdfd6150586399ffbf0e892059ff4a49426dbcef8913756d6d4839e8f7ff6808c311d80d7e97010c2724a1e3e13c0d525730,07/16/2025 07:00:00 AM,1,DRIVER,,2009367,,UNKNOWN,OTHER (EXPLAIN IN NARRATIVE),,,UNKNOWN,UNKNOWN/NA,UNKNOWN/NA,UNKNOWN,UNKNOWN/NA,,,1,,,,,,,,,,,,,,,,,Y,UNKNOWN,,,,,,,,,,,,,,,,,,,,,,,,,,,,,,,,,
2107739,34441a0832e3aa28dd25e5d0a6dacdfd6150586399ffbf0e892059ff4a49426dbcef8913756d6d4839e8f7ff6808c311d80d7e97010c2724a1e3e13c0d525730,07/16/2025 07:00:00 AM,2,PARKED,,2009370,,FORD,ESCAPE,IL,2014,NONE,PASSENGER,PERSONAL,N,PARKED,Y,,0,,OWNER,UNK,,Y,Y,Y,Y,,,,,,,,Y,,SIDE-RIGHT,,,,,,,,,,,,,,,,,,,,,,,,,,,,,,,,,
2107726,9309b8fbbc182eee6f41930542e2148df2a504e87cdd92898f7a86c067431295a9cf38a56cdcea1354812c90aa16ae3d68ad517e8819342554b261547b98e39a,07/16/2025 07:00:00 AM,1,DRIVER,,2009362,,JEEP,COMPASS,IL,2025,UNKNOWN,PASSENGER,PERSONAL,SE,TURNING LEFT,,,1,,,,,Y,,,,,,,,,,,,,FRONT-RIGHT-CORNER,,,,,,,,,,,,,,,,,,,,,,,,,,,,,,,,,
2107727,9309b8fbbc182eee6f41930542e2148df2a504e87cdd92898f7a86c067431295a9cf38a56cdcea1354812c90aa16ae3d68ad517e8819342554b261547b98e39a,07/16/2025 07:00:00 AM,2,PARKED,,2009364,,HONDA,HR-V,IL,2016,UNKNOWN,PASSENGER,PERSONAL,SE,PARKED,,,0,,,,,,,,,,,Y,,,,,,,REAR-LEFT-CORNER,,,,,,,,,,,,,,,,,,,,,,,,,,,,,,,,,
2107745,e82ab8588db02d147002fd1f5feaa06b0250f3eb073528a4447cbccb416e3e8a318ca0cda9ce2e72b728c882531c78025fd18a517ac3803f58351b0e014f08f8,07/16/2025 06:55:00 AM,1,DRIVER,,2009378,,TOYOTA,COROLLA,IL,2021,UNKNOWN,PASSENGER,PERSONAL,SW,TURNING LEFT,Y,,1,,PRIVATE TOW,UNK,,,,Y,Y,Y,Y,Y,,,,,,,REAR-RIGHT-CORNER,,,,,,,,,,,,,,,,,,,,,,,,,,,,,,,,,
2107746,e82ab8588db02d147002fd1f5feaa06b0250f3eb073528a4447cbccb416e3e8a318ca0cda9ce2e72b728c882531c78025fd18a517ac3803f58351b0e014f08f8,07/16/2025 06:55:00 AM,2,DRIVER,,2009380,,KIA,SPORTAGE,IL,2016,UNKNOWN,PASSENGER,PERSONAL,NW,STRAIGHT AHEAD,Y,,1,,PRIVATE TOW,UNK,,Y,Y,Y,,,,,,,,,Y,,FRONT-RIGHT-CORNER,,,,,,,,,,,,,,,,,,,,,,,,,,,,,,,,,
2107728,8e3e880bfd1a7f034c570cd086148c0c7fce068da620e873821db7a70f89f6638816675cb00da1a2bc3cc49a8d573f5b3d4e95f1f56cf23ca56548100462ebcd,07/16/2025 06:50:00 AM,1,DRIVER,,2009361,,"PETERBILT MOTORS COMPANY (DIVISION OF PACCAR, INC.)","PETERBILT MOTORS CO., DIVISION PACCAR, INC.",MI,2021,UNKNOWN,TRACTOR W/ SEMI-TRAILER,COMMERCIAL - SINGLE UNIT,N,STRAIGHT AHEAD,,,1,,,,,,,,,,Y,,,,,,,,REAR,,,,,,,,,,,,,,,,,,,,,,,,,,,,,,,,,
2107729,8e3e880bfd1a7f034c570cd086148c0c7fce068da620e873821db7a70f89f6638816675cb00da1a2bc3cc49a8d573f5b3d4e95f1f56cf23ca56548100462ebcd,07/16/2025 06:50:00 AM,2,DRIVER,,2009366,,HONDA,ACCORD,IL,2025,UNKNOWN,PASSENGER,PERSONAL,N,STRAIGHT AHEAD,,,1,,,,,,,,,,,,,,,,Y,,FRONT,,,,,,,,,,,,,,,,,,,,,,,,,,,,,,,,,
2107827,011d597ef0ed3ca6519a215ca1c7d7d9eb298626fa1f1fdad2aaecab1fdfeb15f695be3935cbeec78feeaf35030c92b6834c5e58109c5c15e7dd74abbf0bb972,07/16/2025 06:40:00 AM,1,DRIVER,,2009452,,GENESIS,GV80,IL,2021,NONE,PASSENGER,PERSONAL,S,STRAIGHT AHEAD,Y,,1,,e&r,doty pound 2,,Y,Y,,,,,,,,,Y,Y,,FRONT-RIGHT-CORNER,,,,,,,,,,,,,,,,,,,,,,,,,,,,,,,,,
2107828,011d597ef0ed3ca6519a215ca1c7d7d9eb298626fa1f1fdad2aaecab1fdfeb15f695be3935cbeec78feeaf35030c92b6834c5e58109c5c15e7dd74abbf0bb972,07/16/2025 06:40:00 AM,2,DRIVER,,2009453,,NEW FLYER,OTHER (EXPLAIN IN NARRATIVE),IL,2009,NONE,BUS OVER 15 PASS.,CTA,S,STARTING IN TRAFFIC,Y,,1,,cta,unknown,,,,,,,Y,Y,Y,,,,,,REAR-LEFT-CORNER,,,,,,,,,,,,,,,,,,,,,,,,,,,,,,,,,
2107720,7ca6d770a1e0e983642c6cf89b4a7e759ebdf4371264e5fbbf2ee51a473bbb29317fe251eee8592153e1960482212580f7b5414ee5f308d7e3000c8b67d071b7,07/16/2025 06:33:00 AM,1,DRIVER,,2009353,,FORD,OTHER (EXPLAIN IN NARRATIVE),IL,2015,UNKNOWN,PICKUP,PERSONAL,S,STRAIGHT AHEAD,,,1,,,,,Y,,,,,,,,,,Y,Y,,FRONT,,,,,,,,,,,,,,,,,,,,,,,,,,,,,,,,,
2107721,7ca6d770a1e0e983642c6cf89b4a7e759ebdf4371264e5fbbf2ee51a473bbb29317fe251eee8592153e1960482212580f7b5414ee5f308d7e3000c8b67d071b7,07/16/2025 06:33:00 AM,2,DRIVER,1,2009355,,KIA,SORENTO,IL,2011,NONE,PASSENGER,PERSONAL,E,STRAIGHT AHEAD,,,2,,,,,,,,,,,Y,Y,Y,,,,,SIDE-LEFT,,,,,,,,,,,,,,,,,,,,,,,,,,,,,,,,,
2107987,1b7c1a8034b0b905d7d4208d956c8839865f65d20ee9f5719404f5886a7ab58fde5103963091f6fdf742bc6100047dcc291b7d7d77c7efedc202263de147fd14,07/16/2025 06:30:00 AM,1,DRIVER,,2009600,,HONDA,OTHER (EXPLAIN IN NARRATIVE),IL,2010,UNKNOWN,PASSENGER,PERSONAL,W,MERGING,,,1,,,,,,,,,,,,,,,,,Y,UNKNOWN,,,,,,,,,,,,,,,,,,,,,,,,,,,,,,,,,
2107988,1b7c1a8034b0b905d7d4208d956c8839865f65d20ee9f5719404f5886a7ab58fde5103963091f6fdf742bc6100047dcc291b7d7d77c7efedc202263de147fd14,07/16/2025 06:30:00 AM,2,DRIVER,,2009604,,BMW,OTHER (EXPLAIN IN NARRATIVE),IL,2022,NONE,PASSENGER,PERSONAL,W,STRAIGHT AHEAD,,,1,,,,,Y,,,,,,,,,,Y,Y,,UNKNOWN,,,,,,,,,,,,,,,,,,,,,,,,,,,,,,,,,
2107989,1b7c1a8034b0b905d7d4208d956c8839865f65d20ee9f5719404f5886a7ab58fde5103963091f6fdf742bc6100047dcc291b7d7d77c7efedc202263de147fd14,07/16/2025 06:30:00 AM,3,PARKED,,2009606,,UNKNOWN,OTHER (EXPLAIN IN NARRATIVE),,,UNKNOWN,UNKNOWN/NA,PERSONAL,W,PARKED,,,0,,,,,,,,,,,,,,,,,Y,UNKNOWN,,,,,,,,,,,,,,,,,,,,,,,,,,,,,,,,,
2107734,1a9e47870556382a5eed3abac6154be8afd3368bb68a3713ed47dc444674bda1a45a88a1840f6b2533d55a76a2d81361debe6d60fec95f082247bbfe73ddf385,07/16/2025 06:20:00 AM,1,DRIVER,,2009393,,SCION,XD,IL,2008,NONE,PASSENGER,PERSONAL,E,STRAIGHT AHEAD,,,1,,,,,Y,Y,,,,,,,,,,,,FRONT-RIGHT-CORNER,,,,,,,,,,,,,,,,,,,,,,,,,,,,,,,,,
2107735,1a9e47870556382a5eed3abac6154be8afd3368bb68a3713ed47dc444674bda1a45a88a1840f6b2533d55a76a2d81361debe6d60fec95f082247bbfe73ddf385,07/16/2025 06:20:00 AM,2,DRIVER,,2009418,,TOYOTA,TACOMA,IL,2019,NONE,PICKUP,PERSONAL,N,PASSING/OVERTAKING,,,1,,,,,,,,,,,,,,,Y,,,FRONT-LEFT-CORNER,,,,,,,,,,,,,,,,,,,,,,,,,,,,,,,,,
2107711,723f6090dac252a123a9c7e5599b7088a0b42be27110e5cb8dd045884e7970f7242d572c378487a4ce27d882dccf0c1a5916929ae9f41e878a3c76a028274247,07/16/2025 06:20:00 AM,1,DRIVER,1,2009347,,NISSAN,JUKE,IL,2012,NONE,PASSENGER,PERSONAL,W,BACKING,,,2,,,,,,,,,,Y,,,,,,,,REAR,,,,,,,,,,,,,,,,,,,,,,,,,,,,,,,,,
2107712,723f6090dac252a123a9c7e5599b7088a0b42be27110e5cb8dd045884e7970f7242d572c378487a4ce27d882dccf0c1a5916929ae9f41e878a3c76a028274247,07/16/2025 06:20:00 AM,2,DRIVER,,2009346,,TOYOTA,TACOMA,IL,2024,NONE,PICKUP,PERSONAL,E,SLOW/STOP IN TRAFFIC,,,1,,,,,,,,,,,,,,,,Y,,FRONT,,,,,,,,,,,,,,,,,,,,,,,,,,,,,,,,,
2107713,8586ad2e47cd4b7da6c62fdf51500406e92afa14af2cc237e18cf13c1ef1512d71ae65f921a4cb4e22749e95da3956f79f885cf6daeaefdafae169c5a8f0a4fb,07/16/2025 06:02:00 AM,1,DRIVER,,2009351,,JEEP,GRAND CHEROKEE,IL,2005,STEERING,PASSENGER,PERSONAL,N,STRAIGHT AHEAD,Y,,1,,TOP DOLLAR JUNK CAR,,,Y,Y,,,,,,,,,Y,Y,,FRONT,,,,,,,,,,,,,,,,,,,,,,,,,,,,,,,,,
2107714,8586ad2e47cd4b7da6c62fdf51500406e92afa14af2cc237e18cf13c1ef1512d71ae65f921a4cb4e22749e95da3956f79f885cf6daeaefdafae169c5a8f0a4fb,07/16/2025 06:02:00 AM,2,PARKED,,2009354,,VOLVO,S60,IL,2013,UNKNOWN,PASSENGER,NOT IN USE,N,PARKED,,,0,,,,,Y,,,,,,,,Y,Y,Y,Y,,SIDE-LEFT,,,,,,,,,,,,,,,,,,,,,,,,,,,,,,,,,
2107715,8586ad2e47cd4b7da6c62fdf51500406e92afa14af2cc237e18cf13c1ef1512d71ae65f921a4cb4e22749e95da3956f79f885cf6daeaefdafae169c5a8f0a4fb,07/16/2025 06:02:00 AM,3,PARKED,,2009357,,HYUNDAI,SONATA,IL,2006,UNKNOWN,PASSENGER,NOT IN USE,N,PARKED,,,0,,,,,,,,,N,Y,Y,Y,Y,Y,N,,,SIDE-LEFT,,,,,,,,,,,,,,,,,,,,,,,,,,,,,,,,,
2107730,4d272ac8c50cd5e28532e63cc2500825ce6c16612d34a61a9ea7a5c62eeb84fd154a662b1f9b90b881b2d9b3e22d7f900d0795bcc2a3c7497442e21c59a4d2ff,07/16/2025 05:40:00 AM,1,DRIVER,,2009363,,JEEP,COMPASS,IL,2018,UNKNOWN,SPORT UTILITY VEHICLE (SUV),PERSONAL,E,SLOW/STOP IN TRAFFIC,,,1,,,,,,,,,,,,,,,,Y,,FRONT,,,,,,,,,,,,,,,,,,,,,,,,,,,,,,,,,