CRASH_UNIT_ID,CRASH_RECORD_ID,CRASH_DATE,UNIT_NO,UNIT_TYPE,NUM_PASSENGERS,VEHICLE_ID,CMRC_VEH_I,MAKE,MODEL,LIC_PLATE_STATE,VEHICLE_YEAR,VEHICLE_DEFECT,VEHICLE_TYPE,VEHICLE_USE,TRAVEL_DIRECTION,MANEUVER,TOWED_I,FIRE_I,OCCUPANT_CNT,EXCEED_SPEED_LIMIT_I,TOWED_BY,TOWED_TO,AREA_00_I,AREA_01_I,AREA_02_I,AREA_03_I,AREA_04_I,AREA_05_I,AREA_06_I,AREA_07_I,AREA_08_I,AREA_09_I,AREA_10_I,AREA_11_I,AREA_12_I,AREA_99_I,FIRST_CONTACT_POINT,CMV_ID,USDOT_NO,CCMC_NO,ILCC_NO,COMMERCIAL_SRC,GVWR,CARRIER_NAME,CARRIER_STATE,CARRIER_CITY,HAZMAT_PLACARDS_I,HAZMAT_NAME,UN_NO,HAZMAT_PRESENT_I,HAZMAT_REPORT_I,HAZMAT_REPORT_NO,MCS_REPORT_I,MCS_REPORT_NO,HAZMAT_VIO_CAUSE_CRASH_I,MCS_VIO_CAUSE_CRASH_I,IDOT_PERMIT_NO,WIDE_LOAD_I,TRAILER1_WIDTH,TRAILER2_WIDTH,TRAILER1_LENGTH,TRAILER2_LENGTH,TOTAL_VEHICLE_LENGTH,AXLE_CNT,VEHICLE_CONFIG,CARGO_BODY_TYPE,LOAD_TYPE,HAZMAT_OUT_OF_SERVICE_I,MCS_OUT_OF_SERVICE_I,HAZMAT_CLASS
2107731,4d272ac8c50cd5e28532e63cc2500825ce6c16612d34a61a9ea7a5c62eeb84fd154a662b1f9b90b881b2d9b3e22d7f900d0795bcc2a3c7497442e21c59a4d2ff,07/16/2025 05:40:00 AM,2,DRIVER,,2009365,,FORD,F150,IL,2013,UNKNOWN,PICKUP,PERSONAL,E,SLOW/STOP IN TRAFFIC,,,1,,,,,,,,,,Y,,,,,,,,REAR,,,,,,,,,,,,,,,,,,,,,,,,,,,,,,,,,
2108981,a2e15b0feaff014e4512d76cce6375b738ef5c6dbb3dd92df138140df085c7d32db077649cd8b450ad00d2f19de48d5a960c5aebdfeda36a79e380fd6604053f,07/16/2025 05:40:00 AM,1,DRIVER,,2010526,,ACURA,TLX,IL,2009,UNKNOWN,PASSENGER,RIDESHARE SERVICE,N,TURNING LEFT,,,1,,,,,Y,Y,Y,,,,,,,,,Y,,SIDE-RIGHT-FRONT,,,,,,,,,,,,,,,,,,,,,,,,,,,,,,,,,
2108982,a2e15b0feaff014e4512d76cce6375b738ef5c6dbb3dd92df138140df085c7d32db077649cd8b450ad00d2f19de48d5a960c5aebdfeda36a79e380fd6604053f,07/16/2025 05:40:00 AM,2,DRIVER,,2010533,,NISSAN,OTHER (EXPLAIN IN NARRATIVE),IL,2025,NONE,PASSENGER,PERSONAL,S,STRAIGHT AHEAD,,,1,,,,,,,,,,,,,Y,Y,Y,Y,,FRONT-LEFT-CORNER,,,,,,,,,,,,,,,,,,,,,,,,,,,,,,,,,
2107707,b06d114e2f3f92689481d6db4796256ae578470a3773df9b398fb3618b6fad43448bc649721cef9b09d68913e05ffee3aeb781ca6196371afbb16edf256b6eaf,07/16/2025 03:56:00 AM,1,DRIVER,,2009339,,NISSAN,OTHER (EXPLAIN IN NARRATIVE),IL,2023,UNKNOWN,PASSENGER,PERSONAL,E,STRAIGHT AHEAD,Y,,1,,BEAT 133,CITY POUND,,Y,Y,Y,Y,Y,Y,Y,Y,Y,Y,Y,Y,,FRONT,,,,,,,,,,,,,,,,,,,,,,,,,,,,,,,,,
2107708,b06d114e2f3f92689481d6db4796256ae578470a3773df9b398fb3618b6fad43448bc649721cef9b09d68913e05ffee3aeb781ca6196371afbb16edf256b6eaf,07/16/2025 03:56:00 AM,2,DRIVER,,2009340,,CHRYSLER,OTHER (EXPLAIN IN NARRATIVE),IL,2014,NONE,PASSENGER,PERSONAL,S,STRAIGHT AHEAD,Y,,1,,PRIVATE TOW,,,Y,Y,Y,,,,,,,,,,,FRONT-RIGHT-CORNER,,,,,,,,,,,,,,,,,,,,,,,,,,,,,,,,,
2107704,3a014429e7f3b598e24c4e3c2c76b224a478dd4803bf21baa17ad93c8b2fd6561741cf617856ec3735fea04865c76f93789c5c6a86e09756f5ceb11a6b94f81c,07/16/2025 03:40:00 AM,2,PARKED,,2009335,,TOYOTA,SIENNA,IL,2007,UNKNOWN,UNKNOWN/NA,UNKNOWN/NA,W,PARKED,,,0,,,,,N,N,N,N,N,,Y,Y,Y,Y,Y,,,SIDE-LEFT,,,,,,,,,,,,,,,,,,,,,,,,,,,,,,,,,
2107705,3a014429e7f3b598e24c4e3c2c76b224a478dd4803bf21baa17ad93c8b2fd6561741cf617856ec3735fea04865c76f93789c5c6a86e09756f5ceb11a6b94f81c,07/16/2025 03:40:00 AM,1,DRIVER,,2009334,,HONDA,ACCORD,IL,2009,UNKNOWN,PASSENGER,PERSONAL,W,STRAIGHT AHEAD,Y,,1,,,,,Y,Y,Y,Y,Y,,,,,,,,,SIDE-RIGHT,,,,,,,,,,,,,,,,,,,,,,,,,,,,,,,,,
2107706,3a014429e7f3b598e24c4e3c2c76b224a478dd4803bf21baa17ad93c8b2fd6561741cf617856ec3735fea04865c76f93789c5c6a86e09756f5ceb11a6b94f81c,07/16/2025 03:40:00 AM,3,PARKED,,2009338,,FORD,ESCAPE,IL,2010,UNKNOWN,UNKNOWN/NA,UNKNOWN/NA,W,PARKED,,,0,,,,,,,,,,,Y,Y,Y,Y,Y,,,SIDE-LEFT,,,,,,,,,,,,,,,,,,,,,,,,,,,,,,,,,
2108718,6446dc4201f75686dea907b0cf8fdbd3d78a771119e7053c23d2ad3a084def0129947d3129544627589a5abc8eb859befbc6d955e3783d94cfe9cc5822a54af6,07/16/2025 02:00:00 AM,1,DRIVER,,2010269,,UNKNOWN,OTHER (EXPLAIN IN NARRATIVE),,,UNKNOWN,UNKNOWN/NA,PERSONAL,UNKNOWN,UNKNOWN/NA,,,1,,,,,,,,,,,,,,,,,Y,UNKNOWN,,,,,,,,,,,,,,,,,,,,,,,,,,,,,,,,,
2107696,eed91d5b75af0da724a3ded8506ebd1ccc646d4ce51f8e0a8608cbfe987f61a5b20c6fc652a7462adedc4a8162f94424d55b27c27d6c3909eecf2095600f8226,07/16/2025 01:02:00 AM,1,DRIVER,,2009328,,HONDA,PILOT,IL,2007,UNKNOWN,PASSENGER,PERSONAL,E,STRAIGHT AHEAD,N,,1,,,,,Y,,,,,,,,,,Y,Y,,FRONT,,,,,,,,,,,,,,,,,,,,,,,,,,,,,,,,,
2107697,eed91d5b75af0da724a3ded8506ebd1ccc646d4ce51f8e0a8608cbfe987f61a5b20c6fc652a7462adedc4a8162f94424d55b27c27d6c3909eecf2095600f8226,07/16/2025 01:02:00 AM,2,DRIVER,,2009330,,TOYOTA,RAV4,IL,2005,UNKNOWN,PASSENGER,PERSONAL,E,SLOW/STOP IN TRAFFIC,,,1,,,,,,,,,Y,Y,Y,Y,,,,,,REAR,,,,,,,,,,,,,,,,,,,,,,,,,,,,,,,,,
2107883,6ec7764662a0b0dd8d8db649f90ecd536850eb545a051aa38989651ebccdb0c7d9f19898b190dc748ec61b027317a609ff1b0a2c83aa85908dad3547e492f4b5,07/16/2025 12:30:00 AM,1,DRIVER,,2009497,,FORD,FUSION,IL,2014,UNKNOWN,PASSENGER,UNKNOWN/NA,S,STRAIGHT AHEAD,,,1,,,,,Y,,,,,,,,,,Y,Y,,FRONT,,,,,,,,,,,,,,,,,,,,,,,,,,,,,,,,,
2107884,6ec7764662a0b0dd8d8db649f90ecd536850eb545a051aa38989651ebccdb0c7d9f19898b190dc748ec61b027317a609ff1b0a2c83aa85908dad3547e492f4b5,07/16/2025 12:30:00 AM,2,DRIVER,,2009498,,HYUNDAI,ELANTRA,IL,2019,UNKNOWN,UNKNOWN/NA,PERSONAL,E,STRAIGHT AHEAD,,,1,,,,,,,,,,,,Y,Y,Y,,,,SIDE-LEFT,,,,,,,,,,,,,,,,,,,,,,,,,,,,,,,,,
2107690,1cef45566e089d292e6105009f26f056972b2aa1bc66aea21c83d1702f3ba30257547cc9eff8fd53732c261c0cc190e0b9b0219e2638867a9fad9113a3ce1ecd,07/16/2025 12:10:00 AM,1,DRIVER,,2009322,,TOYOTA,SIENNA,IL,2021,NONE,SPORT UTILITY VEHICLE (SUV),PERSONAL,E,STRAIGHT AHEAD,Y,,1,,PRIVATE TOW,UNK,,Y,Y,Y,,,,,,,,,Y,,FRONT-RIGHT-CORNER,,,,,,,,,,,,,,,,,,,,,,,,,,,,,,,,,
2107691,1cef45566e089d292e6105009f26f056972b2aa1bc66aea21c83d1702f3ba30257547cc9eff8fd53732c261c0cc190e0b9b0219e2638867a9fad9113a3ce1ecd,07/16/2025 12:10:00 AM,2,PARKED,,2009323,,TOYOTA,CAMRY,IL,2007,NONE,PASSENGER,NOT IN USE,E,PARKED,,,0,,,,,,,,,,,,,,Y,,,,SIDE-LEFT,,,,,,,,,,,,,,,,,,,,,,,,,,,,,,,,,
2107692,1cef45566e089d292e6105009f26f056972b2aa1bc66aea21c83d1702f3ba30257547cc9eff8fd53732c261c0cc190e0b9b0219e2638867a9fad9113a3ce1ecd,07/16/2025 12:10:00 AM,3,PARKED,,2009324,,HONDA,PASSPORT,IN,2022,NONE,SPORT UTILITY VEHICLE (SUV),NOT IN USE,E,PARKED,Y,,0,,PRIVATE TOW,UNK,,Y,,,,,,,Y,Y,Y,Y,Y,,SIDE-LEFT,,,,,,,,,,,,,,,,,,,,,,,,,,,,,,,,,
2107693,1cef45566e089d292e6105009f26f056972b2aa1bc66aea21c83d1702f3ba30257547cc9eff8fd53732c261c0cc190e0b9b0219e2638867a9fad9113a3ce1ecd,07/16/2025 12:10:00 AM,4,PARKED,,2009325,,FORD,F250,IL,2023,NONE,PICKUP,NOT IN USE,E,PARKED,,,0,,,,,,,,,Y,,,,,,,,,REAR-RIGHT-CORNER,,,,,,,,,,,,,,,,,,,,,,,,,,,,,,,,,
2107702,ca524b95f5c14b7bb5268622d6c4eaf7aea59fc3fd9513ea2d3c902c8b2d22e5292a13989dc587a674c3b6d2d397ef02ddcee58dc6bad470ec81be5aca102336,07/16/2025 12:03:00 AM,1,DRIVER,2,2009336,,HYUNDAI,TUCSON,IL,2016,NONE,SPORT UTILITY VEHICLE (SUV),PERSONAL,N,TURNING LEFT,Y,,3,,IMPOUNDED BY CPD,POUND 2,,Y,Y,,,,,,,,Y,Y,Y,,FRONT,,,,,,,,,,,,,,,,,,,,,,,,,,,,,,,,,
2107703,ca524b95f5c14b7bb5268622d6c4eaf7aea59fc3fd9513ea2d3c902c8b2d22e5292a13989dc587a674c3b6d2d397ef02ddcee58dc6bad470ec81be5aca102336,07/16/2025 12:03:00 AM,2,DRIVER,,2009337,,FORD,ESCAPE,IL,2021,NONE,SPORT UTILITY VEHICLE (SUV),PERSONAL,W,STRAIGHT AHEAD,Y,,1,,CPD DUE TO HAZARD,POUND 2,,,,,,,,,Y,Y,Y,Y,Y,,FRONT-LEFT-CORNER,,,,,,,,,,,,,,,,,,,,,,,,,,,,,,,,,
2108563,c0a87357c711326040d3ceae57fedf858799953c9dc4a418e6167f9fd918622cc889589e748da4e5b8c4a6591d8ac5dc2d1574f8a06ca28e4c7097bc93fe99d6,07/15/2025 11:30:00 PM,1,DRIVER,,2010120,N,UNKNOWN,ENGINE,XX,,UNKNOWN,UNKNOWN/NA,UNKNOWN/NA,S,STRAIGHT AHEAD,,,1,,,,,,,,,,,,,,,,,Y,UNKNOWN,,,,,,,,,,,,,,,,,,,,,,,,,,,,,,,,,
2108564,c0a87357c711326040d3ceae57fedf858799953c9dc4a418e6167f9fd918622cc889589e748da4e5b8c4a6591d8ac5dc2d1574f8a06ca28e4c7097bc93fe99d6,07/15/2025 11:30:00 PM,2,PARKED,,2010121,,GENERAL MOTORS CORPORATION (GMC),ACADIA,IL,2016,NONE,OTHER,PERSONAL,S,PARKED,Y,,0,,PRIVATE TOW,,,N,N,,,,,,Y,Y,Y,N,,,SIDE-LEFT,,,,,,,,,,,,,,,,,,,,,,,,,,,,,,,,,
2107669,22306277fe3d69b1e44847a327113cd96d1504132d5ffb0bbac59a830a519bd936bb0d1e378192781f142850333944c7b5acdec540d2b37a2ed4cc2de65d34b6,07/15/2025 11:10:00 PM,1,DRIVER,,2009297,,UNKNOWN,OTHER (EXPLAIN IN NARRATIVE),XX,,UNKNOWN,UNKNOWN/NA,UNKNOWN/NA,E,STRAIGHT AHEAD,,,1,,,,,Y,Y,Y,,,,,,,,,,,SIDE-RIGHT,,,,,,,,,,,,,,,,,,,,,,,,,,,,,,,,,
2107670,22306277fe3d69b1e44847a327113cd96d1504132d5ffb0bbac59a830a519bd936bb0d1e378192781f142850333944c7b5acdec540d2b37a2ed4cc2de65d34b6,07/15/2025 11:10:00 PM,2,DRIVER,,2009299,,FORD,MUSTANG,IL,2024,UNKNOWN,PASSENGER,PERSONAL,E,STRAIGHT AHEAD,,,1,,,,,,,,,,,Y,Y,Y,Y,Y,,,SIDE-LEFT,,,,,,,,,,,,,,,,,,,,,,,,,,,,,,,,,
2108769,c0ca3c7feebf9423a783e6944de13fd90410fe227cb63929e944ae061bfe110d411bdccbcfad3669ad163445131c9d6f0fb779d7e0bfc2893c720384d74a3407,07/15/2025 10:57:00 PM,1,DRIVER,,2010316,,CHEVROLET,SILVERADO,IL,2018,UNKNOWN,PICKUP,PERSONAL,W,BACKING,,,1,,,,,,,Y,Y,Y,,,,,,,,,SIDE-RIGHT-REAR,,,,,,,,,,,,,,,,,,,,,,,,,,,,,,,,,
2108770,c0ca3c7feebf9423a783e6944de13fd90410fe227cb63929e944ae061bfe110d411bdccbcfad3669ad163445131c9d6f0fb779d7e0bfc2893c720384d74a3407,07/15/2025 10:57:00 PM,2,PARKED,,2010321,,HONDA,HR-V,IL,2025,NONE,SPORT UTILITY VEHICLE (SUV),PERSONAL,E,PARKED,,,0,,,,,,,,,,,,,Y,Y,,,,SIDE-LEFT,,,,,,,,,,,,,,,,,,,,,,,,,,,,,,,,,
2107698,319079b5f97eef4a30c7212f91263beecbb5ffcf94c167345639b6e1994c806f5e71e5b484fb042d51a3d5b9b8693f9a398c7478396f42e35fd34eedee3d1d26,07/15/2025 10:40:00 PM,1,DRIVER,,2009329,,CHEVROLET,TAHOE,IL,1997,UNKNOWN,PASSENGER,PERSONAL,N,DRIVING WRONG WAY,Y,,1,,Private Tow,Unknown,,N,N,,,,,,,,Y,Y,Y,,FRONT-LEFT-CORNER,,,,,,,,,,,,,,,,,,,,,,,,,,,,,,,,,
2107699,319079b5f97eef4a30c7212f91263beecbb5ffcf94c167345639b6e1994c806f5e71e5b484fb042d51a3d5b9b8693f9a398c7478396f42e35fd34eedee3d1d26,07/15/2025 10:40:00 PM,2,DRIVER,,2009331,,CHEVROLET,COLORADO,IL,2021,NONE,PASSENGER,PERSONAL,S,STRAIGHT AHEAD,Y,,1,,Private Tow,Unknown,,,,,,,,,,,Y,Y,Y,,FRONT-LEFT-CORNER,,,,,,,,,,,,,,,,,,,,,,,,,,,,,,,,,
2107665,fe4a06ddbc0fc9138322bba1304fbe26aad51384971be4a2a68ff6a7c03b251218ae53fcc98e45e1adea384ef755f0d18e863a9265173dd100eccfd6a86f132c,07/15/2025 10:40:00 PM,1,DRIVER,,2009294,,SCION,XB,IL,2006,UNKNOWN,PASSENGER,PERSONAL,S,STRAIGHT AHEAD,,,1,,,,,Y,,,,,,,,,,Y,Y,,FRONT,,,,,,,,,,,,,,,,,,,,,,,,,,,,,,,,,
2107666,fe4a06ddbc0fc9138322bba1304fbe26aad51384971be4a2a68ff6a7c03b251218ae53fcc98e45e1adea384ef755f0d18e863a9265173dd100eccfd6a86f132c,07/15/2025 10:40:00 PM,2,DRIVER,,2009314,,KIA,SELTOS,IL,2024,UNKNOWN,PASSENGER,PERSONAL,E,STRAIGHT AHEAD,Y,,1,,S&S,CITY LOT,,,,,,,,,,,Y,Y,,,SIDE-LEFT-FRONT,,,,,,,,,,,,,,,,,,,,,,,,,,,,,,,,,
2107672,f985193436f34c1fc8f1b20a771d265da6e1fbdef47c0054065536a8bb57dcf9f9cc3d02be17ed253dbb373b5005dfaba810707cff532344654fbc0acbec73ad,07/15/2025 10:25:00 PM,1,DRIVER,,2009303,,KIA,OTHER (EXPLAIN IN NARRATIVE),IL,2025,UNKNOWN,PASSENGER,PERSONAL,S,STRAIGHT AHEAD,,,1,,,,,Y,,,,,,,,,,Y,Y,,FRONT,,,,,,,,,,,,,,,,,,,,,,,,,,,,,,,,,
2107673,f985193436f34c1fc8f1b20a771d265da6e1fbdef47c0054065536a8bb57dcf9f9cc3d02be17ed253dbb373b5005dfaba810707cff532344654fbc0acbec73ad,07/15/2025 10:25:00 PM,2,DRIVER,,2009306,,NISSAN,ROGUE,IL,2023,UNKNOWN,PASSENGER,PERSONAL,S,STRAIGHT AHEAD,,,1,,,,,,,,,Y,Y,,,,,,,,REAR,,,,,,,,,,,,,,,,,,,,,,,,,,,,,,,,,
2107682,d4199dd1e25448bd385583c167d8d70348e15b0321793d62eb0556d94c67e2e6addcabb8a9ee934d489f3f7f17198901cb657a731976ba2c79ebbc91b3fca1f0,07/15/2025 10:23:00 PM,1,DRIVER,,2009311,,CHEVROLET,MALIBU,IL,2007,UNKNOWN,PASSENGER,PERSONAL,SW,TURNING LEFT,Y,,1,,PRIVATE TOW,,,Y,,,,,,,,,Y,Y,Y,,FRONT,,,,,,,,,,,,,,,,,,,,,,,,,,,,,,,,,
2107683,d4199dd1e25448bd385583c167d8d70348e15b0321793d62eb0556d94c67e2e6addcabb8a9ee934d489f3f7f17198901cb657a731976ba2c79ebbc91b3fca1f0,07/15/2025 10:23:00 PM,2,DRIVER,,2009313,,HONDA,CR-V,IL,2024,NONE,SPORT UTILITY VEHICLE (SUV),PERSONAL,E,STARTING IN TRAFFIC,,,1,,,,,,,,,,,,,,Y,Y,,,FRONT-LEFT-CORNER,,,,,,,,,,,,,,,,,,,,,,,,,,,,,,,,,
2107680,4c7384aee64f0c2536508d0ce644614fff4f10ce3e0dc619210905879a3b0fae5fe669f7bca09570853f3120dbd7b7a631313143e35eb37896a97207f5e49194,07/15/2025 10:20:00 PM,1,DRIVER,,2009307,,TOYOTA,PRE RUNNER,IL,2001,UNKNOWN,PASSENGER,PERSONAL,W,STRAIGHT AHEAD,Y,,1,,,,,Y,Y,,,,,,,,,,Y,Y,FRONT-RIGHT-CORNER,,,,,,,,,,,,,,,,,,,,,,,,,,,,,,,,,
2107681,4c7384aee64f0c2536508d0ce644614fff4f10ce3e0dc619210905879a3b0fae5fe669f7bca09570853f3120dbd7b7a631313143e35eb37896a97207f5e49194,07/15/2025 10:20:00 PM,2,PARKED,,2009309,,HYUNDAI,KONA,IL,2022,UNKNOWN,UNKNOWN/NA,UNKNOWN/NA,W,PARKED,,,0,,,,,,,,,,,Y,Y,Y,Y,Y,,Y,REAR-LEFT-CORNER,,,,,,,,,,,,,,,,,,,,,,,,,,,,,,,,,
2107667,9004d32f3ba94951ac4abe0bb96b31e7667c68146a534e96a3740eb53e88d46b33935f94cd84bc0db07cff11b0e31df820641239081a90c1ca1eac8a9b62f173,07/15/2025 10:15:00 PM,1,DRIVER,,2009300,,CHEVROLET,VOLT,,2012,NONE,PASSENGER,PERSONAL,S,CHANGING LANES,,,1,,,,,,,,,,,Y,,,,,,,REAR-LEFT-CORNER,,,,,,,,,,,,,,,,,,,,,,,,,,,,,,,,,
2107668,9004d32f3ba94951ac4abe0bb96b31e7667c68146a534e96a3740eb53e88d46b33935f94cd84bc0db07cff11b0e31df820641239081a90c1ca1eac8a9b62f173,07/15/2025 10:15:00 PM,2,DRIVER,5,2009302,,KIA,SORENTO,IL,2020,NONE,SPORT UTILITY VEHICLE (SUV),PERSONAL,S,STRAIGHT AHEAD,,,6,,,,,Y,,,,,,N,,,,,,,FRONT-RIGHT-CORNER,,,,,,,,,,,,,,,,,,,,,,,,,,,,,,,,,
2107688,7ef6012842d8ab28e5dcf099fb423debd3d1cd1752ea9b4ec8230c9317f793acf8482f5f21f94a5dab235c90509cb72bd34c8209dbb4b63e8fd43d2a9af9afc0,07/15/2025 10:00:00 PM,1,DRIVER,,2009320,,JEEP,CHEROKEE,IL,2021,UNKNOWN,SPORT UTILITY VEHICLE (SUV),PERSONAL,S,STRAIGHT AHEAD,,,1,,,,,Y,Y,Y,,,,,,,,,,,SIDE-RIGHT,,,,,,,,,,,,,,,,,,,,,,,,,,,,,,,,,
2107689,7ef6012842d8ab28e5dcf099fb423debd3d1cd1752ea9b4ec8230c9317f793acf8482f5f21f94a5dab235c90509cb72bd34c8209dbb4b63e8fd43d2a9af9afc0,07/15/2025 10:00:00 PM,2,PARKED,,2009321,,MERCEDES-BENZ,GLA,IL,2025,NONE,SPORT UTILITY VEHICLE (SUV),PERSONAL,S,PARKED,,,0,,,,,,,,,,,,Y,Y,Y,Y,,,SIDE-LEFT,,,,,,,,,,,,,,,,,,,,,,,,,,,,,,,,,
2107686,9757f3d084097d72092b05a8edab52b1aa19dbb024daea4be3ca5a0d7bcde18977421167168656f05eb2a8cba0a6ad5d336723b11f230932669d09114c1818fa,07/15/2025 10:00:00 PM,1,DRIVER,,2009312,,UNKNOWN,OTHER (EXPLAIN IN NARRATIVE),,,UNKNOWN,UNKNOWN/NA,UNKNOWN/NA,W,CHANGING LANES,,,1,,,,,,,,,,,,,,,,,Y,UNKNOWN,,,,,,,,,,,,,,,,,,,,,,,,,,,,,,,,,
2107687,9757f3d084097d72092b05a8edab52b1aa19dbb024daea4be3ca5a0d7bcde18977421167168656f05eb2a8cba0a6ad5d336723b11f230932669d09114c1818fa,07/15/2025 10:00:00 PM,2,DRIVER,,2009317,,TOYOTA,CAMRY,IL,2013,UNKNOWN,PASSENGER,OTHER,W,STRAIGHT AHEAD,Y,,1,,,,,,,,,,,Y,Y,,Y,Y,Y,,REAR-LEFT-CORNER,,,,,,,,,,,,,,,,,,,,,,,,,,,,,,,,,
2107640,b348c4ef5caf7e1ba5e94d3d2e9076663b3354765fb5729f72cf6640dd536c6b75a287f083e56174a546bf91de38afa4583e556c227571b62f5ca7e53a91c0e6,07/15/2025 10:00:00 PM,1,DRIVER,1,2009272,,SUBARU,OTHER (EXPLAIN IN NARRATIVE),IL,,UNKNOWN,PASSENGER,PERSONAL,S,STRAIGHT AHEAD,,,2,,,,,,,,,,,,,,,,,Y,FRONT,,,,,,,,,,,,,,,,,,,,,,,,,,,,,,,,,
2107641,b348c4ef5caf7e1ba5e94d3d2e9076663b3354765fb5729f72cf6640dd536c6b75a287f083e56174a546bf91de38afa4583e556c227571b62f5ca7e53a91c0e6,07/15/2025 10:00:00 PM,2,PEDESTRIAN,,,,,,,,,,,,,,,,,,,,,,,,,,,,,,,,,,,,,,,,,,,,,,,,,,,,,,,,,,,,,,,,,,
2107652,e5537da76059d047d6dda2c2c03f9e81fa394ebea02f48ce6457b812ccf801a9d8a6e51817b5360aa88abb73b1a3f1859fd21d78fad98be63e81ae8684b2e493,07/15/2025 10:00:00 PM,1,DRIVER,,2009283,,DODGE,OTHER (EXPLAIN IN NARRATIVE),IL,2014,UNKNOWN,VAN/MINI-VAN,UNKNOWN/NA,E,STRAIGHT AHEAD,,,1,,,,,,,,,,,,,,,,,Y,FRONT,,,,,,,,,,,,,,,,,,,,,,,,,,,,,,,,,
2107653,e5537da76059d047d6dda2c2c03f9e81fa394ebea02f48ce6457b812ccf801a9d8a6e51817b5360aa88abb73b1a3f1859fd21d78fad98be63e81ae8684b2e493,07/15/2025 10:00:00 PM,2,DRIVER,2,2009287,,VOLVO,XC90,IL,2013,UNKNOWN,PASSENGER,PERSONAL,E,SLOW/STOP IN TRAFFIC,,,3,,,,,,,,,,,,,,,,,Y,REAR,,,,,,,,,,,,,,,,,,,,,,,,,,,,,,,,,
2107684,dbd532c7d5a40f89c02d291497f9092323cdfaad8bed7e2c3cc81ca3c6dcff1f8a3d0f71d3cf4b44abe9e2e02683b5ea6f8fd00cd2caf97590dc96f499ac0a83,07/15/2025 09:52:00 PM,1,DRIVER,,2009316,,TOYOTA,HIGHLANDER,IL,2013,UNKNOWN,PASSENGER,PERSONAL,S,TURNING RIGHT,N,,1,,,,,Y,Y,Y,Y,Y,,,,,,,,,FRONT-RIGHT-CORNER,,,,,,,,,,,,,,,,,,,,,,,,,,,,,,,,,
2107685,dbd532c7d5a40f89c02d291497f9092323cdfaad8bed7e2c3cc81ca3c6dcff1f8a3d0f71d3cf4b44abe9e2e02683b5ea6f8fd00cd2caf97590dc96f499ac0a83,07/15/2025 09:52:00 PM,2,DRIVER,,2009319,,DODGE,DURANGO,MN,2023,UNKNOWN,PASSENGER,PERSONAL,E,STRAIGHT AHEAD,,,1,,,,,Y,,,,,,,,,,,Y,,FRONT-RIGHT-CORNER,,,,,,,,,,,,,,,,,,,,,,,,,,,,,,,,,
2108418,09de27b38bcc61439fdc95cc2f1b7a50a3132744057a10b9b2ae617debc62d21862798d620da98228814af623bcfdac562dd89d91e9643ecd8577cae4a16d51d,07/15/2025 09:45:00 PM,1,DRIVER,,2009994,,HONDA,CR-V,IL,2009,NONE,PASSENGER,PERSONAL,N,STRAIGHT AHEAD,Y,,1,,PRIVATE TOW,,,Y,,,,,,,,,,Y,Y,,FRONT,,,,,,,,,,,,,,,,,,,,,,,,,,,,,,,,,
2108419,09de27b38bcc61439fdc95cc2f1b7a50a3132744057a10b9b2ae617debc62d21862798d620da98228814af623bcfdac562dd89d91e9643ecd8577cae4a16d51d,07/15/2025 09:45:00 PM,2,DRIVER,,2010001,,HONDA,PASSPORT,IL,2004,NONE,PASSENGER,PERSONAL,W,STRAIGHT AHEAD,,,1,,,,,,,,,,,Y,Y,Y,Y,Y,,,SIDE-LEFT,,,,,,,,,,,,,,,,,,,,,,,,,,,,,,,,,
2109299,afb0267e5a8279a68d376050de7b8a4e586b3b69db80c40b4c99c826703ba5aa8425f98420a3eed3d4a2289f96f3f08845c338e7d6991b5d78a1e2e53d980584,07/15/2025 09:45:00 PM,1,DRIVER,,2010829,,AUDI,A7,IL,2013,UNKNOWN,SPORT UTILITY VEHICLE (SUV),PERSONAL,E,MERGING,,,1,,,,,,,,,,,,,,,,,Y,UNKNOWN,,,,,,,,,,,,,,,,,,,,,,,,,,,,,,,,,
2109300,afb0267e5a8279a68d376050de7b8a4e586b3b69db80c40b4c99c826703ba5aa8425f98420a3eed3d4a2289f96f3f08845c338e7d6991b5d78a1e2e53d980584,07/15/2025 09:45:00 PM,2,DRIVER,,2010830,,VOLKSWAGEN,PASSAT,IL,2014,UNKNOWN,PASSENGER,PERSONAL,E,STRAIGHT AHEAD,,,1,,,,,Y,Y,,,,,,,,,,,,FRONT-RIGHT-CORNER,,,,,,,,,,,,,,,,,,,,,,,,,,,,,,,,,
2107648,7c685f482f2a351b2de7ee1c4b4468c77a39bb88e613b6ae8f25190daa6d2d15413a3bd28b4503b9f0ae104960ed0eee7fa31d7d80e729ceb47f9ab7bf84936b,07/15/2025 09:40:00 PM,1,DRIVER,,2009274,,KIA,OTHER (EXPLAIN IN NARRATIVE),,,UNKNOWN,PASSENGER,PERSONAL,N,STRAIGHT AHEAD,,,1,,,,,,,,,,,,,,,,,Y,UNKNOWN,,,,,,,,,,,,,,,,,,,,,,,,,,,,,,,,,
2107649,7c685f482f2a351b2de7ee1c4b4468c77a39bb88e613b6ae8f25190daa6d2d15413a3bd28b4503b9f0ae104960ed0eee7fa31d7d80e729ceb47f9ab7bf84936b,07/15/2025 09:40:00 PM,2,DRIVER,,2009280,,LEXUS,OTHER (EXPLAIN IN NARRATIVE),IL,2023,NONE,PASSENGER,PERSONAL,E,TURNING LEFT,,,1,,,,,,,,,,,,,Y,Y,Y,Y,,FRONT-LEFT-CORNER,,,,,,,,,,,,,,,,,,,,,,,,,,,,,,,,,