CRASH_UNIT_ID,CRASH_RECORD_ID,CRASH_DATE,UNIT_NO,UNIT_TYPE,NUM_PASSENGERS,VEHICLE_ID,CMRC_VEH_I,MAKE,MODEL,LIC_PLATE_STATE,VEHICLE_YEAR,VEHICLE_DEFECT,VEHICLE_TYPE,VEHICLE_USE,TRAVEL_DIRECTION,MANEUVER,TOWED_I,FIRE_I,OCCUPANT_CNT,EXCEED_SPEED_LIMIT_I,TOWED_BY,TOWED_TO,AREA_00_I,AREA_01_I,AREA_02_I,AREA_03_I,AREA_04_I,AREA_05_I,AREA_06_I,AREA_07_I,AREA_08_I,AREA_09_I,AREA_10_I,AREA_11_I,AREA_12_I,AREA_99_I,FIRST_CONTACT_POINT,CMV_ID,USDOT_NO,CCMC_NO,ILCC_NO,COMMERCIAL_SRC,GVWR,CARRIER_NAME,CARRIER_STATE,CARRIER_CITY,HAZMAT_PLACARDS_I,HAZMAT_NAME,UN_NO,HAZMAT_PRESENT_I,HAZMAT_REPORT_I,HAZMAT_REPORT_NO,MCS_REPORT_I,MCS_REPORT_NO,HAZMAT_VIO_CAUSE_CRASH_I,MCS_VIO_CAUSE_CRASH_I,IDOT_PERMIT_NO,WIDE_LOAD_I,TRAILER1_WIDTH,TRAILER2_WIDTH,TRAILER1_LENGTH,TRAILER2_LENGTH,TOTAL_VEHICLE_LENGTH,AXLE_CNT,VEHICLE_CONFIG,CARGO_BODY_TYPE,LOAD_TYPE,HAZMAT_OUT_OF_SERVICE_I,MCS_OUT_OF_SERVICE_I,HAZMAT_CLASS
2107930,a5634a3fc55411d76307c512bc9d9270441974682fa321da7bd3956f6f10754991aba85426182bd6602c9bf3dbc2a2756513ec73109aac155e534bce8cfd09b1,07/15/2025 09:39:00 PM,1,DRIVER,,2009584,,HONDA,CIVIC,IL,2008,NONE,PASSENGER,PERSONAL,E,TURNING LEFT,,,1,,,,,,,,,,,,,,Y,Y,,,FRONT-LEFT-CORNER,,,,,,,,,,,,,,,,,,,,,,,,,,,,,,,,,
2111994,090666b2428480b80ba7044100be8c866b441a007ef20fb16cda1e9742fb42682448c98d6cb7090793d2a0809914e1fc05d2a0811cd52b9de6f78c9bb6883c76,07/15/2025 09:30:00 PM,1,DRIVER,,2013385,,UNKNOWN,OTHER (EXPLAIN IN NARRATIVE),,,UNKNOWN,UNKNOWN/NA,UNKNOWN/NA,UNKNOWN,UNKNOWN/NA,,,1,,,,,,,,,,,,,,,,,Y,UNKNOWN,,,,,,,,,,,,,,,,,,,,,,,,,,,,,,,,,
2111997,090666b2428480b80ba7044100be8c866b441a007ef20fb16cda1e9742fb42682448c98d6cb7090793d2a0809914e1fc05d2a0811cd52b9de6f78c9bb6883c76,07/15/2025 09:30:00 PM,2,PARKED,,2013380,,BUICK,ENCORE,CO,2015,NONE,PASSENGER,PERSONAL,N,PARKED,,,0,,,,,,,,,,,,,Y,Y,Y,,,SIDE-LEFT,,,,,,,,,,,,,,,,,,,,,,,,,,,,,,,,,
2107663,94570c81d6d0e028c34ba1f01ddc51c7804bc62dfd3eaaeffdbe086f522426f6cfb7aed06635078c782c8e2ab73f205d61e3bfabf64f544f757b73eed0d7d7bf,07/15/2025 09:30:00 PM,1,DRIVER,,2009293,,UNKNOWN,OTHER (EXPLAIN IN NARRATIVE),IL,,NONE,UNKNOWN/NA,UNKNOWN/NA,N,PASSING/OVERTAKING,,,1,,,,,,,,,,,,,,,,,Y,UNKNOWN,,,,,,,,,,,,,,,,,,,,,,,,,,,,,,,,,
2107664,94570c81d6d0e028c34ba1f01ddc51c7804bc62dfd3eaaeffdbe086f522426f6cfb7aed06635078c782c8e2ab73f205d61e3bfabf64f544f757b73eed0d7d7bf,07/15/2025 09:30:00 PM,2,PARKED,,2009301,,GENERAL MOTORS CORPORATION (GMC),OTHER (EXPLAIN IN NARRATIVE),IL,1995,NONE,PASSENGER,PERSONAL,N,PARKED,,,0,,,,,,,,,,,Y,Y,,,,,,REAR-LEFT-CORNER,,,,,,,,,,,,,,,,,,,,,,,,,,,,,,,,,
2107647,97c4ea8f07b6d5a41bf87771e42b5f2cef8c30d4515e2bc19839a643eef2ae7b3ce74f36aa73c915fc9d6ae349fad760234957f7c87748430b30b9030a13ac3c,07/15/2025 09:30:00 PM,2,DRIVER,1,2009275,,GENERAL MOTORS CORPORATION (GMC),ACADIA,IL,2022,UNKNOWN,SPORT UTILITY VEHICLE (SUV),PERSONAL,N,STRAIGHT AHEAD,,,2,,,,,Y,Y,Y,Y,Y,,,,,,,,,SIDE-RIGHT-REAR,,,,,,,,,,,,,,,,,,,,,,,,,,,,,,,,,
2107671,97c4ea8f07b6d5a41bf87771e42b5f2cef8c30d4515e2bc19839a643eef2ae7b3ce74f36aa73c915fc9d6ae349fad760234957f7c87748430b30b9030a13ac3c,07/15/2025 09:30:00 PM,1,DRIVER,,2009298,,NISSAN,KICKS,IN,2022,UNKNOWN,PASSENGER,PERSONAL,N,PASSING/OVERTAKING,,,1,,,,,,,,,,,Y,Y,Y,Y,Y,,,FRONT-LEFT-CORNER,,,,,,,,,,,,,,,,,,,,,,,,,,,,,,,,,
2107636,1b3e09bc07103bed688391348b93798ff38f40e6e1a2d96950ff3665cc3693aa0cc06ca6f06d3a8b67d7db0ee260e7edba76b63d056d44f17a9536f9052b4faa,07/15/2025 09:22:00 PM,1,DRIVER,,2009268,,MERCURY,GRAND MARQUIS,IL,,UNKNOWN,PASSENGER,PERSONAL,N,STRAIGHT AHEAD,,,1,,,,,Y,Y,Y,Y,Y,,,,,,,,Y,UNKNOWN,,,,,,,,,,,,,,,,,,,,,,,,,,,,,,,,,
2107637,1b3e09bc07103bed688391348b93798ff38f40e6e1a2d96950ff3665cc3693aa0cc06ca6f06d3a8b67d7db0ee260e7edba76b63d056d44f17a9536f9052b4faa,07/15/2025 09:22:00 PM,2,PARKED,,2009270,,CHEVROLET,TRAVERSE,IL,2024,NONE,PASSENGER,PERSONAL,N,PARKED,,,0,,,,,,,,,,,Y,Y,Y,Y,Y,,,SIDE-LEFT-REAR,,,,,,,,,,,,,,,,,,,,,,,,,,,,,,,,,
2107654,6509fc9ad77db929d49ef5929dbbc7a75c12bc22c68d92aee3847a7e471991e77f1bab03ea8fa3cf45c899c93108cf8d121f2abb2687114cb355d56e5d808238,07/15/2025 09:20:00 PM,1,DRIVER,1,2009284,,HYUNDAI,TUCSON,IL,2016,NONE,PASSENGER,PERSONAL,S,STRAIGHT AHEAD,Y,,2,,PERSONAL TOW,,,,,,,,,,,,Y,Y,Y,,FRONT-LEFT-CORNER,,,,,,,,,,,,,,,,,,,,,,,,,,,,,,,,,
2107655,6509fc9ad77db929d49ef5929dbbc7a75c12bc22c68d92aee3847a7e471991e77f1bab03ea8fa3cf45c899c93108cf8d121f2abb2687114cb355d56e5d808238,07/15/2025 09:20:00 PM,2,PARKED,,2009288,,NISSAN,MAXIMA,,2014,NONE,PASSENGER,NOT IN USE,N,PARKED,,,0,,,,,Y,,,,,,,,,,Y,Y,,FRONT-LEFT-CORNER,,,,,,,,,,,,,,,,,,,,,,,,,,,,,,,,,
2107656,c10c06ab7cc289bfd3aeca5f6376db765aa93c78ce6ee4c7d6d62cafbc483176cf9c546e7a1308849bcb5851e4788dfe561508f0cfaa79ddf44980234ffcbed8,07/15/2025 09:18:00 PM,1,DRIVER,1,2009282,,DODGE,CHARGER,IL,2023,UNKNOWN,PASSENGER,PERSONAL,N,STRAIGHT AHEAD,Y,,2,,UNK,UNK,,Y,,,,,,,,,,Y,Y,,FRONT,,,,,,,,,,,,,,,,,,,,,,,,,,,,,,,,,
2107657,c10c06ab7cc289bfd3aeca5f6376db765aa93c78ce6ee4c7d6d62cafbc483176cf9c546e7a1308849bcb5851e4788dfe561508f0cfaa79ddf44980234ffcbed8,07/15/2025 09:18:00 PM,2,DRIVER,3,2009289,,TOYOTA,CAMRY,IL,2008,NONE,PASSENGER,PERSONAL,N,SLOW/STOP IN TRAFFIC,,,4,,,,,,,,,Y,Y,Y,,,,,,,REAR,,,,,,,,,,,,,,,,,,,,,,,,,,,,,,,,,
2107678,d747b6f92b6154ed655fa2e1b3fe8a14b74e4a6b5177009c66cad5654363af896c7809f1193154622a9e603b7de78354d91a3d3307359c996d7033db167532bc,07/15/2025 08:45:00 PM,1,DRIVER,,2009308,,INFINITI,Q60,IL,2020,UNKNOWN,PASSENGER,PERSONAL,N,STRAIGHT AHEAD,,,1,,,,,,,,,,,,,,,,Y,,FRONT,,,,,,,,,,,,,,,,,,,,,,,,,,,,,,,,,
2107679,d747b6f92b6154ed655fa2e1b3fe8a14b74e4a6b5177009c66cad5654363af896c7809f1193154622a9e603b7de78354d91a3d3307359c996d7033db167532bc,07/15/2025 08:45:00 PM,2,DRIVER,,2009318,,KIA,NIRO,IL,2022,UNKNOWN,PASSENGER,PERSONAL,N,SLOW/STOP IN TRAFFIC,,,1,,,,,,,,,,Y,,,,,,,,REAR,,,,,,,,,,,,,,,,,,,,,,,,,,,,,,,,,
2107642,2e1b05d8df62fc6e432c23edd282f652e913126aa04d4e395d5d55d2d237a1e95c9a935f3f342e865042e5f85fab3303298424b800d423c1e737e390210dc036,07/15/2025 08:35:00 PM,1,DRIVER,,2009276,,MITSUBISHI,GALANT,,2010,UNKNOWN,PASSENGER,PERSONAL,N,STRAIGHT AHEAD,Y,,1,,CITY TOW,CITY LOT #2,,Y,Y,Y,N,,,,,,,,,,FRONT-RIGHT-CORNER,,,,,,,,,,,,,,,,,,,,,,,,,,,,,,,,,
2107643,2e1b05d8df62fc6e432c23edd282f652e913126aa04d4e395d5d55d2d237a1e95c9a935f3f342e865042e5f85fab3303298424b800d423c1e737e390210dc036,07/15/2025 08:35:00 PM,2,PARKED,,2009278,,HYUNDAI,ELANTRA,IL,2017,UNKNOWN,PASSENGER,PERSONAL,N,PARKED,,,0,,,,,,,,,,,,Y,Y,Y,Y,,,SIDE-LEFT,,,,,,,,,,,,,,,,,,,,,,,,,,,,,,,,,
2107607,427bf09562202f015e3ed85ea7c075ec985c9c4ec5a9fec5d5d601acdd8b085f0f81dfc3defb729dbce2dd9a9259848ecb6c395a0b4dd7ee18c50881be1c5d36,07/15/2025 08:33:00 PM,1,DRIVER,,2009239,,DODGE,GRAND CARAVAN,IL,2008,NONE,PASSENGER,NOT IN USE,N,STRAIGHT AHEAD,,,1,,,,,,,,,Y,,,,,,,,,REAR-RIGHT-CORNER,,,,,,,,,,,,,,,,,,,,,,,,,,,,,,,,,
2107625,427bf09562202f015e3ed85ea7c075ec985c9c4ec5a9fec5d5d601acdd8b085f0f81dfc3defb729dbce2dd9a9259848ecb6c395a0b4dd7ee18c50881be1c5d36,07/15/2025 08:33:00 PM,2,NON-MOTOR VEHICLE,,,,,,,,,,,,,,,,,,,,,,,,,,,,,,,,,,,,,,,,,,,,,,,,,,,,,,,,,,,,,,,,,,
2107632,e449edca476a933d8c7d74f29ff81f4bd33012c9cfb62e065beb30d162fa2a58357e8a8ba2a55cd4523dd2420e3356641968c56406fd8947a1801fb6654cf998,07/15/2025 08:25:00 PM,1,DRIVER,,2009263,,NISSAN,ALTIMA,IL,2020,UNKNOWN,PASSENGER,UNKNOWN/NA,UNKNOWN,PASSING/OVERTAKING,,,1,,,,,,,,,,,,,,,,,Y,SIDE-LEFT,,,,,,,,,,,,,,,,,,,,,,,,,,,,,,,,,
2107633,e449edca476a933d8c7d74f29ff81f4bd33012c9cfb62e065beb30d162fa2a58357e8a8ba2a55cd4523dd2420e3356641968c56406fd8947a1801fb6654cf998,07/15/2025 08:25:00 PM,2,DRIVER,,2009265,,CHEVROLET,EQUINOX,IL,2011,UNKNOWN,PASSENGER,UNKNOWN/NA,UNKNOWN,UNKNOWN/NA,,,1,,,,,,Y,Y,Y,,,,,,,,,,SIDE-RIGHT,,,,,,,,,,,,,,,,,,,,,,,,,,,,,,,,,
2107619,fcec86668889f48196a3cc0d1187402f2525bb2c7793a5e09baf220e1216aebf982db7e04c8145bde2ec51caa0d8a160c39fa02e386e7367f0970da8b459acca,07/15/2025 08:25:00 PM,1,DRIVER,,2009250,,HYUNDAI,TUCSON,IL,2023,NONE,SPORT UTILITY VEHICLE (SUV),PERSONAL,N,BACKING,,,1,,,,,,,,,Y,Y,,,,,,,,REAR-RIGHT-CORNER,,,,,,,,,,,,,,,,,,,,,,,,,,,,,,,,,
2107620,fcec86668889f48196a3cc0d1187402f2525bb2c7793a5e09baf220e1216aebf982db7e04c8145bde2ec51caa0d8a160c39fa02e386e7367f0970da8b459acca,07/15/2025 08:25:00 PM,2,PARKED,,2009261,,FORD,FUSION,IL,2019,UNKNOWN,PASSENGER,OTHER,UNKNOWN,PARKED,,,0,,,,,,Y,N,,,,,,,,,,,SIDE-RIGHT-FRONT,,,,,,,,,,,,,,,,,,,,,,,,,,,,,,,,,
2107660,01e8808a9833163508ece1ef3ecd68ce93ea75d2f6900b030a3f70dafb080a5fb806e444740fcca3cf92565f044ac4ece7b24fdc8130b179b0764f1c2f6eeddd,07/15/2025 08:00:00 PM,1,DRIVER,,2009291,,UNKNOWN,OTHER (EXPLAIN IN NARRATIVE),,,UNKNOWN,SPORT UTILITY VEHICLE (SUV),UNKNOWN/NA,N,STRAIGHT AHEAD,,,1,,,,,Y,Y,,,,,,,,,,,,FRONT-RIGHT-CORNER,,,,,,,,,,,,,,,,,,,,,,,,,,,,,,,,,
2107661,01e8808a9833163508ece1ef3ecd68ce93ea75d2f6900b030a3f70dafb080a5fb806e444740fcca3cf92565f044ac4ece7b24fdc8130b179b0764f1c2f6eeddd,07/15/2025 08:00:00 PM,2,DRIVER,4,2009296,,CADILLAC,ESCALADE,IL,2023,UNKNOWN,SPORT UTILITY VEHICLE (SUV),RIDESHARE SERVICE,N,OTHER,,,5,,,,,,,,,,,Y,Y,,,,,,REAR-LEFT-CORNER,,,,,,,,,,,,,,,,,,,,,,,,,,,,,,,,,
2107628,2fe7ca43d09c5934f82fba66ab398cd98d70e3699306a1d32de5da159a99ef25bca5aee5811bdcde488905ee31ebda1bac8631766d305e7a54a85cfb1a800d49,07/15/2025 08:00:00 PM,1,DRIVER,,2009259,,VOLKSWAGEN,JETTA,IL,2017,NONE,PASSENGER,PERSONAL,N,STRAIGHT AHEAD,,,1,,,,Y,,,,,,,,,,,,,,FRONT,,,,,,,,,,,,,,,,,,,,,,,,,,,,,,,,,
2107629,2fe7ca43d09c5934f82fba66ab398cd98d70e3699306a1d32de5da159a99ef25bca5aee5811bdcde488905ee31ebda1bac8631766d305e7a54a85cfb1a800d49,07/15/2025 08:00:00 PM,2,DRIVER,,2009260,,NISSAN,ALTIMA,IL,2015,NONE,PASSENGER,PERSONAL,N,SLOW/STOP IN TRAFFIC,,,1,,,,Y,,,,,,,,,,,,,,REAR,,,,,,,,,,,,,,,,,,,,,,,,,,,,,,,,,
2107600,f591bccde5154d318ba92ff1eb55cafeb5941bed2a12641b7c9f45090f780aaa793e5a30e98f43681c35c2e76b716541aedf98363ecf1d75e707c4469d0e8eb0,07/15/2025 08:00:00 PM,1,DRIVER,,2009232,,UNKNOWN,OTHER (EXPLAIN IN NARRATIVE),,,UNKNOWN,UNKNOWN/NA,UNKNOWN/NA,S,UNKNOWN/NA,,,1,,,,,,,,,,,,,,,,,Y,UNKNOWN,,,,,,,,,,,,,,,,,,,,,,,,,,,,,,,,,
2107601,f591bccde5154d318ba92ff1eb55cafeb5941bed2a12641b7c9f45090f780aaa793e5a30e98f43681c35c2e76b716541aedf98363ecf1d75e707c4469d0e8eb0,07/15/2025 08:00:00 PM,2,PARKED,,2009234,,CHEVROLET,TAHOE,IL,2019,NONE,PASSENGER,NOT IN USE,S,PARKED,,,0,,,,,,,,,,,Y,Y,Y,Y,Y,,,SIDE-LEFT,,,,,,,,,,,,,,,,,,,,,,,,,,,,,,,,,
2107626,464b7f589d32fd1dc7abd324fb7c258140517d1231c2d8f1a2fafec3156bb4c8fa471f8b1210846bcb657b827e7e194f68b7fd89b5050891820342292b9b1b32,07/15/2025 07:50:00 PM,1,DRIVER,1,2009258,,DODGE,NITRO,IL,2011,UNKNOWN,SPORT UTILITY VEHICLE (SUV),UNKNOWN/NA,W,CHANGING LANES,,,2,,,,,,,,,,,,,,,Y,Y,,FRONT-LEFT-CORNER,,,,,,,,,,,,,,,,,,,,,,,,,,,,,,,,,
2107627,464b7f589d32fd1dc7abd324fb7c258140517d1231c2d8f1a2fafec3156bb4c8fa471f8b1210846bcb657b827e7e194f68b7fd89b5050891820342292b9b1b32,07/15/2025 07:50:00 PM,2,DRIVER,,2009264,,HONDA,PILOT,IL,2017,UNKNOWN,SPORT UTILITY VEHICLE (SUV),UNKNOWN/NA,W,OTHER,,,1,,,,,,,,Y,,,,,,,,,,SIDE-RIGHT-REAR,,,,,,,,,,,,,,,,,,,,,,,,,,,,,,,,,
2107623,cdafc8cdbb453342b2c845c743b2a88ce89358545c16b81c0466746f57e9907c052d15ed8c1a42f80ad55c55d5436d734ac2bc9038cdef5afa5b81cf294e1e04,07/15/2025 07:48:00 PM,1,DRIVER,,2009254,,FORD,F150,IL,2014,NONE,PICKUP,PERSONAL,E,BACKING,,,1,,,,,,,,,,Y,,,,,,,N,REAR,,,,,,,,,,,,,,,,,,,,,,,,,,,,,,,,,
2107624,cdafc8cdbb453342b2c845c743b2a88ce89358545c16b81c0466746f57e9907c052d15ed8c1a42f80ad55c55d5436d734ac2bc9038cdef5afa5b81cf294e1e04,07/15/2025 07:48:00 PM,2,DRIVER,,2009256,,AUDI,S4,IL,2013,NONE,PASSENGER,PERSONAL,S,STRAIGHT AHEAD,,,1,,,,,,Y,Y,,,,,,,,,,,SIDE-RIGHT,,,,,,,,,,,,,,,,,,,,,,,,,,,,,,,,,
2107610,277a9bcc15a264ca6362218d73f3fe4668e61b267a49af811df5ffc007ef55988bd668b040c04988e350ff8f2fddd1ad39ed3556f6afa6d296c76a58e780c83b,07/15/2025 07:45:00 PM,2,DRIVER,,2009255,,HYUNDAI,OTHER (EXPLAIN IN NARRATIVE),IL,2018,UNKNOWN,PASSENGER,PERSONAL,E,STRAIGHT AHEAD,,,1,,,,,Y,Y,,,,,,,,,,,,FRONT-RIGHT-CORNER,,,,,,,,,,,,,,,,,,,,,,,,,,,,,,,,,
2107611,277a9bcc15a264ca6362218d73f3fe4668e61b267a49af811df5ffc007ef55988bd668b040c04988e350ff8f2fddd1ad39ed3556f6afa6d296c76a58e780c83b,07/15/2025 07:45:00 PM,1,DRIVER,1,2009241,,NISSAN,ROGUE,IL,2020,UNKNOWN,PASSENGER,PERSONAL,W,STRAIGHT AHEAD,,,2,,,,,,,,,,,,,,Y,Y,,,REAR-LEFT-CORNER,,,,,,,,,,,,,,,,,,,,,,,,,,,,,,,,,
2109167,3127cb68df07528a54065b0a4aa85259b4a59b710855b70d0a584cd0fe5f1cfaa03be5bea48ab4abd10ccbc4255ff19fa4333c000b791477dae274c33df260a1,07/15/2025 07:45:00 PM,1,DRIVER,1,2010717,,JEEP,CHEROKEE,IN,2014,UNKNOWN,PASSENGER,PERSONAL,E,STRAIGHT AHEAD,,,2,,,,,,,,,,,,,,,Y,Y,,FRONT-LEFT-CORNER,,,,,,,,,,,,,,,,,,,,,,,,,,,,,,,,,
2109168,3127cb68df07528a54065b0a4aa85259b4a59b710855b70d0a584cd0fe5f1cfaa03be5bea48ab4abd10ccbc4255ff19fa4333c000b791477dae274c33df260a1,07/15/2025 07:45:00 PM,2,DRIVER,,2010725,,HYUNDAI,TUCSON,IL,2020,NONE,PASSENGER,PERSONAL,E,STRAIGHT AHEAD,,,1,,,,,N,,,,Y,,,,,,N,N,,REAR-RIGHT-CORNER,,,,,,,,,,,,,,,,,,,,,,,,,,,,,,,,,
2107608,9a9eb19e4d400dcdf22c62df9c9ea28067a0c6d3ada00d1c2fb6c27a437f9e8858d8f627eee73da495651cedc0beb1b4e1a5ff221af75ef9d9ca7166a713638b,07/15/2025 07:33:00 PM,1,NON-MOTOR VEHICLE,,,,,,,,,,,,,,,,,,,,,,,,,,,,,,,,,,,,,,,,,,,,,,,,,,,,,,,,,,,,,,,,,,
2107609,9a9eb19e4d400dcdf22c62df9c9ea28067a0c6d3ada00d1c2fb6c27a437f9e8858d8f627eee73da495651cedc0beb1b4e1a5ff221af75ef9d9ca7166a713638b,07/15/2025 07:33:00 PM,2,DRIVER,,2009242,,MERCEDES-BENZ,GLE,IL,2020,NONE,PASSENGER,PERSONAL,N,ENTER FROM DRIVE/ALLEY,,,1,,,,Y,Y,,,,,,,,,,,,,FRONT-RIGHT-CORNER,,,,,,,,,,,,,,,,,,,,,,,,,,,,,,,,,
2110712,ccada2eb1209f0e661f9711b4250786637a6ec7ade6acd30a5016543de149b9b2572ab7965976389634f44b0e35aea38103143c508e85deac7b102234e1ccb89,07/15/2025 07:30:00 PM,1,DRIVER,,2012166,,MITSUBISHI,OUTLANDER,IL,2008,UNKNOWN,SPORT UTILITY VEHICLE (SUV),UNKNOWN/NA,E,STRAIGHT AHEAD,,,1,,,,,,,,,,,,,,,,,Y,SIDE-RIGHT,,,,,,,,,,,,,,,,,,,,,,,,,,,,,,,,,
2110713,ccada2eb1209f0e661f9711b4250786637a6ec7ade6acd30a5016543de149b9b2572ab7965976389634f44b0e35aea38103143c508e85deac7b102234e1ccb89,07/15/2025 07:30:00 PM,2,PARKED,,2012168,,FORD,TAURUS,IL,1999,UNKNOWN,PASSENGER,PERSONAL,E,PARKED,,,0,,,,,,,,,,,,,Y,Y,,,,SIDE-LEFT-FRONT,,,,,,,,,,,,,,,,,,,,,,,,,,,,,,,,,
2107658,f2aa1c0ae7e68a40f7322881c9e72debfb605a646c131481b27ed8665c83ceca03f9e156a26056f18952ce77f03de377f3d5c75ba19881a710bfb5b0521e0b4f,07/15/2025 07:30:00 PM,1,DRIVER,,2009292,,FORD,OTHER (EXPLAIN IN NARRATIVE),IL,2018,UNKNOWN,BUS UP TO 15 PASS.,OTHER,E,TURNING LEFT,,,1,,,,,,,,,Y,,,,,,,,,REAR-RIGHT-CORNER,,,,,,,,,,,,,,,,,,,,,,,,,,,,,,,,,
2107659,f2aa1c0ae7e68a40f7322881c9e72debfb605a646c131481b27ed8665c83ceca03f9e156a26056f18952ce77f03de377f3d5c75ba19881a710bfb5b0521e0b4f,07/15/2025 07:30:00 PM,2,PARKED,,2009295,,LUCID,AIR,IL,,UNKNOWN,UNKNOWN/NA,UNKNOWN/NA,E,PARKED,,,0,,,,,,,,,,,,,,,Y,,,FRONT-LEFT-CORNER,,,,,,,,,,,,,,,,,,,,,,,,,,,,,,,,,
2107596,7fb219b7a66ae827451231863ce8f0352e1cfdb6af88e6aef2cf36c8bac072f2230e10fee70eb83657e0e9ff185f2b7bfee91ec6675856ac13bed2bcd8b78bae,07/15/2025 07:23:00 PM,1,DRIVER,3,2009228,,HONDA,HR-V,IL,2025,NONE,PASSENGER,PERSONAL,S,STRAIGHT AHEAD,,,4,,,,,Y,,,,,,,,,Y,Y,Y,,FRONT,,,,,,,,,,,,,,,,,,,,,,,,,,,,,,,,,
2107597,7fb219b7a66ae827451231863ce8f0352e1cfdb6af88e6aef2cf36c8bac072f2230e10fee70eb83657e0e9ff185f2b7bfee91ec6675856ac13bed2bcd8b78bae,07/15/2025 07:23:00 PM,2,DRIVER,1,2009236,,TOYOTA,PRIUS,IL,2011,UNKNOWN,PASSENGER,PERSONAL,S,TURNING RIGHT,,,2,,,,,,,,,Y,Y,N,,,,,,,REAR-RIGHT-CORNER,,,,,,,,,,,,,,,,,,,,,,,,,,,,,,,,,
2108140,f0b7a50fe119360ce0f2e0bc09309f411fde1644c58d4f46128f697063a7a3a450d5086bbe314c9049cc00bf1ecf22e5659f516692443158527ad0e7d1da5f55,07/15/2025 07:20:00 PM,2,PARKED,1,2009715,,NISSAN,ALTIMA,IL,2010,UNKNOWN,PASSENGER,PERSONAL,W,PARKED,,,1,,,,,,,,,,,,,,Y,Y,Y,,FRONT-LEFT-CORNER,,,,,,,,,,,,,,,,,,,,,,,,,,,,,,,,,
2108141,f0b7a50fe119360ce0f2e0bc09309f411fde1644c58d4f46128f697063a7a3a450d5086bbe314c9049cc00bf1ecf22e5659f516692443158527ad0e7d1da5f55,07/15/2025 07:20:00 PM,1,DRIVER,,2009716,,FORD,TRANSIT,IL,2023,UNKNOWN,VAN/MINI-VAN,OTHER,N,TURNING RIGHT,,,1,,,,,Y,,,,,,,,,,,,,FRONT-RIGHT-CORNER,,,,,,,,,,,,,,,,,,,,,,,,,,,,,,,,,
2107605,1bc70e59804ad6646e5554cf06b83fc5e997558eb5598c1c2ae1c3fe074c4d1204e6a63001bf6855bfbf5ca682f53d300483a1e6198915dc2751434fd25c4537,07/15/2025 07:14:00 PM,1,DRIVER,,2009240,,CHEVROLET,MALIBU,GA,2016,UNKNOWN,PASSENGER,PERSONAL,E,TURNING LEFT,,,1,,,,,Y,Y,Y,,,,,,,,,,,SIDE-RIGHT,,,,,,,,,,,,,,,,,,,,,,,,,,,,,,,,,
2107606,1bc70e59804ad6646e5554cf06b83fc5e997558eb5598c1c2ae1c3fe074c4d1204e6a63001bf6855bfbf5ca682f53d300483a1e6198915dc2751434fd25c4537,07/15/2025 07:14:00 PM,2,DRIVER,1,2009243,,JEEP,GRAND CHEROKEE,IL,2021,UNKNOWN,SPORT UTILITY VEHICLE (SUV),PERSONAL,W,STRAIGHT AHEAD,,,2,,,,,Y,,,,,,,,,,,Y,,FRONT,,,,,,,,,,,,,,,,,,,,,,,,,,,,,,,,,
2107614,24f199c7b8a35d065ba7ccbf1827feb712b13713936236e43d501de1af5901e0c33a0f03c0e1a33d75acd606b244ad4e179a7e96a3a4cf9a1efa3ab60b890344,07/15/2025 07:07:00 PM,1,DRIVER,,2009244,,SUBARU,LEGACY,IL,2011,UNKNOWN,PASSENGER,PERSONAL,W,STRAIGHT AHEAD,Y,,1,,By private insurance,unknown,,Y,Y,,,,,,,,Y,Y,Y,,FRONT,,,,,,,,,,,,,,,,,,,,,,,,,,,,,,,,,
2107615,24f199c7b8a35d065ba7ccbf1827feb712b13713936236e43d501de1af5901e0c33a0f03c0e1a33d75acd606b244ad4e179a7e96a3a4cf9a1efa3ab60b890344,07/15/2025 07:07:00 PM,2,DRIVER,,2009249,,ACURA,TLX,IL,2006,UNKNOWN,PASSENGER,PERSONAL,W,STRAIGHT AHEAD,Y,,1,,By private insurance,unknown,,N,,,,Y,Y,Y,,,,N,N,,REAR,,,,,,,,,,,,,,,,,,,,,,,,,,,,,,,,,
2107616,24f199c7b8a35d065ba7ccbf1827feb712b13713936236e43d501de1af5901e0c33a0f03c0e1a33d75acd606b244ad4e179a7e96a3a4cf9a1efa3ab60b890344,07/15/2025 07:07:00 PM,3,DRIVER,,2009253,,TOYOTA,COROLLA,IL,2017,UNKNOWN,PASSENGER,PERSONAL,W,STRAIGHT AHEAD,N,,1,,,,,,,,,,,N,,,,,,Y,UNKNOWN,,,,,,,,,,,,,,,,,,,,,,,,,,,,,,,,,
2107576,0b6101ab6eff869df42183c8b80b1a9942512d562a9dc0119ffe03b213eeae6ebc373ea100b65f0470bf4677a96cd51266260a1c51b62f17d14747df9683753d,07/15/2025 07:00:00 PM,1,DRIVER,,2009208,,UNKNOWN,OTHER (EXPLAIN IN NARRATIVE),,,UNKNOWN,UNKNOWN/NA,UNKNOWN/NA,W,STRAIGHT AHEAD,,,1,,,,,,,,,,,,,,,,,,UNKNOWN,,,,,,,,,,,,,,,,,,,,,,,,,,,,,,,,,
2107577,0b6101ab6eff869df42183c8b80b1a9942512d562a9dc0119ffe03b213eeae6ebc373ea100b65f0470bf4677a96cd51266260a1c51b62f17d14747df9683753d,07/15/2025 07:00:00 PM,2,DRIVER,,2009209,,NISSAN,JUKE,IL,2016,NONE,PASSENGER,PERSONAL,W,STRAIGHT AHEAD,,,1,,,,,,,,Y,,,,,,,,,,SIDE-RIGHT-REAR,,,,,,,,,,,,,,,,,,,,,,,,,,,,,,,,,