CRASH_UNIT_ID,CRASH_RECORD_ID,CRASH_DATE,UNIT_NO,UNIT_TYPE,NUM_PASSENGERS,VEHICLE_ID,CMRC_VEH_I,MAKE,MODEL,LIC_PLATE_STATE,VEHICLE_YEAR,VEHICLE_DEFECT,VEHICLE_TYPE,VEHICLE_USE,TRAVEL_DIRECTION,MANEUVER,TOWED_I,FIRE_I,OCCUPANT_CNT,EXCEED_SPEED_LIMIT_I,TOWED_BY,TOWED_TO,AREA_00_I,AREA_01_I,AREA_02_I,AREA_03_I,AREA_04_I,AREA_05_I,AREA_06_I,AREA_07_I,AREA_08_I,AREA_09_I,AREA_10_I,AREA_11_I,AREA_12_I,AREA_99_I,FIRST_CONTACT_POINT,CMV_ID,USDOT_NO,CCMC_NO,ILCC_NO,COMMERCIAL_SRC,GVWR,CARRIER_NAME,CARRIER_STATE,CARRIER_CITY,HAZMAT_PLACARDS_I,HAZMAT_NAME,UN_NO,HAZMAT_PRESENT_I,HAZMAT_REPORT_I,HAZMAT_REPORT_NO,MCS_REPORT_I,MCS_REPORT_NO,HAZMAT_VIO_CAUSE_CRASH_I,MCS_VIO_CAUSE_CRASH_I,IDOT_PERMIT_NO,WIDE_LOAD_I,TRAILER1_WIDTH,TRAILER2_WIDTH,TRAILER1_LENGTH,TRAILER2_LENGTH,TOTAL_VEHICLE_LENGTH,AXLE_CNT,VEHICLE_CONFIG,CARGO_BODY_TYPE,LOAD_TYPE,HAZMAT_OUT_OF_SERVICE_I,MCS_OUT_OF_SERVICE_I,HAZMAT_CLASS
2107917,d1ae038abce05e8cbc47a60ee75ec7bfa4769961604ce2b39340ebc25afa860b5ef046cd3dfd60a828b03cf0287bba254c7b17da4d21e423f3d4f519814fc2c1,07/15/2025 07:00:00 PM,1,DRIVER,,2009534,,UNKNOWN,OTHER (EXPLAIN IN NARRATIVE),,,UNKNOWN,UNKNOWN/NA,UNKNOWN/NA,UNKNOWN,BACKING,,,1,,,,,,,,,,,,,,,,,Y,UNKNOWN,,,,,,,,,,,,,,,,,,,,,,,,,,,,,,,,,
2107918,d1ae038abce05e8cbc47a60ee75ec7bfa4769961604ce2b39340ebc25afa860b5ef046cd3dfd60a828b03cf0287bba254c7b17da4d21e423f3d4f519814fc2c1,07/15/2025 07:00:00 PM,2,PARKED,,2009533,,NISSAN,SENTRA,IL,2015,NONE,PASSENGER,PERSONAL,E,PARKED,,,0,,,,,N,,,,,,,,,,N,Y,,FRONT,,,,,,,,,,,,,,,,,,,,,,,,,,,,,,,,,
2107564,1e4e8e9934e7d1cbb098a4f1a60682ba4ef7b4c85906ce5f44467ef8a88138e16ce93a7a90ee5dfac56e56aca029b8031558d58701cac511854ff0097b01a7b4,07/15/2025 06:55:00 PM,1,DRIVER,,2009203,,CHEVROLET,MALIBU,OH,2023,UNKNOWN,PASSENGER,PERSONAL,W,STRAIGHT AHEAD,Y,,1,,PERSONAL TOW,,,,,,,,,,Y,Y,Y,Y,,,SIDE-LEFT,,,,,,,,,,,,,,,,,,,,,,,,,,,,,,,,,
2107565,1e4e8e9934e7d1cbb098a4f1a60682ba4ef7b4c85906ce5f44467ef8a88138e16ce93a7a90ee5dfac56e56aca029b8031558d58701cac511854ff0097b01a7b4,07/15/2025 06:55:00 PM,2,DRIVER,,2009205,,MAZDA,CX-9,IL,2013,UNKNOWN,PASSENGER,OTHER,N,STRAIGHT AHEAD,,,1,,,,,,,,,,,,,,,Y,Y,,FRONT,,,,,,,,,,,,,,,,,,,,,,,,,,,,,,,,,
2107572,df24614deaee4d7650a6e77b763650930d05e4e197102afc612dea98a53236e05ed754b68daeb729a29461df3f04122d33e8b125ef3c90fdbbeb1277b07968d3,07/15/2025 06:55:00 PM,1,DRIVER,,2009206,,UNKNOWN,OTHER (EXPLAIN IN NARRATIVE),,,UNKNOWN,SPORT UTILITY VEHICLE (SUV),UNKNOWN/NA,N,STRAIGHT AHEAD,,,1,,,,,Y,,,,,,,,,,Y,Y,,FRONT,,,,,,,,,,,,,,,,,,,,,,,,,,,,,,,,,
2107573,df24614deaee4d7650a6e77b763650930d05e4e197102afc612dea98a53236e05ed754b68daeb729a29461df3f04122d33e8b125ef3c90fdbbeb1277b07968d3,07/15/2025 06:55:00 PM,2,DRIVER,1,2009217,,KIA,SOUL,IL,2017,UNKNOWN,SPORT UTILITY VEHICLE (SUV),UNKNOWN/NA,SE,TURNING LEFT,,,2,,,,,Y,,,,,,,,,,Y,Y,,FRONT,,,,,,,,,,,,,,,,,,,,,,,,,,,,,,,,,
2107598,ca02f1e7024d44dd580346840a1f407a8443e18ccb57d782d37ce3dd02249ecc4107a42b4a1d36f86b6cbac40568d91fda58e4653157b6e010b99e9431c996ad,07/15/2025 06:53:00 PM,1,DRIVER,2,2009237,,GENERAL MOTORS CORPORATION (GMC),YUKON,IL,2008,NONE,SPORT UTILITY VEHICLE (SUV),PERSONAL,NE,TURNING RIGHT,,,3,,,,,Y,,,,,,,,,,,,,SIDE-RIGHT,,,,,,,,,,,,,,,,,,,,,,,,,,,,,,,,,
2107599,ca02f1e7024d44dd580346840a1f407a8443e18ccb57d782d37ce3dd02249ecc4107a42b4a1d36f86b6cbac40568d91fda58e4653157b6e010b99e9431c996ad,07/15/2025 06:53:00 PM,2,BICYCLE,,,,,,,,,,,,,,,,,,,,,,,,,,,,,,,,,,,,,,,,,,,,,,,,,,,,,,,,,,,,,,,,,,
2107638,bbd758acb173a6e7b74200e465f3157d7c098615a8a15fb9e20bf7dae7cb2e2e413606dfaf4f59a8b3516a618a9acbdf05dcfcef9735256f5b49ccc8ba10b7d3,07/15/2025 06:45:00 PM,1,DRIVER,,2009271,,FORD,OTHER (EXPLAIN IN NARRATIVE),IL,2000,UNKNOWN,PASSENGER,PERSONAL,N,PASSING/OVERTAKING,,,1,,,,,,,,,,,,,,,Y,,,FRONT-LEFT-CORNER,,,,,,,,,,,,,,,,,,,,,,,,,,,,,,,,,
2107639,bbd758acb173a6e7b74200e465f3157d7c098615a8a15fb9e20bf7dae7cb2e2e413606dfaf4f59a8b3516a618a9acbdf05dcfcef9735256f5b49ccc8ba10b7d3,07/15/2025 06:45:00 PM,2,DRIVER,,2009273,,TOYOTA,CAMRY,IL,2009,UNKNOWN,PASSENGER,PERSONAL,N,STRAIGHT AHEAD,,,1,,,,,Y,Y,,,,,,,,,,,,FRONT-RIGHT-CORNER,,,,,,,,,,,,,,,,,,,,,,,,,,,,,,,,,
2107566,5c7408fdd38d2a46f582c8268cca25376c5f169fd0bb368757fd9e1966a6f6318e4f394b4a54f3567073363766d72fbda987e5b04db1d46cd73346819d2f30d3,07/15/2025 06:36:00 PM,1,DRIVER,,2009213,,TOYOTA,AVALON,IL,2007,BRAKES,PASSENGER,PERSONAL,S,TURNING LEFT,,,1,,,,,,,,,,,Y,Y,Y,,,,,SIDE-LEFT-REAR,,,,,,,,,,,,,,,,,,,,,,,,,,,,,,,,,
2107567,5c7408fdd38d2a46f582c8268cca25376c5f169fd0bb368757fd9e1966a6f6318e4f394b4a54f3567073363766d72fbda987e5b04db1d46cd73346819d2f30d3,07/15/2025 06:36:00 PM,2,DRIVER,,2009233,,FORD,F250,IL,2017,NONE,OTHER,TOW TRUCK,W,STRAIGHT AHEAD,,,1,,,,Y,,,,,,,,,,,,,,NONE,,,,,,,,,,,,,,,,,,,,,,,,,,,,,,,,,
2107574,78b8dd34a9d73417b3edf2c6b816dae6afea9ff0131b94253646f227f27efbc4afcae1330a9f19071061accd795b6059f1412c60f5fe99b51bec97b620e253f3,07/15/2025 06:30:00 PM,1,DRIVER,,2009207,,SUBARU,OUTBACK,IL,2017,UNKNOWN,PASSENGER,PERSONAL,W,MERGING,,,1,,,,,Y,,,,,,,,,,,,,FRONT-RIGHT-CORNER,,,,,,,,,,,,,,,,,,,,,,,,,,,,,,,,,
2107575,78b8dd34a9d73417b3edf2c6b816dae6afea9ff0131b94253646f227f27efbc4afcae1330a9f19071061accd795b6059f1412c60f5fe99b51bec97b620e253f3,07/15/2025 06:30:00 PM,2,DRIVER,1,2009210,,NISSAN,ALTIMA,IL,2013,NONE,PASSENGER,PERSONAL,W,STRAIGHT AHEAD,,,2,,,,,,,,,,,,Y,Y,Y,Y,,,SIDE-LEFT,,,,,,,,,,,,,,,,,,,,,,,,,,,,,,,,,
2107644,bbfee6f28ca35c41b817677fde21df836644c9d7a404ea874221d728d72a9d2457f59a350759192d0bdb3680ed506965908ea779041aac4a09722c991105f8a1,07/15/2025 06:30:00 PM,1,DRIVER,,2009277,,NOVA BUS,OTHER (EXPLAIN IN NARRATIVE),IL,2023,UNKNOWN,BUS OVER 15 PASS.,CTA,N,CHANGING LANES,,,1,,,,,,,,Y,N,,,,,,,,,SIDE-RIGHT-REAR,,,,,,,,,,,,,,,,,,,,,,,,,,,,,,,,,
2107645,bbfee6f28ca35c41b817677fde21df836644c9d7a404ea874221d728d72a9d2457f59a350759192d0bdb3680ed506965908ea779041aac4a09722c991105f8a1,07/15/2025 06:30:00 PM,2,DRIVER,,2009285,,TOYOTA,RAV4,IL,2024,NONE,PASSENGER,PERSONAL,N,SLOW/STOP IN TRAFFIC,,,1,,,,,,,,,,,,,,Y,Y,,,SIDE-LEFT-FRONT,,,,,,,,,,,,,,,,,,,,,,,,,,,,,,,,,
2107630,29f130710c3dfbf876cb51d48f259fc26aa5cb301f1828080bc0843b70970d4ea9f0058e30a73054dd881cd722110395bb2eaf0aea74a7810afe4f391e2679d1,07/15/2025 06:26:00 PM,1,DRIVER,1,2009262,,LAND ROVER,RANGE ROVER (EVOQUE / SPORT / VELAR),IL,2024,UNKNOWN,PASSENGER,UNKNOWN/NA,UNKNOWN,BACKING,,,2,,,,,,,,,,,,,,,,,Y,REAR,,,,,,,,,,,,,,,,,,,,,,,,,,,,,,,,,
2107631,29f130710c3dfbf876cb51d48f259fc26aa5cb301f1828080bc0843b70970d4ea9f0058e30a73054dd881cd722110395bb2eaf0aea74a7810afe4f391e2679d1,07/15/2025 06:26:00 PM,2,DRIVER,,2009266,,TOYOTA,CAMRY,IL,2017,NONE,PASSENGER,PERSONAL,E,STRAIGHT AHEAD,,,1,,,,,Y,,,,,,,,,,Y,Y,,FRONT,,,,,,,,,,,,,,,,,,,,,,,,,,,,,,,,,
2107560,39f908483b01bfaae5968f725f15928e59f2f47cdd7c10b1292523bb8b644901a64f22f3428a51784d6e6dfbbd04131a4864da4eb42f797f2c0ba79696c9b804,07/15/2025 06:25:00 PM,2,PARKED,2,2009215,,HONDA,CIVIC,IL,2022,UNKNOWN,PASSENGER,PERSONAL,UNKNOWN,PARKED,,,2,,,,,Y,,,,,,,,,,,,,FRONT-RIGHT-CORNER,,,,,,,,,,,,,,,,,,,,,,,,,,,,,,,,,
2107591,39f908483b01bfaae5968f725f15928e59f2f47cdd7c10b1292523bb8b644901a64f22f3428a51784d6e6dfbbd04131a4864da4eb42f797f2c0ba79696c9b804,07/15/2025 06:25:00 PM,1,DRIVER,1,2009221,,KIA,SORENTO,IL,2011,UNKNOWN,SPORT UTILITY VEHICLE (SUV),PERSONAL,UNKNOWN,LEAVING TRAFFIC LANE TO PARK,,,2,,,,,,,,,,,Y,,,,,,,SIDE-LEFT-REAR,,,,,,,,,,,,,,,,,,,,,,,,,,,,,,,,,
2107490,09694d05ebd0919b38a06720c0f1fe237fcbed0374929159f031890bc77bde0c4446c0760d7778b4b01a46b21b01531e50776ddc1aa838d9e5502a2137254200,07/15/2025 06:24:00 PM,1,DRIVER,,2009127,,CHEVROLET,MALIBU,IL,,UNKNOWN,PASSENGER,UNKNOWN/NA,E,UNKNOWN/NA,,,1,,,,,,,,,,Y,,,,,,,,REAR,,,,,,,,,,,,,,,,,,,,,,,,,,,,,,,,,
2107491,09694d05ebd0919b38a06720c0f1fe237fcbed0374929159f031890bc77bde0c4446c0760d7778b4b01a46b21b01531e50776ddc1aa838d9e5502a2137254200,07/15/2025 06:24:00 PM,2,DRIVER,,2009139,,CHEVROLET,MALIBU,IL,2008,NONE,PASSENGER,PERSONAL,W,STRAIGHT AHEAD,,,1,,,,,Y,,,,,,,,,,,Y,,FRONT-RIGHT-CORNER,,,,,,,,,,,,,,,,,,,,,,,,,,,,,,,,,
2107594,be4fad728d7eadb9656cd9506ba9d70721a63103c798355d0eead9b8115d7a08328ada38359411fa3fad8ebb046a085c3b5a469855c3006b31fd7af8de473a0e,07/15/2025 06:17:00 PM,1,DRIVER,,2009225,,UNKNOWN,OTHER (EXPLAIN IN NARRATIVE),,,UNKNOWN,PASSENGER,PERSONAL,E,STRAIGHT AHEAD,,,1,,,,,,,,,,,,,,,,,,UNKNOWN,,,,,,,,,,,,,,,,,,,,,,,,,,,,,,,,,
2107595,be4fad728d7eadb9656cd9506ba9d70721a63103c798355d0eead9b8115d7a08328ada38359411fa3fad8ebb046a085c3b5a469855c3006b31fd7af8de473a0e,07/15/2025 06:17:00 PM,2,PARKED,2,2009227,,HONDA,CR-V,IL,2011,NONE,PASSENGER,PERSONAL,E,PARKED,,,2,,,,,,,,,,,,,,Y,Y,Y,,FRONT,,,,,,,,,,,,,,,,,,,,,,,,,,,,,,,,,
2107584,2d6b8a5b9d4dbc0dd9c4801a095c12dfea0f7c463558bec6fcfa3d37e9196d6ed3c439575a36fa39f610116d94531b1451ccc5233bb1e471392099ffc1e962e2,07/15/2025 06:15:00 PM,1,DRIVER,,2009219,,LEXUS,ES,IL,2003,NONE,PASSENGER,PERSONAL,W,TURNING LEFT,,,1,,,,,Y,,,,,,,,,,Y,Y,,FRONT,,,,,,,,,,,,,,,,,,,,,,,,,,,,,,,,,
2107585,2d6b8a5b9d4dbc0dd9c4801a095c12dfea0f7c463558bec6fcfa3d37e9196d6ed3c439575a36fa39f610116d94531b1451ccc5233bb1e471392099ffc1e962e2,07/15/2025 06:15:00 PM,2,DRIVER,,2009222,,GENERAL MOTORS CORPORATION (GMC),SAVANNAH,IL,2023,NONE,VAN/MINI-VAN,OTHER,W,TURNING LEFT,,,1,,,,,,,,,,,,Y,Y,,,,,SIDE-LEFT,,,,,,,,,,,,,,,,,,,,,,,,,,,,,,,,,
2107524,6f66e153ca4b79d7f168a0cb3f692154c1e950642a98a4d6f20b460bd304081ad18d6e9bf1a66311fd5c8c1378f025d39fcaea8991fb7183370d1893c99e0aac,07/15/2025 06:15:00 PM,1,DRIVER,,2009159,,AUDI,OTHER (EXPLAIN IN NARRATIVE),IL,2011,UNKNOWN,PASSENGER,PERSONAL,S,CHANGING LANES,,,1,,,,,Y,Y,,,,,,,,,,,,FRONT-RIGHT-CORNER,,,,,,,,,,,,,,,,,,,,,,,,,,,,,,,,,
2107525,6f66e153ca4b79d7f168a0cb3f692154c1e950642a98a4d6f20b460bd304081ad18d6e9bf1a66311fd5c8c1378f025d39fcaea8991fb7183370d1893c99e0aac,07/15/2025 06:15:00 PM,2,DRIVER,,2009168,,CHEVROLET,EQUINOX,IL,2019,NONE,PASSENGER,PERSONAL,S,STRAIGHT AHEAD,,,1,,,,,,,,,,,Y,Y,,,,,,REAR-LEFT-CORNER,,,,,,,,,,,,,,,,,,,,,,,,,,,,,,,,,
2107554,cc31e93be152cde9fbec1c7cec5c7cb19d7e9c1e26b6c8186655bc4b7ece72008e8021d2cdfb153f9773c12b2d792c3cd47b95a4b93dce0ca7e5a8db4aae45d5,07/15/2025 06:12:00 PM,1,DRIVER,,2009185,,VOLKSWAGEN,BEETLE,IL,2009,UNKNOWN,PASSENGER,PERSONAL,W,STRAIGHT AHEAD,,,1,,,,,,,,,N,N,N,,,,N,Y,,FRONT,,,,,,,,,,,,,,,,,,,,,,,,,,,,,,,,,
2107555,cc31e93be152cde9fbec1c7cec5c7cb19d7e9c1e26b6c8186655bc4b7ece72008e8021d2cdfb153f9773c12b2d792c3cd47b95a4b93dce0ca7e5a8db4aae45d5,07/15/2025 06:12:00 PM,2,DRIVER,,2009192,,ACURA,TLX,IL,2008,UNKNOWN,PASSENGER,PERSONAL,W,STRAIGHT AHEAD,,,1,,,,,,,,,Y,Y,Y,,,,,,,REAR,,,,,,,,,,,,,,,,,,,,,,,,,,,,,,,,,
2107588,65ef3030a94a5cefb25f330ec72c790eecbc5b7083239406c2ce20e3dc478c02784d26ab70e36d6192b213ee4273de3ef1289b04567f90d3d65b9429f7866c48,07/15/2025 06:11:00 PM,1,DRIVER,,2009230,,CHEVROLET,EQUINOX,IL,2005,UNKNOWN,SPORT UTILITY VEHICLE (SUV),PERSONAL,S,LEAVING TRAFFIC LANE TO PARK,,,1,,,,,,,,,,Y,Y,,,,,Y,,UNKNOWN,,,,,,,,,,,,,,,,,,,,,,,,,,,,,,,,,
2107589,65ef3030a94a5cefb25f330ec72c790eecbc5b7083239406c2ce20e3dc478c02784d26ab70e36d6192b213ee4273de3ef1289b04567f90d3d65b9429f7866c48,07/15/2025 06:11:00 PM,2,PARKED,,2009238,,TESLA,MODEL 3,IL,2023,UNKNOWN,PASSENGER,PERSONAL,S,PARKED,,,0,,,,,,,,,,Y,,,,,,,,REAR,,,,,,,,,,,,,,,,,,,,,,,,,,,,,,,,,
2107590,65ef3030a94a5cefb25f330ec72c790eecbc5b7083239406c2ce20e3dc478c02784d26ab70e36d6192b213ee4273de3ef1289b04567f90d3d65b9429f7866c48,07/15/2025 06:11:00 PM,3,PARKED,,2009248,,SUBARU,IMPREZA,MI,2016,UNKNOWN,PASSENGER,UNKNOWN/NA,S,PARKED,,,0,,,,,,,,,,,,,,,,Y,,FRONT,,,,,,,,,,,,,,,,,,,,,,,,,,,,,,,,,
2107578,b71ba5804e3eb253c960ee07129c7a32109585265b2b028f00ddf8db7a728d383a0cd49da72bcab35483dcf8c67e24f22e63421ee17bf2d07c766434172ecfea,07/15/2025 06:05:00 PM,1,DRIVER,,2009211,,HYUNDAI,ACCENT,,2008,NONE,PASSENGER,PERSONAL,W,STRAIGHT AHEAD,,,1,,,,,,,,,,,,,,,,Y,,FRONT,,,,,,,,,,,,,,,,,,,,,,,,,,,,,,,,,
2107579,b71ba5804e3eb253c960ee07129c7a32109585265b2b028f00ddf8db7a728d383a0cd49da72bcab35483dcf8c67e24f22e63421ee17bf2d07c766434172ecfea,07/15/2025 06:05:00 PM,2,DRIVER,1,2009218,,HYUNDAI,ACCENT,IL,2020,NONE,PASSENGER,PERSONAL,W,STRAIGHT AHEAD,,,2,,,,,,,,,,Y,,,,,,,,REAR,,,,,,,,,,,,,,,,,,,,,,,,,,,,,,,,,
2107517,bceb38df53fea104cb457ba507e9297ceccdca3754d5796332237e46bc22109685c476b5f365df0f829d209c16f1b0ae3d107a36dbb2784158666ca1609386ed,07/15/2025 06:05:00 PM,1,DRIVER,,2009146,,HONDA,ACCORD,IL,2008,UNKNOWN,PASSENGER,PERSONAL,N,STRAIGHT AHEAD,,,1,,,,,,,,,,,,,,,,Y,,FRONT,,,,,,,,,,,,,,,,,,,,,,,,,,,,,,,,,
2107518,bceb38df53fea104cb457ba507e9297ceccdca3754d5796332237e46bc22109685c476b5f365df0f829d209c16f1b0ae3d107a36dbb2784158666ca1609386ed,07/15/2025 06:05:00 PM,2,DRIVER,,2009156,,TESLA,MODEL Y,IL,2023,UNKNOWN,PASSENGER,PERSONAL,N,SLOW/STOP IN TRAFFIC,,,1,,,,,,,,,Y,,,,,,,,,REAR-RIGHT-CORNER,,,,,,,,,,,,,,,,,,,,,,,,,,,,,,,,,
2107545,22a336348a24238332035b5e67827168c8aca35ba78812a0d7144e444ec4553113de36cf452380e16e51a76dc5fc0ba52ebae4177407586b452ff177e0ce9bbf,07/15/2025 06:02:00 PM,1,DRIVER,,2009179,,UNKNOWN,ENCLOSED BODY,IL,,UNKNOWN,PASSENGER,UNKNOWN/NA,E,TURNING LEFT,,,1,,,,,,Y,Y,Y,,,,,,,,,,SIDE-RIGHT,,,,,,,,,,,,,,,,,,,,,,,,,,,,,,,,,
2107546,22a336348a24238332035b5e67827168c8aca35ba78812a0d7144e444ec4553113de36cf452380e16e51a76dc5fc0ba52ebae4177407586b452ff177e0ce9bbf,07/15/2025 06:02:00 PM,2,DRIVER,,2009175,,NISSAN,SENTRA,IL,2019,UNKNOWN,PASSENGER,UNKNOWN/NA,W,STRAIGHT AHEAD,,,1,,,,,Y,,,,,,,,,,,Y,,FRONT,,,,,,,,,,,,,,,,,,,,,,,,,,,,,,,,,
2107528,c7165be1ea26827f48c9e7c45f3e2e13113af6a62d4808dcf68e8d6233c988ecc346051c4426d09cacd837d5bc4a472e00c9d8eda160ee2efc1c0b301174dc47,07/15/2025 06:00:00 PM,1,DRIVER,,2009154,,HONDA,CIVIC,IL,2008,NONE,PASSENGER,PERSONAL,NE,STRAIGHT AHEAD,,,1,,,,,Y,Y,,,,,,,,,,,,FRONT-LEFT-CORNER,,,,,,,,,,,,,,,,,,,,,,,,,,,,,,,,,
2107529,c7165be1ea26827f48c9e7c45f3e2e13113af6a62d4808dcf68e8d6233c988ecc346051c4426d09cacd837d5bc4a472e00c9d8eda160ee2efc1c0b301174dc47,07/15/2025 06:00:00 PM,2,PARKED,,2009160,,CHEVROLET,C/K 1500,IL,2013,NONE,VAN/MINI-VAN,NOT IN USE,NE,PARKED,,,0,,,,,,,,,,,,Y,Y,Y,Y,,,SIDE-LEFT,,,,,,,,,,,,,,,,,,,,,,,,,,,,,,,,,
2107522,eee5a8552c5d2cf17375aff0d616fa811c81dc76f552c0a2acd1f676ea38ab9bbf525afc5fc3006d198fd22a59da0bd1c86d7824850fcdae196ca138195475e2,07/15/2025 06:00:00 PM,1,DRIVER,,2009147,,NISSAN,ROGUE,IL,2018,UNKNOWN,PASSENGER,PERSONAL,S,STRAIGHT AHEAD,Y,,1,,PRIVATE,,,Y,,,,,,,,,Y,Y,Y,,FRONT-LEFT-CORNER,,,,,,,,,,,,,,,,,,,,,,,,,,,,,,,,,
2107523,eee5a8552c5d2cf17375aff0d616fa811c81dc76f552c0a2acd1f676ea38ab9bbf525afc5fc3006d198fd22a59da0bd1c86d7824850fcdae196ca138195475e2,07/15/2025 06:00:00 PM,2,DRIVER,,2009158,,FORD,EXPLORER,IL,2013,UNKNOWN,SPORT UTILITY VEHICLE (SUV),PERSONAL,W,STRAIGHT AHEAD,Y,,1,,PRIVATE,,,Y,Y,Y,,,,,,,,N,,,FRONT-RIGHT-CORNER,,,,,,,,,,,,,,,,,,,,,,,,,,,,,,,,,
2110740,f73cbac5514633ceb896bdf738ab4a619134b108dfc4a82366f98d1849d94e8895f04db03d83db438c08702008e3d1aff12428e2b0d89b4e32e4e24a9d8149d7,07/15/2025 06:00:00 PM,1,DRIVER,,2012194,,UNKNOWN,MOTORIZED,,,UNKNOWN,UNKNOWN/NA,UNKNOWN/NA,N,STRAIGHT AHEAD,,,1,,,,,,,,,,,,,,,,Y,,FRONT,,,,,,,,,,,,,,,,,,,,,,,,,,,,,,,,,
2110741,f73cbac5514633ceb896bdf738ab4a619134b108dfc4a82366f98d1849d94e8895f04db03d83db438c08702008e3d1aff12428e2b0d89b4e32e4e24a9d8149d7,07/15/2025 06:00:00 PM,2,PARKED,,2012195,,TRIUMPH,OTHER (EXPLAIN IN NARRATIVE),IL,2018,NONE,MOTORCYCLE (OVER 150CC),NOT IN USE,W,PARKED,,,0,,,,,,,,,,N,,,,,,Y,,FRONT,,,,,,,,,,,,,,,,,,,,,,,,,,,,,,,,,
2107823,a068181781dbf8653ce2fae4c7d07372ea558352bce2adba547f38aa0feba4fe738e8c74d589ee9afe45bf5a63d9f1df5cd3d6651bb73939c32295cb79b64dcb,07/15/2025 05:55:00 PM,1,DRIVER,,2009448,,HYUNDAI,SONATA,IL,2010,NONE,PASSENGER,PERSONAL,W,ENTERING TRAFFIC LANE FROM PARKING,,,1,,,,,,,,,,,,,Y,Y,Y,,,SIDE-LEFT,,,,,,,,,,,,,,,,,,,,,,,,,,,,,,,,,
2107824,a068181781dbf8653ce2fae4c7d07372ea558352bce2adba547f38aa0feba4fe738e8c74d589ee9afe45bf5a63d9f1df5cd3d6651bb73939c32295cb79b64dcb,07/15/2025 05:55:00 PM,2,DRIVER,,2009458,,VOLKSWAGEN,TIGUAN,IL,2018,NONE,SPORT UTILITY VEHICLE (SUV),OTHER,W,STRAIGHT AHEAD,,,1,,,,,Y,Y,Y,,,,,,,,,Y,,SIDE-RIGHT-FRONT,,,,,,,,,,,,,,,,,,,,,,,,,,,,,,,,,
2107552,16c85c1caf88e3adea966250b361f159e4b7a5aa03cba3c71779d0967431a2ca88c429be07c0cb17c2fa32bf7f774ad098828f23e96de666cf42c4b3ded7c5df,07/15/2025 05:45:00 PM,1,DRIVER,,2009184,,HARLEY-DAVIDSON,OTHER (EXPLAIN IN NARRATIVE),IL,,NONE,MOTORCYCLE (OVER 150CC),PERSONAL,N,STRAIGHT AHEAD,Y,,1,,ORD TOW,RELO LOT,,Y,,,,,,,,,,Y,Y,,FRONT,,,,,,,,,,,,,,,,,,,,,,,,,,,,,,,,,
2107501,a164c2cbf737d2a9bbf670e45b0eecd4c96d1caa89bb69fb7fa3db9216fb948750080a9bce02fd44c2c438cd814901d52a8db6d056b29d3aaf515a93ec1a6e06,07/15/2025 05:45:00 PM,1,DRIVER,,2009141,Y,FREIGHTLINER CORPORATION,OTHER (EXPLAIN IN NARRATIVE),VA,2019,UNKNOWN,TRACTOR W/ SEMI-TRAILER,COMMERCIAL - SINGLE UNIT,S,U-TURN,,,1,,,,,,,,,,Y,Y,,,,,,,REAR-LEFT-CORNER,"21,822",2442344,,,SIDE OF TRUCK,3,PRIMUS TRANS,VA,VIENNA,,,,N,N,,N,,N,N,,,>102,,53,,70,,TRACTOR/SEMI-TRAILER,OTHER,UNKNOWN,N,N,MISCELLANEOUS
2107502,a164c2cbf737d2a9bbf670e45b0eecd4c96d1caa89bb69fb7fa3db9216fb948750080a9bce02fd44c2c438cd814901d52a8db6d056b29d3aaf515a93ec1a6e06,07/15/2025 05:45:00 PM,2,PARKED,,2009172,Y,UNKNOWN,OTHER (EXPLAIN IN NARRATIVE),IL,2023,UNKNOWN,OTHER,NOT IN USE,UNKNOWN,PARKED,,,0,,,,,Y,,,,,,,,,,Y,Y,Y,FRONT-LEFT-CORNER,,,,,,,,,,,,,,,,,,,,,,,,,,,,,,,,,
2107674,fa146ade5cc35efce338b129e92af044ad113bf8277e20bdec2701a43d0bc27310829afc0ccd94e8aee438d577fc7f8f4b62d6e95116bf85265fc9ce54781529,07/15/2025 05:34:00 PM,1,DRIVER,,2009304,,FORD,BRONCO / BRONCO II,IL,2022,UNKNOWN,SPORT UTILITY VEHICLE (SUV),UNKNOWN/NA,E,CHANGING LANES,,,1,,,,,Y,,,,,,,,,,,,,FRONT-RIGHT-CORNER,,,,,,,,,,,,,,,,,,,,,,,,,,,,,,,,,
2107675,fa146ade5cc35efce338b129e92af044ad113bf8277e20bdec2701a43d0bc27310829afc0ccd94e8aee438d577fc7f8f4b62d6e95116bf85265fc9ce54781529,07/15/2025 05:34:00 PM,2,DRIVER,,2009305,,CADILLAC,ESCALADE,IL,2023,UNKNOWN,SPORT UTILITY VEHICLE (SUV),RIDESHARE SERVICE,E,SLOW/STOP IN TRAFFIC,,,1,,,,,,,,,,,Y,,,,,,,REAR-LEFT-CORNER,,,,,,,,,,,,,,,,,,,,,,,,,,,,,,,,,