CRASH_UNIT_ID,CRASH_RECORD_ID,CRASH_DATE,UNIT_NO,UNIT_TYPE,NUM_PASSENGERS,VEHICLE_ID,CMRC_VEH_I,MAKE,MODEL,LIC_PLATE_STATE,VEHICLE_YEAR,VEHICLE_DEFECT,VEHICLE_TYPE,VEHICLE_USE,TRAVEL_DIRECTION,MANEUVER,TOWED_I,FIRE_I,OCCUPANT_CNT,EXCEED_SPEED_LIMIT_I,TOWED_BY,TOWED_TO,AREA_00_I,AREA_01_I,AREA_02_I,AREA_03_I,AREA_04_I,AREA_05_I,AREA_06_I,AREA_07_I,AREA_08_I,AREA_09_I,AREA_10_I,AREA_11_I,AREA_12_I,AREA_99_I,FIRST_CONTACT_POINT,CMV_ID,USDOT_NO,CCMC_NO,ILCC_NO,COMMERCIAL_SRC,GVWR,CARRIER_NAME,CARRIER_STATE,CARRIER_CITY,HAZMAT_PLACARDS_I,HAZMAT_NAME,UN_NO,HAZMAT_PRESENT_I,HAZMAT_REPORT_I,HAZMAT_REPORT_NO,MCS_REPORT_I,MCS_REPORT_NO,HAZMAT_VIO_CAUSE_CRASH_I,MCS_VIO_CAUSE_CRASH_I,IDOT_PERMIT_NO,WIDE_LOAD_I,TRAILER1_WIDTH,TRAILER2_WIDTH,TRAILER1_LENGTH,TRAILER2_LENGTH,TOTAL_VEHICLE_LENGTH,AXLE_CNT,VEHICLE_CONFIG,CARGO_BODY_TYPE,LOAD_TYPE,HAZMAT_OUT_OF_SERVICE_I,MCS_OUT_OF_SERVICE_I,HAZMAT_CLASS
2107549,ce2d90621e59d8e25e696b8fbaf451155a9b1825dffc17e1a1e48af072fd591b10411c20c34db31d976c6ce18510d6af5a1660810349a3752ece1ac883892ef9,07/15/2025 05:30:00 PM,1,DRIVER,,2009181,,TOYOTA,TUNDRA,IL,2008,UNKNOWN,PICKUP,UNKNOWN/NA,S,STRAIGHT AHEAD,,,1,,,,,,,,,,,,,,,,Y,,FRONT,,,,,,,,,,,,,,,,,,,,,,,,,,,,,,,,,
2107550,ce2d90621e59d8e25e696b8fbaf451155a9b1825dffc17e1a1e48af072fd591b10411c20c34db31d976c6ce18510d6af5a1660810349a3752ece1ac883892ef9,07/15/2025 05:30:00 PM,2,DRIVER,,2009190,,VOLKSWAGEN,BEETLE,IL,2019,UNKNOWN,UNKNOWN/NA,PERSONAL,S,SLOW/STOP IN TRAFFIC,Y,,1,,PRIVATE TOW,UNKNOWN,,,,,,,Y,,,,,,Y,,REAR,,,,,,,,,,,,,,,,,,,,,,,,,,,,,,,,,
2107551,ce2d90621e59d8e25e696b8fbaf451155a9b1825dffc17e1a1e48af072fd591b10411c20c34db31d976c6ce18510d6af5a1660810349a3752ece1ac883892ef9,07/15/2025 05:30:00 PM,3,DRIVER,,2009194,,UNKNOWN,OTHER (EXPLAIN IN NARRATIVE),XX,,UNKNOWN,UNKNOWN/NA,UNKNOWN/NA,S,SLOW/STOP IN TRAFFIC,,,1,,,,,,,,,,Y,,,,,,,,REAR,,,,,,,,,,,,,,,,,,,,,,,,,,,,,,,,,
2107455,8da588ee569139bafb44fe175c27ea3cbcb335fee583cee511a924e0fc5dc337c986dd864096d36169e08f39d0be3d393ebab00321db5b32095f5f15ac5f8292,07/15/2025 05:28:00 PM,1,DRIVER,,2009091,,HONDA,PASSPORT,IL,2024,NONE,PASSENGER,PERSONAL,E,STRAIGHT AHEAD,,,1,,,,,,,,,,,,,,,,Y,,FRONT,,,,,,,,,,,,,,,,,,,,,,,,,,,,,,,,,
2107456,8da588ee569139bafb44fe175c27ea3cbcb335fee583cee511a924e0fc5dc337c986dd864096d36169e08f39d0be3d393ebab00321db5b32095f5f15ac5f8292,07/15/2025 05:28:00 PM,2,DRIVER,1,2009110,,TOYOTA,VENZA,IL,2022,NONE,PASSENGER,RIDESHARE SERVICE,E,STRAIGHT AHEAD,,,2,,,,,,,,,,Y,,,,,,,,REAR,,,,,,,,,,,,,,,,,,,,,,,,,,,,,,,,,
2108942,1698edc6bdbd9d0a2fa2c3901120d72ae3e69f3e3020251321e1f7a7287f66edafc327c8a689a2a04b08d774f3b818835763318cb63dea111c7f15be7d65e962,07/15/2025 05:15:00 PM,1,DRIVER,,2010485,,UNKNOWN,OTHER (EXPLAIN IN NARRATIVE),,,UNKNOWN,UNKNOWN/NA,UNKNOWN/NA,UNKNOWN,UNKNOWN/NA,,,1,,,,,,,,,,,,,,,,,Y,UNKNOWN,,,,,,,,,,,,,,,,,,,,,,,,,,,,,,,,,
2108943,1698edc6bdbd9d0a2fa2c3901120d72ae3e69f3e3020251321e1f7a7287f66edafc327c8a689a2a04b08d774f3b818835763318cb63dea111c7f15be7d65e962,07/15/2025 05:15:00 PM,2,PARKED,,2010486,,LEXUS,RX350,IL,2018,UNKNOWN,PASSENGER,PERSONAL,UNKNOWN,PARKED,,,0,,,,,,,,,,Y,,,,,,,,REAR,,,,,,,,,,,,,,,,,,,,,,,,,,,,,,,,,
2107634,ef91c52f235fc7cd8848f02ebc015e1c4d32b7eff3a866bc362d049661443724e72d8e081572e86c8d91428b72071ae3e3aa21f4d52671eaf4b6fa077d66ef85,07/15/2025 05:15:00 PM,1,DRIVER,,2009267,,CHEVROLET,OTHER (EXPLAIN IN NARRATIVE),IL,2018,UNKNOWN,PASSENGER,UNKNOWN/NA,N,CHANGING LANES,,,1,,,,,,,,,,,,,,,,,Y,SIDE-LEFT,,,,,,,,,,,,,,,,,,,,,,,,,,,,,,,,,
2107635,ef91c52f235fc7cd8848f02ebc015e1c4d32b7eff3a866bc362d049661443724e72d8e081572e86c8d91428b72071ae3e3aa21f4d52671eaf4b6fa077d66ef85,07/15/2025 05:15:00 PM,2,DRIVER,,2009269,,HYUNDAI,TUCSON,IL,2004,NONE,PASSENGER,PERSONAL,N,SLOW/STOP IN TRAFFIC,,,1,,,,,Y,,,,,,,,,,,,,FRONT-RIGHT-CORNER,,,,,,,,,,,,,,,,,,,,,,,,,,,,,,,,,
2107485,5669303f9547536eb22373ceb3830cfb40608b22c7d6babc7a9913058149ac70a63649315e63b23df867fb1659850ed9265639e7c8daa16efa8126663a57e992,07/15/2025 05:11:00 PM,1,DRIVER,,2009117,,HONDA,HR-V,IL,2019,UNKNOWN,PASSENGER,PERSONAL,SW,TURNING LEFT,Y,,1,,OWNER,,,Y,,,,,,,,,Y,Y,Y,,FRONT,,,,,,,,,,,,,,,,,,,,,,,,,,,,,,,,,
2107486,5669303f9547536eb22373ceb3830cfb40608b22c7d6babc7a9913058149ac70a63649315e63b23df867fb1659850ed9265639e7c8daa16efa8126663a57e992,07/15/2025 05:11:00 PM,2,DRIVER,2,2009125,,KIA,FORTE,IL,2017,UNKNOWN,PASSENGER,PERSONAL,E,STRAIGHT AHEAD,,,3,,,,,Y,,,,,,,,,,Y,Y,,FRONT,,,,,,,,,,,,,,,,,,,,,,,,,,,,,,,,,
2107532,ad1f1e672835c5ff6827926cabe14795f5c82ea10b443499f4d08742e055eb18e1b94d6ae3fb6603a062cfe966ab778f30698dab480032520b2bd92d0c1e4bf8,07/15/2025 05:11:00 PM,1,DRIVER,,2009161,,KIA,SPORTAGE,IL,2019,UNKNOWN,UNKNOWN/NA,UNKNOWN/NA,S,PASSING/OVERTAKING,,,1,,,,,,,,,,,,,,,,,,FRONT-RIGHT-CORNER,,,,,,,,,,,,,,,,,,,,,,,,,,,,,,,,,
2107533,ad1f1e672835c5ff6827926cabe14795f5c82ea10b443499f4d08742e055eb18e1b94d6ae3fb6603a062cfe966ab778f30698dab480032520b2bd92d0c1e4bf8,07/15/2025 05:11:00 PM,2,PARKED,1,2009177,,TOYOTA,SIENNA,IL,2011,UNKNOWN,UNKNOWN/NA,UNKNOWN/NA,S,PARKED,,,1,,,,,,,,,,,,,,,Y,,,SIDE-LEFT-FRONT,,,,,,,,,,,,,,,,,,,,,,,,,,,,,,,,,
2107483,5070c8b3e0a2d3bded350a10d78815c28bcc2eee36578d5ea5aad37c789dde8ab62e6a2724ba20f22564dfef0ac291b6ad9d5644c3544783e39c7d0633c3b138,07/15/2025 05:10:00 PM,1,DRIVER,2,2009118,,TOYOTA,COROLLA,,1999,BRAKES,PASSENGER,PERSONAL,N,STRAIGHT AHEAD,,,3,,,,,,,,,,,,,,,,Y,,FRONT,,,,,,,,,,,,,,,,,,,,,,,,,,,,,,,,,
2107484,5070c8b3e0a2d3bded350a10d78815c28bcc2eee36578d5ea5aad37c789dde8ab62e6a2724ba20f22564dfef0ac291b6ad9d5644c3544783e39c7d0633c3b138,07/15/2025 05:10:00 PM,2,DRIVER,,2009132,,KIA,SPORTAGE,,2024,NONE,PASSENGER,PERSONAL,N,STRAIGHT AHEAD,,,1,,,,,,,,,,Y,,,,,,,,REAR,,,,,,,,,,,,,,,,,,,,,,,,,,,,,,,,,
2107503,85778f4c91a5cc6dfae47275ff1ecb690b70f164d01725072edabe53fec527d82fca35be65966332dcedf65132346396cbed8e14e04ba39912f1900ce8139039,07/15/2025 05:10:00 PM,1,DRIVER,,2009138,,FORD,EDGE,IL,2020,NONE,PASSENGER,PERSONAL,S,PASSING/OVERTAKING,,,1,,,,Y,Y,,,,,,,,,,Y,,,FRONT-RIGHT-CORNER,,,,,,,,,,,,,,,,,,,,,,,,,,,,,,,,,
2107504,85778f4c91a5cc6dfae47275ff1ecb690b70f164d01725072edabe53fec527d82fca35be65966332dcedf65132346396cbed8e14e04ba39912f1900ce8139039,07/15/2025 05:10:00 PM,2,DRIVER,1,2009157,,FORD,F250,TX,2024,NONE,PICKUP,UNKNOWN/NA,S,STRAIGHT AHEAD,,,2,,,,Y,,,,,,,,,,,,,,NONE,,,,,,,,,,,,,,,,,,,,,,,,,,,,,,,,,
2107505,de4c6676586767c925f48aebff426a32007441dd47cac7e4044c2c874bbabf88ca9197b053340020b0246bda7f14fc3efc6489da9346c176a368aa0c1bd0a88e,07/15/2025 05:09:00 PM,1,DRIVER,,2009133,,CHEVROLET,CAMARO,GA,2023,UNKNOWN,PASSENGER,PERSONAL,N,CHANGING LANES,Y,,1,,private towing,,,Y,Y,Y,Y,,N,N,Y,Y,Y,Y,Y,,FRONT-RIGHT-CORNER,,,,,,,,,,,,,,,,,,,,,,,,,,,,,,,,,
2107506,de4c6676586767c925f48aebff426a32007441dd47cac7e4044c2c874bbabf88ca9197b053340020b0246bda7f14fc3efc6489da9346c176a368aa0c1bd0a88e,07/15/2025 05:09:00 PM,2,DRIVER,,2009148,,HONDA,ACCORD,IL,2006,UNKNOWN,PASSENGER,PERSONAL,N,STRAIGHT AHEAD,,,1,,,,,,,,,,,,,Y,,,,,SIDE-LEFT,,,,,,,,,,,,,,,,,,,,,,,,,,,,,,,,,
2107494,4958493bd54210e5389c5e4178f818d33a1f2c0a211b86936aa17c91196d00d1814d7e56c8f5d1683c3609a0b86b5483854496a3b223c16dc757a7fecbbb42a5,07/15/2025 05:07:00 PM,1,DRIVER,,2009130,,UNKNOWN,OTHER (EXPLAIN IN NARRATIVE),IL,,UNKNOWN,PASSENGER,UNKNOWN/NA,N,TURNING LEFT,,,1,,,,,,,,,,,,,,,,,Y,UNKNOWN,,,,,,,,,,,,,,,,,,,,,,,,,,,,,,,,,
2107495,4958493bd54210e5389c5e4178f818d33a1f2c0a211b86936aa17c91196d00d1814d7e56c8f5d1683c3609a0b86b5483854496a3b223c16dc757a7fecbbb42a5,07/15/2025 05:07:00 PM,2,DRIVER,1,2009187,,TOYOTA,HIGHLANDER,IL,2019,UNKNOWN,UNKNOWN/NA,PERSONAL,S,TURNING LEFT,,,2,,,,,,,,,,,,,,,,,Y,UNKNOWN,,,,,,,,,,,,,,,,,,,,,,,,,,,,,,,,,
2107471,7c21123a2fdc6056df9b6370489477e27d9c264f06bcbc264e18c85b5e524f4dec1e91e2480670a905b67294b7fdb94c9ff91e81428022f8c04b969e3fcabcf5,07/15/2025 05:05:00 PM,1,DRIVER,1,2009119,,SUBARU,LEGACY,IL,2019,NONE,PASSENGER,PERSONAL,E,ENTERING TRAFFIC LANE FROM PARKING,,,2,,,,,,,,,,,,,,,Y,,,FRONT-LEFT-CORNER,,,,,,,,,,,,,,,,,,,,,,,,,,,,,,,,,
2107472,7c21123a2fdc6056df9b6370489477e27d9c264f06bcbc264e18c85b5e524f4dec1e91e2480670a905b67294b7fdb94c9ff91e81428022f8c04b969e3fcabcf5,07/15/2025 05:05:00 PM,2,DRIVER,,2009109,,KIA,OPTIMA / K5,IL,2017,NONE,PASSENGER,PERSONAL,E,STRAIGHT AHEAD,,,1,,,,,Y,Y,Y,,,,,,,,,,,FRONT-RIGHT-CORNER,,,,,,,,,,,,,,,,,,,,,,,,,,,,,,,,,
2107467,ae6d4089efb60063142e1415d376b3f01c9930508b0b1257453b7e05a796d26a0148059894947ce95a6467d0db2c837077f41981761abfdf38543ab6c29c955a,07/15/2025 05:01:00 PM,1,DRIVER,,2009095,,UNKNOWN,OTHER (EXPLAIN IN NARRATIVE),IL,2000,UNKNOWN,PASSENGER,UNKNOWN/NA,W,STRAIGHT AHEAD,,,1,,,,,Y,Y,Y,,,,,,,,,,,UNKNOWN,,,,,,,,,,,,,,,,,,,,,,,,,,,,,,,,,
2107468,ae6d4089efb60063142e1415d376b3f01c9930508b0b1257453b7e05a796d26a0148059894947ce95a6467d0db2c837077f41981761abfdf38543ab6c29c955a,07/15/2025 05:01:00 PM,2,PARKED,,2009106,,HONDA,ODYSSEY,IL,1996,NONE,PASSENGER,NOT IN USE,W,PARKED,,,0,,,,,,,,,,,,,,Y,Y,,,FRONT-LEFT-CORNER,,,,,,,,,,,,,,,,,,,,,,,,,,,,,,,,,
2107603,262872eda078ffe5fd2ca77cd880ac5e96eae34907bcd6b898141769fd35dcec04ebad6255b00852741a48fdc40c06a4707ba9ae322ca436a4173215b0b3a2ab,07/15/2025 05:00:00 PM,1,DRIVER,,2009235,,UNKNOWN,OTHER (EXPLAIN IN NARRATIVE),IL,,UNKNOWN,PASSENGER,PERSONAL,E,STRAIGHT AHEAD,,,1,,,,,,,,,,,,,,,,,Y,UNKNOWN,,,,,,,,,,,,,,,,,,,,,,,,,,,,,,,,,
2107604,262872eda078ffe5fd2ca77cd880ac5e96eae34907bcd6b898141769fd35dcec04ebad6255b00852741a48fdc40c06a4707ba9ae322ca436a4173215b0b3a2ab,07/15/2025 05:00:00 PM,2,BICYCLE,,,,,,,,,,,,,,,,,,,,,,,,,,,,,,,,,,,,,,,,,,,,,,,,,,,,,,,,,,,,,,,,,,
2112110,2f03300aab0ebd63f60ae482267d59847c0810b18e510beeaf0d249f25727878fb03e8179bafb06d60760ed3ab94a6bf2b4c0b94fd5abfd637dafa000e014e81,07/15/2025 05:00:00 PM,1,DRIVER,,2013483,,UNKNOWN,MOTORIZED,,,UNKNOWN,UNKNOWN/NA,UNKNOWN/NA,UNKNOWN,UNKNOWN/NA,,,1,,,,,,,,,,,,,,,,,Y,UNKNOWN,,,,,,,,,,,,,,,,,,,,,,,,,,,,,,,,,
2112111,2f03300aab0ebd63f60ae482267d59847c0810b18e510beeaf0d249f25727878fb03e8179bafb06d60760ed3ab94a6bf2b4c0b94fd5abfd637dafa000e014e81,07/15/2025 05:00:00 PM,2,PARKED,,2013485,,AUDI,A2,IL,2022,UNKNOWN,PASSENGER,NOT IN USE,N,PARKED,,,0,,,,,,,,,,,,,Y,Y,,,,SIDE-LEFT,,,,,,,,,,,,,,,,,,,,,,,,,,,,,,,,,
2107513,451305f366bc2f4cf1ca69ab1e5f5b12355343c8bab69f856222147e97c6056f417bbf2d28f44a554a4be19f95cbb38e651dd8a972e4df6624d04348e1bf7a96,07/15/2025 05:00:00 PM,1,DRIVER,,2009137,,KIA,OTHER (EXPLAIN IN NARRATIVE),IL,2019,NONE,PASSENGER,UNKNOWN/NA,E,STRAIGHT AHEAD,,,1,,,,,,,,,,,,,,,Y,,,FRONT-LEFT-CORNER,,,,,,,,,,,,,,,,,,,,,,,,,,,,,,,,,
2107514,451305f366bc2f4cf1ca69ab1e5f5b12355343c8bab69f856222147e97c6056f417bbf2d28f44a554a4be19f95cbb38e651dd8a972e4df6624d04348e1bf7a96,07/15/2025 05:00:00 PM,2,DRIVER,,2009145,,CADILLAC,XTS,IL,2013,NONE,SPORT UTILITY VEHICLE (SUV),PERSONAL,E,TURNING RIGHT,,,1,,,,,,,,Y,Y,,,,,,,,,REAR-RIGHT-CORNER,,,,,,,,,,,,,,,,,,,,,,,,,,,,,,,,,
2107694,4862a6e17e5d541333578c5483a8a802f7436f4cca47241efc419278c5f826078d7a58e33b07b87f93de083d22b5ff055ec9a7a7b77e03d589802bae022b8f2e,07/15/2025 05:00:00 PM,1,DRIVER,,2009326,,CHEVROLET,SILVERADO,IL,2021,UNKNOWN,PASSENGER,PERSONAL,S,BACKING,,,1,,,,,,,,,,,Y,,,,,,,REAR-LEFT-CORNER,,,,,,,,,,,,,,,,,,,,,,,,,,,,,,,,,
2107695,4862a6e17e5d541333578c5483a8a802f7436f4cca47241efc419278c5f826078d7a58e33b07b87f93de083d22b5ff055ec9a7a7b77e03d589802bae022b8f2e,07/15/2025 05:00:00 PM,2,DRIVER,,2009327,,TOYOTA,RAV4,IL,2025,UNKNOWN,PASSENGER,PERSONAL,S,STRAIGHT AHEAD,,,1,,,,,Y,,,,,,,,,,,,,FRONT-RIGHT-CORNER,,,,,,,,,,,,,,,,,,,,,,,,,,,,,,,,,
2111779,818c24eda4b529af9219983e784629702454b11d87c78355da13a6f3ada74bb4054f8806d61fea4711c2b120cf9c819171facc7b9d788fe1314ec123d2d3be8e,07/15/2025 05:00:00 PM,1,DRIVER,,2013179,,NISSAN,ALTIMA,IL,2016,UNKNOWN,PASSENGER,UNKNOWN/NA,W,STRAIGHT AHEAD,,,1,,,,,Y,Y,,,,,,,,Y,Y,Y,,FRONT,,,,,,,,,,,,,,,,,,,,,,,,,,,,,,,,,
2111780,818c24eda4b529af9219983e784629702454b11d87c78355da13a6f3ada74bb4054f8806d61fea4711c2b120cf9c819171facc7b9d788fe1314ec123d2d3be8e,07/15/2025 05:00:00 PM,2,DRIVER,,2013180,,KIA,SPORTAGE,IL,2023,NONE,SPORT UTILITY VEHICLE (SUV),PERSONAL,W,SLOW/STOP IN TRAFFIC,,,1,,,,,,,,,Y,Y,Y,,,,,,,REAR,,,,,,,,,,,,,,,,,,,,,,,,,,,,,,,,,
2108160,cefcbf062c6239651dd61ef59633cdf91fc707c329898caf7fd260c66e1d5ab828bed0b4647e4cb282cdf121de50fd628dbd2bf7fc2526cda246670cdfcd7ce9,07/15/2025 05:00:00 PM,1,DRIVER,,2009734,,TOYOTA,CAMRY,IL,2018,NONE,PASSENGER,PERSONAL,NE,TURNING RIGHT,,,1,,,,,,,,,,,,,,,,,,FRONT-RIGHT-CORNER,,,,,,,,,,,,,,,,,,,,,,,,,,,,,,,,,
2108161,cefcbf062c6239651dd61ef59633cdf91fc707c329898caf7fd260c66e1d5ab828bed0b4647e4cb282cdf121de50fd628dbd2bf7fc2526cda246670cdfcd7ce9,07/15/2025 05:00:00 PM,2,DRIVER,2,2009735,,JEEP,CHEROKEE,IL,2013,NONE,SPORT UTILITY VEHICLE (SUV),PERSONAL,SW,STRAIGHT AHEAD,,,3,,,,,,,,,,,,,,,,,,FRONT,,,,,,,,,,,,,,,,,,,,,,,,,,,,,,,,,
2107463,8f43a46b5b870e34a2d7a543d985ed73e2163be4b3876a1c677b9aff43a86ca77bc85e7fd9e09d98e02c2e131996fd0c93ec814c4a02d87f5a8b0ac7a77fdbf2,07/15/2025 04:53:00 PM,1,DRIVER,,2009096,,HONDA,CIVIC,IL,2009,UNKNOWN,PASSENGER,UNKNOWN/NA,E,PASSING/OVERTAKING,,,1,,,,,,,,,,,,,,,,,Y,UNKNOWN,,,,,,,,,,,,,,,,,,,,,,,,,,,,,,,,,
2107464,8f43a46b5b870e34a2d7a543d985ed73e2163be4b3876a1c677b9aff43a86ca77bc85e7fd9e09d98e02c2e131996fd0c93ec814c4a02d87f5a8b0ac7a77fdbf2,07/15/2025 04:53:00 PM,2,DRIVER,,2009108,,BUICK,LACROSSE,IL,2016,UNKNOWN,PASSENGER,PERSONAL,E,STRAIGHT AHEAD,,,1,,,,,Y,Y,,,,,,,,,N,,,FRONT-RIGHT-CORNER,,,,,,,,,,,,,,,,,,,,,,,,,,,,,,,,,
2107460,7b7cef379e2c7c6a65774be3c2295113169337a2185ab7fde018ee4999a709bad86f3e41e2f3cb93ef8ffe4e4ad23b2d54568bc51e33b9459061d966b4f01625,07/15/2025 04:50:00 PM,2,DRIVER,,2009120,,VOLKSWAGEN,ATLAS,WI,,UNKNOWN,SPORT UTILITY VEHICLE (SUV),UNKNOWN/NA,W,UNKNOWN/NA,,,1,,,,,Y,,,,,,,,,,Y,Y,,SIDE-LEFT-FRONT,,,,,,,,,,,,,,,,,,,,,,,,,,,,,,,,,
2107475,7b7cef379e2c7c6a65774be3c2295113169337a2185ab7fde018ee4999a709bad86f3e41e2f3cb93ef8ffe4e4ad23b2d54568bc51e33b9459061d966b4f01625,07/15/2025 04:50:00 PM,1,DRIVER,,2009101,,SUBARU,OTHER (EXPLAIN IN NARRATIVE),IL,2022,UNKNOWN,UNKNOWN/NA,UNKNOWN/NA,UNKNOWN,UNKNOWN/NA,,,1,,,,,,,,,,,,,,,,Y,,FRONT,,,,,,,,,,,,,,,,,,,,,,,,,,,,,,,,,
2107492,e40999e79a229b8f4fb02357ef873426228755473f1545284207183e776f74c03cd83ba324af3556a30b9317e5e1d78abc0b299efe1cfabe0eb5a8cd30977346,07/15/2025 04:50:00 PM,1,DRIVER,,2009134,,FORD,MUSTANG,IL,1998,BRAKES,PASSENGER,PERSONAL,SW,STRAIGHT AHEAD,,,1,,,,,,,,,,,,,,,Y,,,FRONT-LEFT-CORNER,,,,,,,,,,,,,,,,,,,,,,,,,,,,,,,,,
2107493,e40999e79a229b8f4fb02357ef873426228755473f1545284207183e776f74c03cd83ba324af3556a30b9317e5e1d78abc0b299efe1cfabe0eb5a8cd30977346,07/15/2025 04:50:00 PM,2,DRIVER,1,2009162,,KIA,FORTE,IL,2024,UNKNOWN,PASSENGER,PERSONAL,SW,SLOW/STOP IN TRAFFIC,,,2,,,,,,,,,N,Y,N,,,,,,,REAR,,,,,,,,,,,,,,,,,,,,,,,,,,,,,,,,,
2107510,18753e384b7a6d1106d04bb3f7d36e2b253e911cea74dd24f2e92c9c9062fba7bbbae1feaec92bc20863ebe39d55cf04b11d54a6b59801965d860563de18dddf,07/15/2025 04:49:00 PM,1,DRIVER,,2009151,,JEEP,CHEROKEE,IL,2014,UNKNOWN,PASSENGER,PERSONAL,W,PASSING/OVERTAKING,Y,,1,,PRIVATE,RESIDENCE,,Y,Y,Y,,,,,,,,,,,FRONT-RIGHT-CORNER,,,,,,,,,,,,,,,,,,,,,,,,,,,,,,,,,
2107511,18753e384b7a6d1106d04bb3f7d36e2b253e911cea74dd24f2e92c9c9062fba7bbbae1feaec92bc20863ebe39d55cf04b11d54a6b59801965d860563de18dddf,07/15/2025 04:49:00 PM,2,DRIVER,,2009173,,NISSAN,ROGUE,IL,2016,UNKNOWN,PASSENGER,PERSONAL,W,STRAIGHT AHEAD,Y,,1,,PRIVATE,RESIDENCE,,Y,Y,,,,,Y,,,,Y,Y,,REAR-LEFT-CORNER,,,,,,,,,,,,,,,,,,,,,,,,,,,,,,,,,
2121368,485f3a12dfe35af08aaac133555b4b7658cb43c2657713b9cad4b551732756a5db51f067fdcfeaee1f47266af1edba512368756727fbd2d92b1e49acd9b81e40,07/15/2025 04:46:00 PM,1,DRIVER,,2022309,,JEEP,PATRIOT,IL,2017,NONE,PASSENGER,PERSONAL,W,STRAIGHT AHEAD,,,1,,,,Y,,,,,,,,,,,,,,FRONT,,,,,,,,,,,,,,,,,,,,,,,,,,,,,,,,,
2121369,485f3a12dfe35af08aaac133555b4b7658cb43c2657713b9cad4b551732756a5db51f067fdcfeaee1f47266af1edba512368756727fbd2d92b1e49acd9b81e40,07/15/2025 04:46:00 PM,2,DRIVER,5,2022310,,TOYOTA,SIENNA,IL,2021,UNKNOWN,VAN/MINI-VAN,RIDESHARE SERVICE,W,STRAIGHT AHEAD,Y,,6,,OWNER,UNKNOW,,,,,,,Y,,,,,,,,REAR,,,,,,,,,,,,,,,,,,,,,,,,,,,,,,,,,
2108667,94988380a0cebfc3628fc5fc3253458f53d1d085342087be7f632c37e25d93628a6fdaa80df248f015558f3692ac3a1cfbcddd1c7f5b33962e64f3a6cd0eb229,07/15/2025 04:45:00 PM,1,DRIVER,,2010226,,CADILLAC,SRX,IL,2005,UNKNOWN,PASSENGER,UNKNOWN/NA,N,TURNING LEFT,,,1,,,,,,,,,,,,,,,,Y,Y,FRONT,,,,,,,,,,,,,,,,,,,,,,,,,,,,,,,,,
2108668,94988380a0cebfc3628fc5fc3253458f53d1d085342087be7f632c37e25d93628a6fdaa80df248f015558f3692ac3a1cfbcddd1c7f5b33962e64f3a6cd0eb229,07/15/2025 04:45:00 PM,2,DRIVER,,2010227,,DODGE,CALIBER,IL,2010,UNKNOWN,PASSENGER,UNKNOWN/NA,N,STRAIGHT AHEAD,,,1,,,,,,,,,,,Y,,,,,,,SIDE-LEFT-REAR,,,,,,,,,,,,,,,,,,,,,,,,,,,,,,,,,
2107393,ed2d9cda9b6c91cfb560f0994eee16bda0dd1057ade48c2eddc2c00cc696bcf56137b2bc7e31ccbd3faf4569ebc4c914c6ec585b277c1aee98e227a37cf08f4c,07/15/2025 04:40:00 PM,1,DRIVER,,2009052,,CHEVROLET,CRUZE,IL,,UNKNOWN,PASSENGER,UNKNOWN/NA,W,UNKNOWN/NA,,,1,,,,,,,,,,,,,,,Y,,,UNKNOWN,,,,,,,,,,,,,,,,,,,,,,,,,,,,,,,,,
2107394,ed2d9cda9b6c91cfb560f0994eee16bda0dd1057ade48c2eddc2c00cc696bcf56137b2bc7e31ccbd3faf4569ebc4c914c6ec585b277c1aee98e227a37cf08f4c,07/15/2025 04:40:00 PM,2,DRIVER,2,2009037,,TOYOTA,RAV4,IL,2013,NONE,PASSENGER,PERSONAL,W,STRAIGHT AHEAD,,,3,,,,,,,,,Y,Y,Y,,,,,,,REAR,,,,,,,,,,,,,,,,,,,,,,,,,,,,,,,,,
2107445,c3badb625c6d3b009f6551b8fce069d20638215e10656efe16851a776b5f204fe5f226600b4d44c2edbf154f0fe079db577729a16ffc03e2484420909fdb3bcf,07/15/2025 04:37:00 PM,1,DRIVER,,2009076,,UNKNOWN,MOTORIZED,IL,,NONE,PICKUP,UNKNOWN/NA,W,PASSING/OVERTAKING,,,1,,,,,,Y,,,,,,,,,,,Y,SIDE-RIGHT,,,,,,,,,,,,,,,,,,,,,,,,,,,,,,,,,
2107446,c3badb625c6d3b009f6551b8fce069d20638215e10656efe16851a776b5f204fe5f226600b4d44c2edbf154f0fe079db577729a16ffc03e2484420909fdb3bcf,07/15/2025 04:37:00 PM,2,DRIVER,,2009099,,NOVA BUS,OTHER (EXPLAIN IN NARRATIVE),IL,2023,NONE,BUS OVER 15 PASS.,CTA,W,STRAIGHT AHEAD,,,1,,,,,,,,,,,,,,Y,,,Y,SIDE-LEFT,,,,,,,,,,,,,,,,,,,,,,,,,,,,,,,,,
2107430,c7c8e26b021e6b4639f853be964431a1f12fe38bc698759929379498b48de1951e33afa7338eace927c9de670b0114170cf19a6356c37b7c81093c2c0fd74948,07/15/2025 04:37:00 PM,1,DRIVER,,2009060,,UNKNOWN,OTHER (EXPLAIN IN NARRATIVE),IL,,NONE,PASSENGER,PERSONAL,E,PASSING/OVERTAKING,,,1,,,,,Y,Y,,,,,,,,,,Y,,FRONT-RIGHT-CORNER,,,,,,,,,,,,,,,,,,,,,,,,,,,,,,,,,