CRASH_UNIT_ID,CRASH_RECORD_ID,CRASH_DATE,UNIT_NO,UNIT_TYPE,NUM_PASSENGERS,VEHICLE_ID,CMRC_VEH_I,MAKE,MODEL,LIC_PLATE_STATE,VEHICLE_YEAR,VEHICLE_DEFECT,VEHICLE_TYPE,VEHICLE_USE,TRAVEL_DIRECTION,MANEUVER,TOWED_I,FIRE_I,OCCUPANT_CNT,EXCEED_SPEED_LIMIT_I,TOWED_BY,TOWED_TO,AREA_00_I,AREA_01_I,AREA_02_I,AREA_03_I,AREA_04_I,AREA_05_I,AREA_06_I,AREA_07_I,AREA_08_I,AREA_09_I,AREA_10_I,AREA_11_I,AREA_12_I,AREA_99_I,FIRST_CONTACT_POINT,CMV_ID,USDOT_NO,CCMC_NO,ILCC_NO,COMMERCIAL_SRC,GVWR,CARRIER_NAME,CARRIER_STATE,CARRIER_CITY,HAZMAT_PLACARDS_I,HAZMAT_NAME,UN_NO,HAZMAT_PRESENT_I,HAZMAT_REPORT_I,HAZMAT_REPORT_NO,MCS_REPORT_I,MCS_REPORT_NO,HAZMAT_VIO_CAUSE_CRASH_I,MCS_VIO_CAUSE_CRASH_I,IDOT_PERMIT_NO,WIDE_LOAD_I,TRAILER1_WIDTH,TRAILER2_WIDTH,TRAILER1_LENGTH,TRAILER2_LENGTH,TOTAL_VEHICLE_LENGTH,AXLE_CNT,VEHICLE_CONFIG,CARGO_BODY_TYPE,LOAD_TYPE,HAZMAT_OUT_OF_SERVICE_I,MCS_OUT_OF_SERVICE_I,HAZMAT_CLASS
2107431,c7c8e26b021e6b4639f853be964431a1f12fe38bc698759929379498b48de1951e33afa7338eace927c9de670b0114170cf19a6356c37b7c81093c2c0fd74948,07/15/2025 04:37:00 PM,2,DRIVER,3,2009067,,HYUNDAI,ELANTRA,IL,2014,NONE,PASSENGER,PERSONAL,E,STRAIGHT AHEAD,Y,,4,,private,,,Y,Y,,,,,Y,Y,,,,Y,,SIDE-LEFT-REAR,,,,,,,,,,,,,,,,,,,,,,,,,,,,,,,,,
2107432,c7c8e26b021e6b4639f853be964431a1f12fe38bc698759929379498b48de1951e33afa7338eace927c9de670b0114170cf19a6356c37b7c81093c2c0fd74948,07/15/2025 04:37:00 PM,3,PARKED,,2009074,,GENESIS,G80,IL,2023,NONE,PASSENGER,NOT IN USE,E,PARKED,Y,,0,,private,,,,,,,,Y,Y,Y,,,,,,REAR-LEFT-CORNER,,,,,,,,,,,,,,,,,,,,,,,,,,,,,,,,,
2107433,c7c8e26b021e6b4639f853be964431a1f12fe38bc698759929379498b48de1951e33afa7338eace927c9de670b0114170cf19a6356c37b7c81093c2c0fd74948,07/15/2025 04:37:00 PM,4,PARKED,,2009081,,GENERAL MOTORS CORPORATION (GMC),ENVOY,IL,2016,NONE,PASSENGER,NOT IN USE,E,PARKED,,,0,,,,,,,,,,,,Y,Y,Y,,,,SIDE-LEFT,,,,,,,,,,,,,,,,,,,,,,,,,,,,,,,,,
2107434,c7c8e26b021e6b4639f853be964431a1f12fe38bc698759929379498b48de1951e33afa7338eace927c9de670b0114170cf19a6356c37b7c81093c2c0fd74948,07/15/2025 04:37:00 PM,5,PARKED,,2009084,,FIAT,OTHER (EXPLAIN IN NARRATIVE),IL,2019,NONE,PASSENGER,NOT IN USE,E,PARKED,,,0,,,,,,,,,Y,Y,,,,,,,,REAR-RIGHT-CORNER,,,,,,,,,,,,,,,,,,,,,,,,,,,,,,,,,
2112293,09e031a0b5906583b0601d853c8231e2a2c3a8eabd0b2b54bf198440cbda4a35868c88dcece982ebf092174d33462fe731886399776f6050cd520252db7895e1,07/15/2025 04:33:00 PM,1,DRIVER,,2013659,,LEXUS,GX470,IL,2006,UNKNOWN,SPORT UTILITY VEHICLE (SUV),PERSONAL,E,STRAIGHT AHEAD,,,1,,,,,,,,,,,,,,,,,Y,FRONT,,,,,,,,,,,,,,,,,,,,,,,,,,,,,,,,,
2112294,09e031a0b5906583b0601d853c8231e2a2c3a8eabd0b2b54bf198440cbda4a35868c88dcece982ebf092174d33462fe731886399776f6050cd520252db7895e1,07/15/2025 04:33:00 PM,2,BICYCLE,,,,,,,,,,,,,,,,,,,,,,,,,,,,,,,,,,,,,,,,,,,,,,,,,,,,,,,,,,,,,,,,,,
2107414,2439bfb24db3c4ab2d4ecfd6cb4b6c21baed57f3c8e0e10005d3c3d0b03511db89c1b822eaae62a60f96caf54d8441fac1fb14c7d8dfa57763f8437927025338,07/15/2025 04:30:00 PM,1,DRIVER,,2009049,,UNKNOWN,OTHER (EXPLAIN IN NARRATIVE),,,UNKNOWN,UNKNOWN/NA,UNKNOWN/NA,UNKNOWN,UNKNOWN/NA,,,1,,,,,,,,,,,,,,,,,,UNKNOWN,,,,,,,,,,,,,,,,,,,,,,,,,,,,,,,,,
2107415,2439bfb24db3c4ab2d4ecfd6cb4b6c21baed57f3c8e0e10005d3c3d0b03511db89c1b822eaae62a60f96caf54d8441fac1fb14c7d8dfa57763f8437927025338,07/15/2025 04:30:00 PM,2,DRIVERLESS,,2009072,,ACURA,ILX,IL,2025,NONE,PASSENGER,PERSONAL,W,PARKED,,,0,,,,,Y,,,,,,,,,,,,,SIDE-RIGHT-FRONT,,,,,,,,,,,,,,,,,,,,,,,,,,,,,,,,,
2107536,4a6b5b5c42027be123a9c84aa05f4ac92c9db1e97f0566be82f2c4052f9294274c299a61a678a2e62d34c5c8d726e67d1ba9c69bd8b47b9a3a4296451726236a,07/15/2025 04:30:00 PM,1,DRIVER,,2009169,,JEEP,JEEP,IL,2017,UNKNOWN,PASSENGER,UNKNOWN/NA,N,MERGING,,,1,,,,,,,,,,,,,,,Y,,,FRONT-LEFT-CORNER,,,,,,,,,,,,,,,,,,,,,,,,,,,,,,,,,
2107537,4a6b5b5c42027be123a9c84aa05f4ac92c9db1e97f0566be82f2c4052f9294274c299a61a678a2e62d34c5c8d726e67d1ba9c69bd8b47b9a3a4296451726236a,07/15/2025 04:30:00 PM,2,DRIVER,,2009198,,AUDI,A5,OK,2025,UNKNOWN,PASSENGER,UNKNOWN/NA,N,STRAIGHT AHEAD,,,1,,,,,,Y,Y,Y,Y,,,,,,,,,SIDE-RIGHT,,,,,,,,,,,,,,,,,,,,,,,,,,,,,,,,,
2107441,fa7b43e8747a947c3923b6c245017f8e7e527ed70a78b8466ebe5458e8f2e034ec3d9c2f753e140da70f1c46ececa555c67cc904393467332b25b34e1a67cdce,07/15/2025 04:30:00 PM,1,DRIVER,,2009083,,NISSAN,ALTIMA,IL,2021,UNKNOWN,PASSENGER,UNKNOWN/NA,S,STRAIGHT AHEAD,,,1,,,,,,,,,,,,,,,,,Y,UNKNOWN,,,,,,,,,,,,,,,,,,,,,,,,,,,,,,,,,
2107442,fa7b43e8747a947c3923b6c245017f8e7e527ed70a78b8466ebe5458e8f2e034ec3d9c2f753e140da70f1c46ececa555c67cc904393467332b25b34e1a67cdce,07/15/2025 04:30:00 PM,2,DRIVER,,2009093,,CHEVROLET,CRUZE,IL,2017,UNKNOWN,PASSENGER,UNKNOWN/NA,S,STRAIGHT AHEAD,,,1,,,,,,,,,,,,Y,Y,Y,Y,,Y,UNKNOWN,,,,,,,,,,,,,,,,,,,,,,,,,,,,,,,,,
2107507,fc90446730466b4a901efc7fc60410d0632048099c50213f77c3d287f1b434bade8f2f335235b002090c8e73d07c1614ebde90646a78662130b5cc4653318a71,07/15/2025 04:21:00 PM,1,DRIVER,,2009136,,NISSAN,SENTRA,IL,2017,NONE,PASSENGER,PERSONAL,W,STRAIGHT AHEAD,,,1,,,,,Y,,,,,,,,,,Y,Y,,FRONT,,,,,,,,,,,,,,,,,,,,,,,,,,,,,,,,,
2107508,fc90446730466b4a901efc7fc60410d0632048099c50213f77c3d287f1b434bade8f2f335235b002090c8e73d07c1614ebde90646a78662130b5cc4653318a71,07/15/2025 04:21:00 PM,2,DRIVER,,2009152,,BUICK,ENCORE,IL,2017,NONE,SPORT UTILITY VEHICLE (SUV),PERSONAL,W,SLOW/STOP IN TRAFFIC,,,1,,,,,Y,,,,Y,Y,Y,,,,Y,Y,,REAR,,,,,,,,,,,,,,,,,,,,,,,,,,,,,,,,,
2107509,fc90446730466b4a901efc7fc60410d0632048099c50213f77c3d287f1b434bade8f2f335235b002090c8e73d07c1614ebde90646a78662130b5cc4653318a71,07/15/2025 04:21:00 PM,3,DRIVER,,2009163,,LAND ROVER,RANGE ROVER (EVOQUE / SPORT / VELAR),IL,2012,NONE,SPORT UTILITY VEHICLE (SUV),PERSONAL,W,SLOW/STOP IN TRAFFIC,,,1,,,,,,,,,Y,Y,Y,,,,,,,REAR,,,,,,,,,,,,,,,,,,,,,,,,,,,,,,,,,
2107498,fbfb4b5a5d4697a98205c6f715aa2a7ab3cfae880fd79ae2af108b3e8b895a20c1e2ec12075a08e9243c64159a33d5a4b4c1b9239fc6975aba2d99d46e245f25,07/15/2025 04:20:00 PM,1,BICYCLE,,,,,,,,,,,,,,,,,,,,,,,,,,,,,,,,,,,,,,,,,,,,,,,,,,,,,,,,,,,,,,,,,,
2107512,fbfb4b5a5d4697a98205c6f715aa2a7ab3cfae880fd79ae2af108b3e8b895a20c1e2ec12075a08e9243c64159a33d5a4b4c1b9239fc6975aba2d99d46e245f25,07/15/2025 04:20:00 PM,2,DRIVER,,2009135,,NISSAN,ROGUE,IL,2018,UNKNOWN,UNKNOWN/NA,UNKNOWN/NA,UNKNOWN,UNKNOWN/NA,,,1,,,,,,Y,Y,,,,,,,,,,,SIDE-RIGHT,,,,,,,,,,,,,,,,,,,,,,,,,,,,,,,,,
2107398,e75125d9b5d46429947d50edd7cf08b72101e2c070bd6a5b0d04b4b2351f3f3b5427664d719859de81c9b96589d94535451ca2c134b80a4efabe02e1ec150812,07/15/2025 04:16:00 PM,1,DRIVER,1,2009035,,FORD,FOCUS,IL,2014,NONE,PASSENGER,PERSONAL,S,STRAIGHT AHEAD,,,2,,,,,N,,,,,,,,,,Y,Y,,FRONT,,,,,,,,,,,,,,,,,,,,,,,,,,,,,,,,,
2107399,e75125d9b5d46429947d50edd7cf08b72101e2c070bd6a5b0d04b4b2351f3f3b5427664d719859de81c9b96589d94535451ca2c134b80a4efabe02e1ec150812,07/15/2025 04:16:00 PM,2,DRIVER,,2009043,,HONDA,CIVIC,IL,2021,NONE,PASSENGER,PERSONAL,W,STRAIGHT AHEAD,,,1,,,,,,Y,Y,Y,,,,,,,,,,SIDE-RIGHT,,,,,,,,,,,,,,,,,,,,,,,,,,,,,,,,,
2107428,7de2e72e62f54f8541dbafaf24896f6937470a2e3f9571d8d0fbd1500af58ffeef6320bc99f8bdc10ee91ce8220fbb890f318c975ebf3a05de6429405b8489b8,07/15/2025 04:15:00 PM,1,DRIVER,,2009059,,TOYOTA,TACOMA,IL,2022,UNKNOWN,PICKUP,PERSONAL,NE,TURNING LEFT,,,1,,,,Y,,,,,,,,,,,,,Y,REAR-LEFT-CORNER,,,,,,,,,,,,,,,,,,,,,,,,,,,,,,,,,
2107429,7de2e72e62f54f8541dbafaf24896f6937470a2e3f9571d8d0fbd1500af58ffeef6320bc99f8bdc10ee91ce8220fbb890f318c975ebf3a05de6429405b8489b8,07/15/2025 04:15:00 PM,2,DRIVER,,2009069,,MERCEDES-BENZ,OTHER (EXPLAIN IN NARRATIVE),IL,2012,NONE,PASSENGER,PERSONAL,SW,SLOW/STOP IN TRAFFIC,,,1,,,,,,,,,,,,,,,Y,Y,,FRONT-LEFT-CORNER,,,,,,,,,,,,,,,,,,,,,,,,,,,,,,,,,
2107488,c4c669c2acaac4ca790435efc31513c918cc202d43e28e053281b9513a244a07f341b5000b940792e3f29a54822520325adfe2b1d9a9c89da4942bb66ac1e8de,07/15/2025 04:15:00 PM,1,DRIVER,,2009122,,UNKNOWN,OTHER (EXPLAIN IN NARRATIVE),IL,,UNKNOWN,UNKNOWN/NA,UNKNOWN/NA,N,STRAIGHT AHEAD,,,1,,,,,,,,,,,,,,,,,Y,UNKNOWN,,,,,,,,,,,,,,,,,,,,,,,,,,,,,,,,,
2107489,c4c669c2acaac4ca790435efc31513c918cc202d43e28e053281b9513a244a07f341b5000b940792e3f29a54822520325adfe2b1d9a9c89da4942bb66ac1e8de,07/15/2025 04:15:00 PM,2,PARKED,,2009144,,MAZDA,CX-5,IL,2021,NONE,PASSENGER,PERSONAL,N,PARKED,,,0,,,,,Y,Y,Y,Y,Y,,,,,,,,,SIDE-RIGHT,,,,,,,,,,,,,,,,,,,,,,,,,,,,,,,,,
2107420,d1cfcd25d073d0a3de42b01113016de48920d8295c841c4f5c0579e15344b1511dcc842d8ffdfe3fed5f9ffe8e5d85a600f1813b2904ff4d45363231dc0ff7e7,07/15/2025 04:13:00 PM,1,DRIVER,1,2009058,,KIA,SPORTAGE,FL,2024,UNKNOWN,PASSENGER,PERSONAL,N,STRAIGHT AHEAD,Y,,2,,private tow,unk,,,,,,,,,,Y,Y,Y,Y,,FRONT-LEFT-CORNER,,,,,,,,,,,,,,,,,,,,,,,,,,,,,,,,,
2107421,d1cfcd25d073d0a3de42b01113016de48920d8295c841c4f5c0579e15344b1511dcc842d8ffdfe3fed5f9ffe8e5d85a600f1813b2904ff4d45363231dc0ff7e7,07/15/2025 04:13:00 PM,2,DRIVER,2,2009073,,HONDA,PILOT,IL,2013,UNKNOWN,PASSENGER,PERSONAL,E,STRAIGHT AHEAD,,,3,,,,,Y,Y,,,,,,,,,,Y,,FRONT-RIGHT-CORNER,,,,,,,,,,,,,,,,,,,,,,,,,,,,,,,,,
2107410,c4778d558c02eef2d9141484e523f080b292981fbe78b394dad167559c1c401bb32d5e2258f5bf4f47d5050c31008660489954689221bf19f478db837375c20b,07/15/2025 04:11:00 PM,1,DRIVER,,2009055,,BUICK,ENCORE,IL,2013,UNKNOWN,PASSENGER,PERSONAL,S,OTHER,Y,Y,1,,STREETS AND SANITATION,103 S DOTY AVE,,Y,Y,Y,Y,Y,Y,Y,Y,Y,Y,Y,Y,,FRONT,,,,,,,,,,,,,,,,,,,,,,,,,,,,,,,,,
2107411,c4778d558c02eef2d9141484e523f080b292981fbe78b394dad167559c1c401bb32d5e2258f5bf4f47d5050c31008660489954689221bf19f478db837375c20b,07/15/2025 04:11:00 PM,2,DRIVER,3,2009068,,DODGE,DURANGO,IL,2019,NONE,PASSENGER,PERSONAL,S,OTHER,,,4,,,,,,,Y,Y,Y,Y,,,,,,,,REAR-RIGHT-CORNER,,,,,,,,,,,,,,,,,,,,,,,,,,,,,,,,,
2107412,c4778d558c02eef2d9141484e523f080b292981fbe78b394dad167559c1c401bb32d5e2258f5bf4f47d5050c31008660489954689221bf19f478db837375c20b,07/15/2025 04:11:00 PM,3,PARKED,,2009082,,LEXUS,GX460,IL,2019,UNKNOWN,PASSENGER,PERSONAL,UNKNOWN,DRIVERLESS,,,0,,,,,,,,,Y,Y,Y,,,,,,,REAR,,,,,,,,,,,,,,,,,,,,,,,,,,,,,,,,,
2107413,c4778d558c02eef2d9141484e523f080b292981fbe78b394dad167559c1c401bb32d5e2258f5bf4f47d5050c31008660489954689221bf19f478db837375c20b,07/15/2025 04:11:00 PM,4,PARKED,,2009097,,NISSAN,ROGUE,IL,2018,UNKNOWN,PASSENGER,PERSONAL,UNKNOWN,DRIVERLESS,,Y,0,,,,,,,,,Y,Y,Y,Y,Y,,,,,REAR-LEFT-CORNER,,,,,,,,,,,,,,,,,,,,,,,,,,,,,,,,,
2107385,e8f879bf680a9a9657e31f04d984d5cf8c5e956abc8c45f973ed1981bd09c037be6502436e1cf81262f2047a4c85c5f3288215f52302d1e97fdc658fa1195b26,07/15/2025 04:06:00 PM,1,DRIVER,,2009033,,CHEVROLET,AVEO,IL,2014,UNKNOWN,PASSENGER,PERSONAL,W,STRAIGHT AHEAD,,,1,,,,,Y,Y,,,,,,,,,,,,FRONT-RIGHT-CORNER,,,,,,,,,,,,,,,,,,,,,,,,,,,,,,,,,
2107386,e8f879bf680a9a9657e31f04d984d5cf8c5e956abc8c45f973ed1981bd09c037be6502436e1cf81262f2047a4c85c5f3288215f52302d1e97fdc658fa1195b26,07/15/2025 04:06:00 PM,2,DRIVER,,2009048,,JEEP,COMPASS,IL,2018,UNKNOWN,PASSENGER,PERSONAL,W,STRAIGHT AHEAD,,,1,,,,Y,,,,,,,,,,,,,,NONE,,,,,,,,,,,,,,,,,,,,,,,,,,,,,,,,,
2107778,f9ad59688ca780d6338e344754fa81972611c8721d7da9651011aff56f40bebc29f3eaa266bcdac8b2ec52ec05ce1d251ef9115504d10a7fa9c4d7a554c444b0,07/15/2025 04:06:00 PM,1,DRIVER,1,2009420,,KIA,OPTIMA / K5,IL,2014,UNKNOWN,PASSENGER,PERSONAL,S,STRAIGHT AHEAD,,,2,,,,,,,,,,,,,,Y,Y,,,SIDE-LEFT-FRONT,,,,,,,,,,,,,,,,,,,,,,,,,,,,,,,,,
2107779,f9ad59688ca780d6338e344754fa81972611c8721d7da9651011aff56f40bebc29f3eaa266bcdac8b2ec52ec05ce1d251ef9115504d10a7fa9c4d7a554c444b0,07/15/2025 04:06:00 PM,2,DRIVER,1,2009424,,DODGE,OTHER (EXPLAIN IN NARRATIVE),IL,2017,UNKNOWN,UNKNOWN/NA,PERSONAL,N,STRAIGHT AHEAD,,,2,,,,,,,,,,,Y,Y,Y,,,,,SIDE-LEFT-FRONT,,,,,,,,,,,,,,,,,,,,,,,,,,,,,,,,,
2107380,7be8948ce90d8b74512c6e9d19e0758b87779db8b5c26c0d40cbf8351208e247b955efe5d7796b5551fe115c50b1157cb78968086381800b8138ec697449ff4a,07/15/2025 04:05:00 PM,1,DRIVER,,2009022,,GENERAL MOTORS CORPORATION (GMC),ACADIA,IL,2025,NONE,SPORT UTILITY VEHICLE (SUV),PERSONAL,NE,STRAIGHT AHEAD,,,1,,,,,Y,,,,,,,,,,Y,Y,,FRONT,,,,,,,,,,,,,,,,,,,,,,,,,,,,,,,,,
2107381,7be8948ce90d8b74512c6e9d19e0758b87779db8b5c26c0d40cbf8351208e247b955efe5d7796b5551fe115c50b1157cb78968086381800b8138ec697449ff4a,07/15/2025 04:05:00 PM,2,DRIVER,,2009025,,FORD,EXPLORER,IL,2003,NONE,PICKUP,PERSONAL,E,STRAIGHT AHEAD,Y,,1,,,,,Y,Y,,,,,,,,,,,,FRONT-RIGHT-CORNER,,,,,,,,,,,,,,,,,,,,,,,,,,,,,,,,,
2107391,9b6bcf68c278d6c6a4eb49fd5457f5a1935fca07ca16285fc6c44536dd21e40b462a6d092b44de4a297f1dc4a6f4debdfc2e08dbe8a3b7ee3284fbca55d9378d,07/15/2025 04:03:00 PM,1,DRIVER,,2009034,,GENERAL MOTORS CORPORATION (GMC),SIERRA,IL,,UNKNOWN,UNKNOWN/NA,UNKNOWN/NA,E,STRAIGHT AHEAD,,,1,,,,,N,N,N,N,,,,,,,,,Y,UNKNOWN,,,,,,,,,,,,,,,,,,,,,,,,,,,,,,,,,
2107392,9b6bcf68c278d6c6a4eb49fd5457f5a1935fca07ca16285fc6c44536dd21e40b462a6d092b44de4a297f1dc4a6f4debdfc2e08dbe8a3b7ee3284fbca55d9378d,07/15/2025 04:03:00 PM,2,DRIVER,,2009089,,HONDA,CR-V,IL,,UNKNOWN,UNKNOWN/NA,UNKNOWN/NA,E,STRAIGHT AHEAD,,,1,,,,,Y,Y,Y,Y,Y,,,,,,,,,SIDE-RIGHT,,,,,,,,,,,,,,,,,,,,,,,,,,,,,,,,,
2108571,3f3b39e160217da97b83fe084c9f947b219c6d10ebbe3a4de444f951d094cf99ba84b2853ccac7433c2cc9c222dba0191e7893c04c5ed06e994a0dbfa579750d,07/15/2025 04:00:00 PM,1,DRIVER,,2010132,,VOLKSWAGEN,TIGUAN,IL,2020,NONE,PASSENGER,PERSONAL,N,LEAVING TRAFFIC LANE TO PARK,,,1,,,,,,Y,Y,Y,,,,,,,,,,SIDE-RIGHT,,,,,,,,,,,,,,,,,,,,,,,,,,,,,,,,,
2108572,3f3b39e160217da97b83fe084c9f947b219c6d10ebbe3a4de444f951d094cf99ba84b2853ccac7433c2cc9c222dba0191e7893c04c5ed06e994a0dbfa579750d,07/15/2025 04:00:00 PM,2,PARKED,,2010138,,CHEVROLET,EQUINOX,IL,2018,NONE,PASSENGER,NOT IN USE,N,PARKED,,,0,,,,,,,,,,,,,,,Y,,,FRONT-LEFT-CORNER,,,,,,,,,,,,,,,,,,,,,,,,,,,,,,,,,
2107418,3712b510a39c8cfb13bd9a2bdcc98e418d04aa679fbd6ef08a18957dc9954756fcb92a7c4dd96e5f29f3278e5949012604c4f0cfd542641a393ddaa886ca6e96,07/15/2025 03:58:00 PM,1,DRIVER,,2009057,,TOYOTA,RAV4,IL,2016,UNKNOWN,PASSENGER,UNKNOWN/NA,S,STRAIGHT AHEAD,,,1,,,,Y,,,Y,,,,,,Y,Y,Y,,,SIDE-LEFT,,,,,,,,,,,,,,,,,,,,,,,,,,,,,,,,,
2107419,3712b510a39c8cfb13bd9a2bdcc98e418d04aa679fbd6ef08a18957dc9954756fcb92a7c4dd96e5f29f3278e5949012604c4f0cfd542641a393ddaa886ca6e96,07/15/2025 03:58:00 PM,2,DRIVER,,2009070,,FORD,VAN,IL,2012,UNKNOWN,VAN/MINI-VAN,UNKNOWN/NA,W,TURNING LEFT,,,1,,,,Y,Y,,,,,,,,,,,,,FRONT-RIGHT-CORNER,,,,,,,,,,,,,,,,,,,,,,,,,,,,,,,,,
2107919,3712b510a39c8cfb13bd9a2bdcc98e418d04aa679fbd6ef08a18957dc9954756fcb92a7c4dd96e5f29f3278e5949012604c4f0cfd542641a393ddaa886ca6e96,07/15/2025 03:58:00 PM,3,PARKED,,2009532,,UNKNOWN,MOTORIZED,IL,,UNKNOWN,UNKNOWN/NA,UNKNOWN/NA,S,PARKED,,,0,,,,,,,,,,,,,,,,,Y,UNKNOWN,,,,,,,,,,,,,,,,,,,,,,,,,,,,,,,,,
2108258,6445981d4bf89082005dd6204b9e45bbdbae83d0c403e2307ebfbb15212b2cf4e9eb3b269d2f8f7115d80086e0b8310ebd6f774b951945b3e930efeec8f54854,07/15/2025 03:48:00 PM,1,PARKED,,2009842,,HONDA,HR-V,IL,2022,UNKNOWN,PASSENGER,PERSONAL,N,PARKED,,,0,,,,,,,,,,,,,,Y,,,,SIDE-LEFT,,,,,,,,,,,,,,,,,,,,,,,,,,,,,,,,,
2108259,6445981d4bf89082005dd6204b9e45bbdbae83d0c403e2307ebfbb15212b2cf4e9eb3b269d2f8f7115d80086e0b8310ebd6f774b951945b3e930efeec8f54854,07/15/2025 03:48:00 PM,2,DRIVER,,2009843,Y,UNKNOWN,MOTORIZED,IL,2015,UNKNOWN,BUS OVER 15 PASS.,OTHER,S,STRAIGHT AHEAD,,,1,,,,,,,Y,Y,,,,,,,,,,SIDE-RIGHT,"21,830",,,,,3,PACE SUBURBAN BUS DIVISION,IL,ARLINGTON HEIGHTS,,,,,,,,,,,,,,,,,26,,BUS,BUS,OTHER,,,
2108199,f0f74a14e7541109aad9960cc9921aa297a00c33ba078e859bea0006d00658c501c673d170a0e2afc43c46bd2cc86103e7b4d61f7237f25a0e9a21b7ace3b152,07/15/2025 03:46:00 PM,1,DRIVER,,2009778,,LINCOLN,NAVIGATOR,IL,2023,NONE,PASSENGER,PERSONAL,S,BACKING,,,1,,,,,,,,,Y,Y,Y,,,,,,,REAR,,,,,,,,,,,,,,,,,,,,,,,,,,,,,,,,,
2107400,533b111241e4cf88c28cadab45dc617a1b7457acf213fa7a88ecd37e7cbb4bc4229d94a0ca38a712e75e352983bd2173eff561d9fb30271e5203d514e3942697,07/15/2025 03:45:00 PM,1,DRIVER,,2009040,,CHEVROLET,TRAX,TN,2025,UNKNOWN,PASSENGER,PERSONAL,S,UNKNOWN/NA,,,1,,,,,,,,,,,,,,,,Y,,FRONT,,,,,,,,,,,,,,,,,,,,,,,,,,,,,,,,,
2107401,533b111241e4cf88c28cadab45dc617a1b7457acf213fa7a88ecd37e7cbb4bc4229d94a0ca38a712e75e352983bd2173eff561d9fb30271e5203d514e3942697,07/15/2025 03:45:00 PM,2,PARKED,,2009053,,CHEVROLET,CAMARO,IL,,UNKNOWN,PASSENGER,NOT IN USE,S,PARKED,,,0,,,,,,,,,,Y,Y,,,,,,,REAR,,,,,,,,,,,,,,,,,,,,,,,,,,,,,,,,,
2108128,ddeb8cd4aba579985fcaa480775b4cd1515af52f8a280cda99046ad4d4f8fe3bfc8d77c775e5ce7ee46997b9921d6ee73597f6b250e86fe07f334e2750c790c2,07/15/2025 03:45:00 PM,1,DRIVER,,2009714,,FORD,F150,IL,2014,UNKNOWN,PICKUP,UNKNOWN/NA,S,CHANGING LANES,,,1,,,,,,,,,,,,,,,,,Y,UNKNOWN,,,,,,,,,,,,,,,,,,,,,,,,,,,,,,,,,
2108129,ddeb8cd4aba579985fcaa480775b4cd1515af52f8a280cda99046ad4d4f8fe3bfc8d77c775e5ce7ee46997b9921d6ee73597f6b250e86fe07f334e2750c790c2,07/15/2025 03:45:00 PM,2,DRIVER,,2009721,,CHEVROLET,EQUINOX,IL,2021,UNKNOWN,SPORT UTILITY VEHICLE (SUV),UNKNOWN/NA,S,STRAIGHT AHEAD,,,1,,,,,,,,,,Y,Y,Y,,,,,,REAR-LEFT-CORNER,,,,,,,,,,,,,,,,,,,,,,,,,,,,,,,,,
2107354,a74f4aea7ea4f481720149d26e7e19c4a4f92a42e191fd519172c41152bed110cfbb2d5828d75e41aff335f7f049ca495c69476d216a49bca5eea04ea6e92c7d,07/15/2025 03:40:00 PM,1,DRIVER,,2009000,,HONDA,CR-V,IL,2014,NONE,PASSENGER,PERSONAL,E,CHANGING LANES,,,1,,,,,,,,,,Y,,,,,,,,REAR,,,,,,,,,,,,,,,,,,,,,,,,,,,,,,,,,
2107355,a74f4aea7ea4f481720149d26e7e19c4a4f92a42e191fd519172c41152bed110cfbb2d5828d75e41aff335f7f049ca495c69476d216a49bca5eea04ea6e92c7d,07/15/2025 03:40:00 PM,2,DRIVER,3,2009004,,MERCEDES-BENZ,OTHER (EXPLAIN IN NARRATIVE),IL,2012,NONE,PASSENGER,PERSONAL,E,STRAIGHT AHEAD,,,4,,,,,,,,,,,,,,,Y,,,FRONT-LEFT-CORNER,,,,,,,,,,,,,,,,,,,,,,,,,,,,,,,,,
2107358,b930448d98da0f8aced8aaa7683749ae2ff0dab258078f7e1864fba0ca85131db2f69fc54bfd7662176e39fc8f9bf3d04921509cb06ed37d7649627c7ccd9c04,07/15/2025 03:35:00 PM,1,DRIVER,3,2008998,,LINCOLN,AVIATOR,IL,2003,NONE,SPORT UTILITY VEHICLE (SUV),PERSONAL,E,TURNING LEFT,,,4,,,,,,,,,,,,,,,,Y,,FRONT,,,,,,,,,,,,,,,,,,,,,,,,,,,,,,,,,
2107359,b930448d98da0f8aced8aaa7683749ae2ff0dab258078f7e1864fba0ca85131db2f69fc54bfd7662176e39fc8f9bf3d04921509cb06ed37d7649627c7ccd9c04,07/15/2025 03:35:00 PM,2,DRIVER,,2009007,,INFINITI,G37,IL,2012,NONE,PASSENGER,PERSONAL,W,STRAIGHT AHEAD,,,1,,,,,,,,,,,Y,Y,Y,Y,Y,,,SIDE-LEFT,,,,,,,,,,,,,,,,,,,,,,,,,,,,,,,,,
2107373,43cb64c4484e2d9bba748861fac60822ef5bc7e4848ce6813b451f5b4730c8150d01224196fc8aa1385c514149dc9afa7d29276f562c048715b58cb86c4660d6,07/15/2025 03:34:00 PM,1,DRIVER,1,2009016,,JEEP,COMPASS,IL,2020,UNKNOWN,PASSENGER,UNKNOWN/NA,W,STRAIGHT AHEAD,,,2,,,,,Y,,,,,,,,,,Y,Y,,FRONT,,,,,,,,,,,,,,,,,,,,,,,,,,,,,,,,,