CRASH_UNIT_ID,CRASH_RECORD_ID,CRASH_DATE,UNIT_NO,UNIT_TYPE,NUM_PASSENGERS,VEHICLE_ID,CMRC_VEH_I,MAKE,MODEL,LIC_PLATE_STATE,VEHICLE_YEAR,VEHICLE_DEFECT,VEHICLE_TYPE,VEHICLE_USE,TRAVEL_DIRECTION,MANEUVER,TOWED_I,FIRE_I,OCCUPANT_CNT,EXCEED_SPEED_LIMIT_I,TOWED_BY,TOWED_TO,AREA_00_I,AREA_01_I,AREA_02_I,AREA_03_I,AREA_04_I,AREA_05_I,AREA_06_I,AREA_07_I,AREA_08_I,AREA_09_I,AREA_10_I,AREA_11_I,AREA_12_I,AREA_99_I,FIRST_CONTACT_POINT,CMV_ID,USDOT_NO,CCMC_NO,ILCC_NO,COMMERCIAL_SRC,GVWR,CARRIER_NAME,CARRIER_STATE,CARRIER_CITY,HAZMAT_PLACARDS_I,HAZMAT_NAME,UN_NO,HAZMAT_PRESENT_I,HAZMAT_REPORT_I,HAZMAT_REPORT_NO,MCS_REPORT_I,MCS_REPORT_NO,HAZMAT_VIO_CAUSE_CRASH_I,MCS_VIO_CAUSE_CRASH_I,IDOT_PERMIT_NO,WIDE_LOAD_I,TRAILER1_WIDTH,TRAILER2_WIDTH,TRAILER1_LENGTH,TRAILER2_LENGTH,TOTAL_VEHICLE_LENGTH,AXLE_CNT,VEHICLE_CONFIG,CARGO_BODY_TYPE,LOAD_TYPE,HAZMAT_OUT_OF_SERVICE_I,MCS_OUT_OF_SERVICE_I,HAZMAT_CLASS
2107374,43cb64c4484e2d9bba748861fac60822ef5bc7e4848ce6813b451f5b4730c8150d01224196fc8aa1385c514149dc9afa7d29276f562c048715b58cb86c4660d6,07/15/2025 03:34:00 PM,2,DRIVER,,2009019,,GENERAL MOTORS CORPORATION (GMC),YUKON,IL,2012,UNKNOWN,PASSENGER,PERSONAL,N,STRAIGHT AHEAD,,,1,,,,,,Y,Y,Y,,,,,,,,,,FRONT-RIGHT-CORNER,,,,,,,,,,,,,,,,,,,,,,,,,,,,,,,,,
2107360,dacc7064a05792b4fe551dba27f18c3c58e8f2e5b34adfa9e3b5c42cea62403253d26eecd96dfe521a100cabf433e0b1e08dd79ef6f3c6d852e095c14a7d0529,07/15/2025 03:32:00 PM,1,DRIVER,1,2009001,,JEEP,WRANGLER,IL,2011,UNKNOWN,PASSENGER,UNKNOWN/NA,S,PASSING/OVERTAKING,,,2,,,,,,,,,,,,,,,,,Y,UNKNOWN,,,,,,,,,,,,,,,,,,,,,,,,,,,,,,,,,
2107361,dacc7064a05792b4fe551dba27f18c3c58e8f2e5b34adfa9e3b5c42cea62403253d26eecd96dfe521a100cabf433e0b1e08dd79ef6f3c6d852e095c14a7d0529,07/15/2025 03:32:00 PM,2,DRIVER,,2009009,,DODGE,RAM PROMASTER,IL,,NONE,VAN/MINI-VAN,OTHER,S,OTHER,,,1,,,,,,,,,,,,,,Y,,,,OTHER,,,,,,,,,,,,,,,,,,,,,,,,,,,,,,,,,
2107395,2f279b963f6bce897892050f5a123e1fea32b5fd78e8b1367c2917fb69ca433618d32e9e4c3f1e78ec368c7aee0df9c2ce0837231de90c274bcea756f0d77e31,07/15/2025 03:30:00 PM,1,DRIVER,1,2009050,,CADILLAC,ESCALADE,IL,2011,UNKNOWN,SPORT UTILITY VEHICLE (SUV),PERSONAL,N,TURNING RIGHT,,,2,,,,,Y,,,,,,,,,,Y,Y,,FRONT,,,,,,,,,,,,,,,,,,,,,,,,,,,,,,,,,
2107438,2f279b963f6bce897892050f5a123e1fea32b5fd78e8b1367c2917fb69ca433618d32e9e4c3f1e78ec368c7aee0df9c2ce0837231de90c274bcea756f0d77e31,07/15/2025 03:30:00 PM,2,BICYCLE,,,,,,,,,,,,,,,,,,,,,,,,,,,,,,,,,,,,,,,,,,,,,,,,,,,,,,,,,,,,,,,,,,
2107356,64908ecad18f71cdb8d67609e1557f661c45991bb7c04431bef372eb8f9b8bd04183ed51286b379863f06d1a417adfa721528ba063b871c43cadefa00cd1b1ac,07/15/2025 03:30:00 PM,1,DRIVER,,2008999,,HYUNDAI,SONATA,IL,2020,NONE,PASSENGER,PERSONAL,NE,CHANGING LANES,,,1,,,,,,,,,,,,,,,Y,,,FRONT-LEFT-CORNER,,,,,,,,,,,,,,,,,,,,,,,,,,,,,,,,,
2107357,64908ecad18f71cdb8d67609e1557f661c45991bb7c04431bef372eb8f9b8bd04183ed51286b379863f06d1a417adfa721528ba063b871c43cadefa00cd1b1ac,07/15/2025 03:30:00 PM,2,DRIVER,,2009005,,FORD,MUSTANG,IL,2023,NONE,PASSENGER,PERSONAL,E,STRAIGHT AHEAD,,,1,,,,,,,,,Y,,,,,,,,,REAR-RIGHT-CORNER,,,,,,,,,,,,,,,,,,,,,,,,,,,,,,,,,
2107848,853a97bee8356c5ab5c16b7b5b0e3cf3d34c9c3b8990ea7857908a105039ae2f0036a34e589d1c26a131aa2a47c499f1573982f1ac35af1ed226ad45e63215c2,07/15/2025 03:30:00 PM,1,DRIVER,,2009473,,KIA,SELTOS,IL,2023,NONE,PASSENGER,PERSONAL,W,STRAIGHT AHEAD,,,1,,,,,,,,,,,,,,,Y,,,FRONT-LEFT-CORNER,,,,,,,,,,,,,,,,,,,,,,,,,,,,,,,,,
2107849,853a97bee8356c5ab5c16b7b5b0e3cf3d34c9c3b8990ea7857908a105039ae2f0036a34e589d1c26a131aa2a47c499f1573982f1ac35af1ed226ad45e63215c2,07/15/2025 03:30:00 PM,2,DRIVER,,2009477,,CHEVROLET,MALIBU,IL,2009,NONE,PASSENGER,PERSONAL,N,STRAIGHT AHEAD,,,1,,,,,,,,Y,Y,,,,,,,,,REAR-RIGHT-CORNER,,,,,,,,,,,,,,,,,,,,,,,,,,,,,,,,,
2107808,9a99a04e52e9ea1a888b516b8a192670c816f3f68654435b1ff19580ea145b04fcec5d1ac569cd53e4ff6cd3c56282990f33f010a8a6a6278dbed0997f0abb44,07/15/2025 03:30:00 PM,1,DRIVER,,2009435,,HYUNDAI,OTHER (EXPLAIN IN NARRATIVE),IL,2024,UNKNOWN,PASSENGER,UNKNOWN/NA,N,TURNING LEFT,,,1,,,,,Y,,,,,,,,,,,,,FRONT-RIGHT-CORNER,,,,,,,,,,,,,,,,,,,,,,,,,,,,,,,,,
2107809,9a99a04e52e9ea1a888b516b8a192670c816f3f68654435b1ff19580ea145b04fcec5d1ac569cd53e4ff6cd3c56282990f33f010a8a6a6278dbed0997f0abb44,07/15/2025 03:30:00 PM,2,DRIVER,1,2009438,,AUDI,Q3,IL,2022,NONE,PASSENGER,PERSONAL,E,STRAIGHT AHEAD,,,2,,,,,,,,,,Y,Y,,,,,,,REAR-LEFT-CORNER,,,,,,,,,,,,,,,,,,,,,,,,,,,,,,,,,
2107387,b87937e32bb67d33cc08fa3b2ab25a182ff3d5ff4f5b3300e9677c1d147e78dd5623241823875f6a72e2adb8e47664081aa3f65219452a2e02603b2ad7a9a4b3,07/15/2025 03:30:00 PM,1,DRIVER,,2009024,,TOYOTA,PRIUS,,,UNKNOWN,PASSENGER,UNKNOWN/NA,W,CHANGING LANES,,,1,,,,,,,,,,,,,,,,,Y,FRONT-RIGHT-CORNER,,,,,,,,,,,,,,,,,,,,,,,,,,,,,,,,,
2107388,b87937e32bb67d33cc08fa3b2ab25a182ff3d5ff4f5b3300e9677c1d147e78dd5623241823875f6a72e2adb8e47664081aa3f65219452a2e02603b2ad7a9a4b3,07/15/2025 03:30:00 PM,2,DRIVER,,2009042,,HONDA,FIT,IL,2020,UNKNOWN,PASSENGER,PERSONAL,W,STRAIGHT AHEAD,,,1,,,,,,,,,,,,,Y,Y,,,,SIDE-LEFT,,,,,,,,,,,,,,,,,,,,,,,,,,,,,,,,,
2107476,b984f9b7295028e16607f372176c13563a5dbc3f2f3891fcc54f86ab110a83e360c03a931222a1b31e550efaf32d240ba096021200667a0b84bd503a2206cccf,07/15/2025 03:30:00 PM,1,DRIVER,,2009100,,UNKNOWN,OTHER (EXPLAIN IN NARRATIVE),,,UNKNOWN,SPORT UTILITY VEHICLE (SUV),UNKNOWN/NA,W,BACKING,,,1,,,,,,,,,,Y,,,,,,,,REAR,,,,,,,,,,,,,,,,,,,,,,,,,,,,,,,,,
2107477,b984f9b7295028e16607f372176c13563a5dbc3f2f3891fcc54f86ab110a83e360c03a931222a1b31e550efaf32d240ba096021200667a0b84bd503a2206cccf,07/15/2025 03:30:00 PM,2,DRIVER,,2009107,,JEEP,LAREDO,IL,2014,NONE,SPORT UTILITY VEHICLE (SUV),PERSONAL,E,SLOW/STOP IN TRAFFIC,,,1,,,,,,,,,,,,,,,,Y,,FRONT,,,,,,,,,,,,,,,,,,,,,,,,,,,,,,,,,
2107371,ec1dd890df9a5eef75f50c8ad84cd91d2a54d4b1557339e13cd6bba81fb334c9fafda33ec056854333a2339a375df1f2dc0111e017c52c8bee22a02e583f3703,07/15/2025 03:30:00 PM,1,DRIVER,,2009026,,BUICK,LACROSSE,IL,2015,UNKNOWN,PASSENGER,PERSONAL,UNKNOWN,BACKING,,,1,,,,,,,,,Y,Y,Y,,,,,,,REAR,,,,,,,,,,,,,,,,,,,,,,,,,,,,,,,,,
2107372,ec1dd890df9a5eef75f50c8ad84cd91d2a54d4b1557339e13cd6bba81fb334c9fafda33ec056854333a2339a375df1f2dc0111e017c52c8bee22a02e583f3703,07/15/2025 03:30:00 PM,2,DRIVER,,2009031,,TOYOTA,CAMRY,IL,2012,NONE,PASSENGER,PERSONAL,UNKNOWN,STRAIGHT AHEAD,,,1,,,,,,,Y,Y,,,,,,,,,,SIDE-RIGHT-REAR,,,,,,,,,,,,,,,,,,,,,,,,,,,,,,,,,
2107352,fea0b9ea7a31bfbdfb51ce73e30b90bfdf3089a91a80cdd2985c5807d306e9fb8f0116c2dab7971297acf2a4ab3fb112ca35d3524e5dedadf68d46a443cdadfc,07/15/2025 03:23:00 PM,1,DRIVER,,2009002,,KIA,SPORTAGE,IL,2011,NONE,SPORT UTILITY VEHICLE (SUV),UNKNOWN/NA,N,STRAIGHT AHEAD,,,1,,,,,Y,Y,Y,Y,,,,,,,,,,SIDE-RIGHT,,,,,,,,,,,,,,,,,,,,,,,,,,,,,,,,,
2107353,fea0b9ea7a31bfbdfb51ce73e30b90bfdf3089a91a80cdd2985c5807d306e9fb8f0116c2dab7971297acf2a4ab3fb112ca35d3524e5dedadf68d46a443cdadfc,07/15/2025 03:23:00 PM,2,DRIVER,,2009013,,NEW FLYER,OTHER (EXPLAIN IN NARRATIVE),IL,2008,NONE,PASSENGER,CTA,N,MERGING,,,1,,,,Y,,,,,,,,,,,,,,SIDE-LEFT,,,,,,,,,,,,,,,,,,,,,,,,,,,,,,,,,
2107797,c5d9baf17b814220d506c140904312a4b8deb167cfa3cac965627cc43256760c8785b0f17b7f35f78a38c98d72aff751b7593c0596d4d3b4ee48ff0262d11be7,07/15/2025 03:20:00 PM,1,DRIVER,,2009428,,CHRYSLER,OTHER (EXPLAIN IN NARRATIVE),IL,2008,UNKNOWN,PASSENGER,PERSONAL,N,STRAIGHT AHEAD,,,1,,,,,,,,,,,,,Y,Y,Y,,,SIDE-LEFT,,,,,,,,,,,,,,,,,,,,,,,,,,,,,,,,,
2107798,c5d9baf17b814220d506c140904312a4b8deb167cfa3cac965627cc43256760c8785b0f17b7f35f78a38c98d72aff751b7593c0596d4d3b4ee48ff0262d11be7,07/15/2025 03:20:00 PM,2,DRIVER,,2009432,,FORD,OTHER (EXPLAIN IN NARRATIVE),,2014,UNKNOWN,PASSENGER,PERSONAL,N,STRAIGHT AHEAD,,,1,,,,,,Y,Y,Y,,,,,,,,,,SIDE-RIGHT,,,,,,,,,,,,,,,,,,,,,,,,,,,,,,,,,
2107375,6cefeceba6c01fcbebcdf4edc65379a3679cf83752b2f0c94ba58b394083945cef5fa74c3f607629be512dd2d9ad793c5d6207e86fcd10dfdc2854e9de29fb3d,07/15/2025 03:10:00 PM,1,DRIVER,,2009021,,UNKNOWN,MOTORIZED,IL,,NONE,PASSENGER,PERSONAL,N,STRAIGHT AHEAD,,,1,,,,,,,,,,,,,,,,,Y,FRONT,,,,,,,,,,,,,,,,,,,,,,,,,,,,,,,,,
2107376,6cefeceba6c01fcbebcdf4edc65379a3679cf83752b2f0c94ba58b394083945cef5fa74c3f607629be512dd2d9ad793c5d6207e86fcd10dfdc2854e9de29fb3d,07/15/2025 03:10:00 PM,2,DRIVER,,2009028,,KIA,OPTIMA / K5,IL,2014,NONE,PASSENGER,PERSONAL,N,STRAIGHT AHEAD,,,1,,,,,,,,,Y,Y,Y,,,,,,,REAR,,,,,,,,,,,,,,,,,,,,,,,,,,,,,,,,,
2107521,407058d0e88931fb2f41ecabe7c59873dd2b728e1ed49125521c40006e69984ba3467ba296d2cf92795408a128990b7a3203d460a79b8f0a3314a4cca6a892cd,07/15/2025 03:05:00 PM,1,DRIVER,,2009155,,FORD,FOCUS,IL,2014,UNKNOWN,PASSENGER,PERSONAL,UNKNOWN,UNKNOWN/NA,,,1,,,,,,,,,Y,,,,,,,,,REAR-RIGHT-CORNER,,,,,,,,,,,,,,,,,,,,,,,,,,,,,,,,,
2107344,4a9044d8531c4766a544e54bb3e7b886f0f884d91916efcfa2b13f0db714cff735bdbfb6d3b25c644b548b6a77ba4721cc69a6bf2a5c2608ef3f745fc34bb1e8,07/15/2025 03:02:00 PM,1,DRIVER,,2009188,,JEEP,COMPASS,IL,2011,UNKNOWN,SPORT UTILITY VEHICLE (SUV),PERSONAL,S,STRAIGHT AHEAD,Y,,1,,OWNER,UNKNOWN,,Y,,,,,,,,,,Y,Y,,FRONT,,,,,,,,,,,,,,,,,,,,,,,,,,,,,,,,,
2107345,4a9044d8531c4766a544e54bb3e7b886f0f884d91916efcfa2b13f0db714cff735bdbfb6d3b25c644b548b6a77ba4721cc69a6bf2a5c2608ef3f745fc34bb1e8,07/15/2025 03:02:00 PM,2,DRIVER,,2009197,,CHEVROLET,MALIBU,IL,2011,UNKNOWN,PASSENGER,PERSONAL,N,TURNING LEFT,Y,,1,,owner/28 towing inc,UNKNOWN,,Y,Y,Y,,,,,,,,,,,SIDE-RIGHT,,,,,,,,,,,,,,,,,,,,,,,,,,,,,,,,,
2107338,fbc5c0171dd4c9d83e0f1b14719198b462ec31cf7b0c949b96ea76da3c8faa7fd3b2dfc21368e82df11e20d9b052a21b6d167f28294434fb3a324fa34a0d8420,07/15/2025 03:02:00 PM,1,DRIVER,,2008982,,NEW FLYER,OTHER (EXPLAIN IN NARRATIVE),IL,2008,UNKNOWN,UNKNOWN/NA,UNKNOWN/NA,UNKNOWN,UNKNOWN/NA,,,1,,,,,Y,,,,,,,,,,Y,Y,,FRONT,,,,,,,,,,,,,,,,,,,,,,,,,,,,,,,,,
2107339,fbc5c0171dd4c9d83e0f1b14719198b462ec31cf7b0c949b96ea76da3c8faa7fd3b2dfc21368e82df11e20d9b052a21b6d167f28294434fb3a324fa34a0d8420,07/15/2025 03:02:00 PM,2,PARKED,2,2008996,,JEEP,COMPASS,IL,2022,UNKNOWN,UNKNOWN/NA,UNKNOWN/NA,UNKNOWN,PARKED,,,2,,,,,,,,,Y,Y,Y,,,,,,,REAR,,,,,,,,,,,,,,,,,,,,,,,,,,,,,,,,,
2108352,a5c8f1c9ae7db92225f9dabf080829a2201b45c051cb41e167643708dd35dea79235a67667602039acd0c18c7456bc4afeaa225430be649de1318327ff358904,07/15/2025 03:00:00 PM,2,DRIVER,,2009935,,TOYOTA,CAMRY,IL,2011,UNKNOWN,PASSENGER,UNKNOWN/NA,S,ENTERING TRAFFIC LANE FROM PARKING,,,1,,,,,,,,,,,,,,,,Y,,FRONT,,,,,,,,,,,,,,,,,,,,,,,,,,,,,,,,,
2108353,a5c8f1c9ae7db92225f9dabf080829a2201b45c051cb41e167643708dd35dea79235a67667602039acd0c18c7456bc4afeaa225430be649de1318327ff358904,07/15/2025 03:00:00 PM,1,DRIVER,5,2009939,Y,THOMAS BUILT BUS COMPANY,THOMAS BUILT BUS CO.,IL,2017,NONE,BUS OVER 15 PASS.,SCHOOL BUS,N,BACKING,,,6,,,,Y,,,,,,,,,,,,,,REAR,"21,834",,,,DRIVER,1,ALLTOWN BUS SERVICE LLC,IL,SKOKIE,,,,N,N,,U,,N,U,,,,,,,,,BUS,BUS,UNKNOWN,N,N,
2108327,acb0708e78dcbc73c6e68211d15a9cf9f5f939aff6754b8acc470b6fba5ea7cfcc319b35178f4981407d9ca040b5e5f01b319e2bc2ac21e50b9a8e3f7977f8ef,07/15/2025 03:00:00 PM,1,DRIVER,,2009908,,VOLVO,C30,IL,2023,NONE,PASSENGER,PERSONAL,S,STRAIGHT AHEAD,Y,,1,,OWNER INSURANCE,REPAIR FACILITY,,,,,,,,,,,,Y,,,SIDE-LEFT-FRONT,,,,,,,,,,,,,,,,,,,,,,,,,,,,,,,,,
2108206,b53115c16cebc656f6537dfd4e4d4bae174ab6e04e35b8ae61a61b33f5aaa3eaca409e5b29c8e0ea14131752e239c4983970c11493b7855795389fc6f4a2948f,07/15/2025 03:00:00 PM,1,DRIVER,,2009803,,UNKNOWN,ULTRALIGHT,IL,,UNKNOWN,UNKNOWN/NA,UNKNOWN/NA,UNKNOWN,UNKNOWN/NA,,,1,,,,,,,,,,,,,,,,,Y,UNKNOWN,,,,,,,,,,,,,,,,,,,,,,,,,,,,,,,,,
2108207,b53115c16cebc656f6537dfd4e4d4bae174ab6e04e35b8ae61a61b33f5aaa3eaca409e5b29c8e0ea14131752e239c4983970c11493b7855795389fc6f4a2948f,07/15/2025 03:00:00 PM,2,PARKED,,2009784,,TOYOTA,MATRIX,IL,2007,UNKNOWN,PASSENGER,PERSONAL,E,PARKED IN TRAFFIC LANE,Y,,0,,private tow,,,,,,,,,Y,Y,Y,Y,,,,REAR-LEFT-CORNER,,,,,,,,,,,,,,,,,,,,,,,,,,,,,,,,,
2109881,6111abc03bd8d4d16ccb48ddfa599c2e3244caf0336b19817987ae7763e60b3ee5a0208a32294ba0ae3c3ff179f3e21cdd17cccef9131cd1e6736af821b1ef5d,07/15/2025 02:58:00 PM,1,DRIVER,1,2011385,,SUZUKI,SX4,IL,2008,NONE,SPORT UTILITY VEHICLE (SUV),PERSONAL,W,STRAIGHT AHEAD,,,2,,,,,Y,,,,,,,,,,Y,Y,,FRONT,,,,,,,,,,,,,,,,,,,,,,,,,,,,,,,,,
2109882,6111abc03bd8d4d16ccb48ddfa599c2e3244caf0336b19817987ae7763e60b3ee5a0208a32294ba0ae3c3ff179f3e21cdd17cccef9131cd1e6736af821b1ef5d,07/15/2025 02:58:00 PM,2,DRIVER,,2011399,,HONDA,CR-V,,2022,NONE,SPORT UTILITY VEHICLE (SUV),PERSONAL,NW,PASSING/OVERTAKING,,,1,,,,,,,,,Y,Y,Y,,,,,,,REAR,,,,,,,,,,,,,,,,,,,,,,,,,,,,,,,,,
2107332,61258b7b0931d289ad4b6e4a02b4174f495a95d4f74d91712a0b0e4962fd624c81e715837ed41aa48c3028acf604c6e58cbf929ad787f4e5af2a8e9d953ad1cf,07/15/2025 02:56:00 PM,1,DRIVER,,2008974,,HYUNDAI,SANTA FE,IL,2023,UNKNOWN,SPORT UTILITY VEHICLE (SUV),PERSONAL,S,STRAIGHT AHEAD,,,1,,,,,,Y,Y,Y,,,,,,,,,,SIDE-RIGHT,,,,,,,,,,,,,,,,,,,,,,,,,,,,,,,,,
2107333,61258b7b0931d289ad4b6e4a02b4174f495a95d4f74d91712a0b0e4962fd624c81e715837ed41aa48c3028acf604c6e58cbf929ad787f4e5af2a8e9d953ad1cf,07/15/2025 02:56:00 PM,2,PEDESTRIAN,,,,,,,,,,,,,,,,,,,,,,,,,,,,,,,,,,,,,,,,,,,,,,,,,,,,,,,,,,,,,,,,,,
2107379,48f6e5c78b1c0082cccc6eddfffaf3f212cfeaa94efd93510d77000b02f9923ce52d37c1b9e63b5b266199220b53991551e1f11afd4dcd06068a26c25ff87ad4,07/15/2025 02:53:00 PM,1,DRIVER,,2009023,,LINCOLN,MKX,IL,2013,NONE,PASSENGER,PERSONAL,S,STRAIGHT AHEAD,,,1,,,,,,,Y,,,,,,,,,,,SIDE-RIGHT,,,,,,,,,,,,,,,,,,,,,,,,,,,,,,,,,
2107451,2e998dbd542675a0ed8bbb323f08f89f21d411ed9fd369bdb90cd7bf9d7b7d3c59b7faa5ed29e69dedd513ff897f8de381c77af02cc9626d23be65f86c75c216,07/15/2025 02:51:00 PM,1,DRIVER,,2009094,,TESLA,MODEL 3,IL,2018,UNKNOWN,PASSENGER,PERSONAL,S,OTHER,Y,,1,,PRIVATE TOW,PRIVATE TOW,,,,,,,,,Y,Y,,,,,SIDE-LEFT,,,,,,,,,,,,,,,,,,,,,,,,,,,,,,,,,
2107452,2e998dbd542675a0ed8bbb323f08f89f21d411ed9fd369bdb90cd7bf9d7b7d3c59b7faa5ed29e69dedd513ff897f8de381c77af02cc9626d23be65f86c75c216,07/15/2025 02:51:00 PM,2,DRIVER,,2009102,,MITSUBISHI,GALANT,IL,2011,UNKNOWN,PASSENGER,PERSONAL,W,OTHER,Y,,1,,PRIVATE TOW,PRIVATE TOW,,Y,,,,,,,,,,Y,Y,,FRONT,,,,,,,,,,,,,,,,,,,,,,,,,,,,,,,,,
2107326,5b0258724da99aed9d0d4e848aed767a9a1cad118e9fb285030cb1ff6669bf94b39476015fd5bac29bca975ae676824b3420f1acbe1133112b246711a3b54826,07/15/2025 02:50:00 PM,1,DRIVER,,2008972,,NISSAN,OTHER (EXPLAIN IN NARRATIVE),IL,2016,NONE,VAN/MINI-VAN,UNKNOWN/NA,W,MERGING,,,1,,,,,Y,,,,,,,,,,,Y,,FRONT-RIGHT-CORNER,,,,,,,,,,,,,,,,,,,,,,,,,,,,,,,,,
2107327,5b0258724da99aed9d0d4e848aed767a9a1cad118e9fb285030cb1ff6669bf94b39476015fd5bac29bca975ae676824b3420f1acbe1133112b246711a3b54826,07/15/2025 02:50:00 PM,2,DRIVER,,2008965,,TOYOTA,CAMRY,IL,2018,NONE,PASSENGER,PERSONAL,W,STRAIGHT AHEAD,,,1,,,,,,,,,,,Y,,Y,Y,Y,,,SIDE-LEFT,,,,,,,,,,,,,,,,,,,,,,,,,,,,,,,,,
2107534,8dcebce17ad7fda1e7aea380babe7645fe7e9da4b8f6c2e1ed95da152d5ff35e2aaaa236963ecb1da0a980b3355df4379e38e490a4ce7af824a584e388daee4c,07/15/2025 02:47:00 PM,1,DRIVER,,2009178,,TOYOTA,OTHER (EXPLAIN IN NARRATIVE),IL,,UNKNOWN,UNKNOWN/NA,UNKNOWN/NA,W,STRAIGHT AHEAD,,,1,,,,,,,,,Y,,,,,,,,,REAR,,,,,,,,,,,,,,,,,,,,,,,,,,,,,,,,,
2107535,8dcebce17ad7fda1e7aea380babe7645fe7e9da4b8f6c2e1ed95da152d5ff35e2aaaa236963ecb1da0a980b3355df4379e38e490a4ce7af824a584e388daee4c,07/15/2025 02:47:00 PM,2,DRIVER,,2009182,,BUICK,ENCORE,IL,,UNKNOWN,UNKNOWN/NA,UNKNOWN/NA,E,SLOW/STOP IN TRAFFIC,,,1,,,,,Y,,,,,,,,,,,,,FRONT-RIGHT-CORNER,,,,,,,,,,,,,,,,,,,,,,,,,,,,,,,,,
2121362,79946b87db798b168082d0152728e1707a37d961c9610272bcc1b943aa0a47e625cc646e8850787ae31ba1ce4bd5279d66cac741b109b7c749079a12358c6c74,07/15/2025 02:45:00 PM,1,DRIVER,,2022300,,ACURA,TLX,IL,2009,UNKNOWN,PASSENGER,PERSONAL,S,MERGING,,,1,,,,,,,,,,,Y,,,,,,,UNKNOWN,,,,,,,,,,,,,,,,,,,,,,,,,,,,,,,,,
2121363,79946b87db798b168082d0152728e1707a37d961c9610272bcc1b943aa0a47e625cc646e8850787ae31ba1ce4bd5279d66cac741b109b7c749079a12358c6c74,07/15/2025 02:45:00 PM,2,DRIVER,,2022301,,TOYOTA,COROLLA,IL,2016,UNKNOWN,PASSENGER,PERSONAL,S,STRAIGHT AHEAD,,,1,,,,,Y,Y,,,,,,,,,,,,UNKNOWN,,,,,,,,,,,,,,,,,,,,,,,,,,,,,,,,,
2107389,956d2606faa1fb61dcff8372e8d7bc0c4b253a823cd4d683cd477e0773ff2b4886b446e2f18525bdeeb185c66963196e8f8d523fd1ac81180237ef4f6e3743c9,07/15/2025 02:40:00 PM,1,DRIVER,,2009029,,HYUNDAI,SONATA,IL,2007,UNKNOWN,PASSENGER,PERSONAL,E,LEAVING TRAFFIC LANE TO PARK,,,1,,,,,,,,Y,,,,,,,,,,SIDE-RIGHT,,,,,,,,,,,,,,,,,,,,,,,,,,,,,,,,,
2107390,956d2606faa1fb61dcff8372e8d7bc0c4b253a823cd4d683cd477e0773ff2b4886b446e2f18525bdeeb185c66963196e8f8d523fd1ac81180237ef4f6e3743c9,07/15/2025 02:40:00 PM,2,PARKED,,2009036,,MAZDA,CX-5,IL,2018,UNKNOWN,UNKNOWN/NA,UNKNOWN/NA,E,PARKED,,,0,,,,,,,,,,,,,,,Y,,,FRONT-LEFT-CORNER,,,,,,,,,,,,,,,,,,,,,,,,,,,,,,,,,
2111345,ae161f9a999b0459afbf50a8770c186aef665263c9b311087ee30008a24031af57b795cc165441a49ba669c0a16e4c71728c1eb64e6f1231c36d499d93d85b49,07/15/2025 02:40:00 PM,1,DRIVER,,2012862,,"MACK TRUCKS, INC.",OTHER (EXPLAIN IN NARRATIVE),WI,2026,NONE,TRACTOR W/O SEMI-TRAILER,UNKNOWN/NA,N,UNKNOWN/NA,,,1,,,,,Y,,,,,,,,,,,,,FRONT-RIGHT-CORNER,,,,,,,,,,,,,,,,,,,,,,,,,,,,,,,,,
2111346,ae161f9a999b0459afbf50a8770c186aef665263c9b311087ee30008a24031af57b795cc165441a49ba669c0a16e4c71728c1eb64e6f1231c36d499d93d85b49,07/15/2025 02:40:00 PM,2,DRIVER,,2012878,,MITSUBISHI,LANCER,IL,2009,NONE,PASSENGER,PERSONAL,N,STRAIGHT AHEAD,,,1,,,,,,,,,,,Y,,,,,,,REAR-LEFT-CORNER,,,,,,,,,,,,,,,,,,,,,,,,,,,,,,,,,
2107312,cbbfe6fecb2630f4bcdeb072d3b21a3d9fac90ad396f8f283a8ce00a75c8cac1d08feb999e836e8750ff10aeea393dece59aa9a67d5013a039abc2186f3b0575,07/15/2025 02:40:00 PM,1,DRIVER,,2008969,,CHEVROLET,TRAX,IL,2025,NONE,PASSENGER,PERSONAL,E,CHANGING LANES,Y,,1,,,,,,Y,Y,Y,Y,,,,,,,,,SIDE-RIGHT,,,,,,,,,,,,,,,,,,,,,,,,,,,,,,,,,
2107313,cbbfe6fecb2630f4bcdeb072d3b21a3d9fac90ad396f8f283a8ce00a75c8cac1d08feb999e836e8750ff10aeea393dece59aa9a67d5013a039abc2186f3b0575,07/15/2025 02:40:00 PM,2,DRIVER,,2008959,,CHEVROLET,IMPALA,IL,2015,NONE,PASSENGER,PERSONAL,E,STRAIGHT AHEAD,,,1,,,,,Y,,,,,,,,,Y,Y,Y,,FRONT-LEFT-CORNER,,,,,,,,,,,,,,,,,,,,,,,,,,,,,,,,,
2107346,f696f185079255557cb4bb65263e745dedce0c82ce48a3314bc861787cb1f86843f39979691064ee7939645f224ee75235f651b76980b32b786e6414a44ba3d2,07/15/2025 02:40:00 PM,1,DRIVER,2,2008994,,BUICK,ENCLAVE,IL,2018,UNKNOWN,SPORT UTILITY VEHICLE (SUV),UNKNOWN/NA,N,AVOIDING VEHICLES/OBJECTS,,,3,,,,,,,,,,,,,,,Y,Y,,UNKNOWN,,,,,,,,,,,,,,,,,,,,,,,,,,,,,,,,,