CRASH_UNIT_ID,CRASH_RECORD_ID,CRASH_DATE,UNIT_NO,UNIT_TYPE,NUM_PASSENGERS,VEHICLE_ID,CMRC_VEH_I,MAKE,MODEL,LIC_PLATE_STATE,VEHICLE_YEAR,VEHICLE_DEFECT,VEHICLE_TYPE,VEHICLE_USE,TRAVEL_DIRECTION,MANEUVER,TOWED_I,FIRE_I,OCCUPANT_CNT,EXCEED_SPEED_LIMIT_I,TOWED_BY,TOWED_TO,AREA_00_I,AREA_01_I,AREA_02_I,AREA_03_I,AREA_04_I,AREA_05_I,AREA_06_I,AREA_07_I,AREA_08_I,AREA_09_I,AREA_10_I,AREA_11_I,AREA_12_I,AREA_99_I,FIRST_CONTACT_POINT,CMV_ID,USDOT_NO,CCMC_NO,ILCC_NO,COMMERCIAL_SRC,GVWR,CARRIER_NAME,CARRIER_STATE,CARRIER_CITY,HAZMAT_PLACARDS_I,HAZMAT_NAME,UN_NO,HAZMAT_PRESENT_I,HAZMAT_REPORT_I,HAZMAT_REPORT_NO,MCS_REPORT_I,MCS_REPORT_NO,HAZMAT_VIO_CAUSE_CRASH_I,MCS_VIO_CAUSE_CRASH_I,IDOT_PERMIT_NO,WIDE_LOAD_I,TRAILER1_WIDTH,TRAILER2_WIDTH,TRAILER1_LENGTH,TRAILER2_LENGTH,TOTAL_VEHICLE_LENGTH,AXLE_CNT,VEHICLE_CONFIG,CARGO_BODY_TYPE,LOAD_TYPE,HAZMAT_OUT_OF_SERVICE_I,MCS_OUT_OF_SERVICE_I,HAZMAT_CLASS
2107347,f696f185079255557cb4bb65263e745dedce0c82ce48a3314bc861787cb1f86843f39979691064ee7939645f224ee75235f651b76980b32b786e6414a44ba3d2,07/15/2025 02:40:00 PM,2,DRIVER,1,2008997,,HONDA,ACCORD,IL,2008,UNKNOWN,PASSENGER,UNKNOWN/NA,N,STRAIGHT AHEAD,,,2,,,,,,,Y,Y,,,,,,,,,,UNKNOWN,,,,,,,,,,,,,,,,,,,,,,,,,,,,,,,,,
2107350,cd75dded0ba19a8bc37d44b9c3f1bd46d622b43066b84656f35451ce9ce404bb3ee4ca0174e6b80964af4b5d8e9c40466fe8c3cd493c99741d3d0b434acc04a7,07/15/2025 02:38:00 PM,1,DRIVER,,2008993,,GENERAL MOTORS CORPORATION (GMC),ENVOY,IL,2003,UNKNOWN,PASSENGER,PERSONAL,NW,TURNING LEFT,,,1,,,,,,,,,,,,,,,,,Y,SIDE-RIGHT,,,,,,,,,,,,,,,,,,,,,,,,,,,,,,,,,
2107351,cd75dded0ba19a8bc37d44b9c3f1bd46d622b43066b84656f35451ce9ce404bb3ee4ca0174e6b80964af4b5d8e9c40466fe8c3cd493c99741d3d0b434acc04a7,07/15/2025 02:38:00 PM,2,DRIVER,,2008995,,UNKNOWN,OTHER (EXPLAIN IN NARRATIVE),IL,2007,UNKNOWN,OTHER,OTHER,NW,TURNING LEFT,,,1,,,,,,,,,,,Y,Y,,,,,,SIDE-LEFT-REAR,,,,,,,,,,,,,,,,,,,,,,,,,,,,,,,,,
2107804,1ecadbed40f0f812706612db6346ba451734b28eb72d1d40d66dc8f7ed2c705836865d8de5ebe6ed9393513c6481d1f71aa3492cd282ec6094c678c83d7b9e06,07/15/2025 02:37:00 PM,1,DRIVER,,2009431,,JEEP,COMPASS,IL,2015,NONE,SPORT UTILITY VEHICLE (SUV),PERSONAL,E,ENTER FROM DRIVE/ALLEY,,,1,,,,,,,,,,,,,,,,,Y,FRONT,,,,,,,,,,,,,,,,,,,,,,,,,,,,,,,,,
2107805,1ecadbed40f0f812706612db6346ba451734b28eb72d1d40d66dc8f7ed2c705836865d8de5ebe6ed9393513c6481d1f71aa3492cd282ec6094c678c83d7b9e06,07/15/2025 02:37:00 PM,2,BICYCLE,,,,,,,,,,,,,,,,,,,,,,,,,,,,,,,,,,,,,,,,,,,,,,,,,,,,,,,,,,,,,,,,,,
2107328,624609c4bfe4866cddfe64ab11959e40cf5bc56f803cba05fe47925a4b586385a01889124a890e8b5451da42ee55576f6aa507ebb448c690d3e03888ccb231a3,07/15/2025 02:36:00 PM,1,DRIVER,,2008975,,SUBARU,CROSSTREK,IL,2014,UNKNOWN,PASSENGER,PERSONAL,N,STRAIGHT AHEAD,,,1,,,,,,,,,,,,,,Y,Y,,,SIDE-LEFT-FRONT,,,,,,,,,,,,,,,,,,,,,,,,,,,,,,,,,
2107329,624609c4bfe4866cddfe64ab11959e40cf5bc56f803cba05fe47925a4b586385a01889124a890e8b5451da42ee55576f6aa507ebb448c690d3e03888ccb231a3,07/15/2025 02:36:00 PM,2,DRIVER,,2008984,,CADILLAC,XTS,IL,2019,UNKNOWN,PASSENGER,PERSONAL,NE,CHANGING LANES,,,1,,,,,Y,Y,,,,,,,,,,,,FRONT-RIGHT-CORNER,,,,,,,,,,,,,,,,,,,,,,,,,,,,,,,,,
2107443,3d392eae3bf91e1b07dcb4d9544b4128fbcfd5407a7af5d50dfd4559b40848e3895d3c454ff93964d656a25b091668d1f8229f499ef9ac74d6471caa9589f438,07/15/2025 02:30:00 PM,1,DRIVER,1,2009075,,CHRYSLER,TOWN & COUNTRY,IL,2013,NONE,SPORT UTILITY VEHICLE (SUV),PERSONAL,S,STRAIGHT AHEAD,,,2,,,,,,,,,,,,,,,,Y,,FRONT,,,,,,,,,,,,,,,,,,,,,,,,,,,,,,,,,
2107444,3d392eae3bf91e1b07dcb4d9544b4128fbcfd5407a7af5d50dfd4559b40848e3895d3c454ff93964d656a25b091668d1f8229f499ef9ac74d6471caa9589f438,07/15/2025 02:30:00 PM,2,DRIVER,,2009078,,FORD,EXPEDITION,IL,2024,NONE,SPORT UTILITY VEHICLE (SUV),PERSONAL,S,STRAIGHT AHEAD,,,1,,,,,,,,,,,Y,,,,,,,REAR,,,,,,,,,,,,,,,,,,,,,,,,,,,,,,,,,
2107424,82a08d837370d95e7015ec8a0e0585e5498c067958e2c842be49f922c6f3dfe34c3e1048ca42eccb99f4c67eb2e45dcabce80b1cec541858eeefa0117d88589b,07/15/2025 02:30:00 PM,2,PARKED,,2009064,,TOYOTA,HIGHLANDER,IL,2023,NONE,PASSENGER,PERSONAL,W,PARKED,,,0,,,,,,,,,,,,,Y,Y,Y,,,FRONT-LEFT-CORNER,,,,,,,,,,,,,,,,,,,,,,,,,,,,,,,,,
2107425,82a08d837370d95e7015ec8a0e0585e5498c067958e2c842be49f922c6f3dfe34c3e1048ca42eccb99f4c67eb2e45dcabce80b1cec541858eeefa0117d88589b,07/15/2025 02:30:00 PM,1,DRIVER,,2009066,,UNKNOWN,MOTORIZED,XX,,NONE,PASSENGER,PERSONAL,W,STRAIGHT AHEAD,,,1,,,,,,,,,,,,,,,,,Y,UNKNOWN,,,,,,,,,,,,,,,,,,,,,,,,,,,,,,,,,
2109175,a5b9dde8a3dc7f5c4ca140f5f1f26908c98bb15ecec70b092ee20e3a592ecda7987806f284112bbd9fec48d83a9ea2db492df08cb31838070a7bfc34b5ac80b1,07/15/2025 02:30:00 PM,1,DRIVER,,2010720,,UNKNOWN,OTHER (EXPLAIN IN NARRATIVE),,,UNKNOWN,OTHER,UNKNOWN/NA,UNKNOWN,UNKNOWN/NA,,,1,,,,,,,,,,,,,,,,,Y,UNKNOWN,,,,,,,,,,,,,,,,,,,,,,,,,,,,,,,,,
2109176,a5b9dde8a3dc7f5c4ca140f5f1f26908c98bb15ecec70b092ee20e3a592ecda7987806f284112bbd9fec48d83a9ea2db492df08cb31838070a7bfc34b5ac80b1,07/15/2025 02:30:00 PM,2,PARKED,,2010713,,JEEP,COMPASS,,2023,NONE,PASSENGER,PERSONAL,W,PARKED,,,0,,,,,,,,,,,,,,,Y,,,OTHER,,,,,,,,,,,,,,,,,,,,,,,,,,,,,,,,,
2107369,ae02375a12e4fb2293ded42c12f1d7ef2d779e03fcc35f9273e0ccd80ade3b374ef4bbd1f1f751e935379d7e5277ebec8785ed842503140b2d5d1353a4587903,07/15/2025 02:30:00 PM,1,DRIVER,,2009012,,JEEP,CHEROKEE,IL,,UNKNOWN,PASSENGER,PERSONAL,S,STRAIGHT AHEAD,,,1,,,,,,,,,,,,,,,,,Y,UNKNOWN,,,,,,,,,,,,,,,,,,,,,,,,,,,,,,,,,
2107370,ae02375a12e4fb2293ded42c12f1d7ef2d779e03fcc35f9273e0ccd80ade3b374ef4bbd1f1f751e935379d7e5277ebec8785ed842503140b2d5d1353a4587903,07/15/2025 02:30:00 PM,2,DRIVER,,2009020,,KIA,TELLURIDE,IL,2024,UNKNOWN,PASSENGER,PERSONAL,S,STRAIGHT AHEAD,,,1,,,,,,,,,Y,Y,Y,,,,,,,REAR,,,,,,,,,,,,,,,,,,,,,,,,,,,,,,,,,
2107318,da17d2e8b7d902b741734e92fea2af00c7495ee5fc6160c98de415bbb18e9e5bf99407d95edd42f245fce90dfcdd46a135b4b122a074bc0373e565440c8acf26,07/15/2025 02:30:00 PM,1,DRIVER,,2008977,,UNKNOWN,OTHER (EXPLAIN IN NARRATIVE),IN,,NONE,PASSENGER,PERSONAL,W,TURNING LEFT,,,1,,,,,,,,,,,,,Y,Y,,,,SIDE-LEFT-FRONT,,,,,,,,,,,,,,,,,,,,,,,,,,,,,,,,,
2107319,da17d2e8b7d902b741734e92fea2af00c7495ee5fc6160c98de415bbb18e9e5bf99407d95edd42f245fce90dfcdd46a135b4b122a074bc0373e565440c8acf26,07/15/2025 02:30:00 PM,2,DRIVER,,2008973,N,LINCOLN,CORSAIR,IL,2022,UNKNOWN,OTHER,OTHER,W,TURNING LEFT,,,1,,,,,Y,,,,,,,,,,,,,FRONT-RIGHT-CORNER,,,,,,,,,,,,,,,,,,,,,,,,,,,,,,,,,
2107322,d8d48c8a5a9b1dc934764d45c856460dca89652efad79b79d7520379fc4313d598e483c704b5d11c959e46ea938f4ec6af495690421828e1debf3f086bd0ac7d,07/15/2025 02:21:00 PM,1,DRIVER,,2008961,,TOYOTA,SIENNA,IL,2002,UNKNOWN,PASSENGER,UNKNOWN/NA,N,STRAIGHT AHEAD,,,1,,,,,,,,,,,,,,,,Y,,FRONT,,,,,,,,,,,,,,,,,,,,,,,,,,,,,,,,,
2107323,d8d48c8a5a9b1dc934764d45c856460dca89652efad79b79d7520379fc4313d598e483c704b5d11c959e46ea938f4ec6af495690421828e1debf3f086bd0ac7d,07/15/2025 02:21:00 PM,2,DRIVER,,2008964,,TOYOTA,RAV4,IL,2008,UNKNOWN,PASSENGER,UNKNOWN/NA,N,SLOW/STOP IN TRAFFIC,,,1,,,,,,,,,,Y,,,,,,,,REAR,,,,,,,,,,,,,,,,,,,,,,,,,,,,,,,,,
2107324,a21f577395c0e77c7b82e52b3f5c4027cf4860fc56e86dc164eda22293f4f73d4a69a89b085e083920d3aee1d687d129be8ab4b4e7ac75863d64fa2bf82f8cdc,07/15/2025 02:20:00 PM,1,DRIVER,,2008963,,UNKNOWN,OTHER (EXPLAIN IN NARRATIVE),,,UNKNOWN,UNKNOWN/NA,UNKNOWN/NA,W,ENTERING TRAFFIC LANE FROM PARKING,,,1,,,,,,,,,,,,,,,Y,,,FRONT-LEFT-CORNER,,,,,,,,,,,,,,,,,,,,,,,,,,,,,,,,,
2107325,a21f577395c0e77c7b82e52b3f5c4027cf4860fc56e86dc164eda22293f4f73d4a69a89b085e083920d3aee1d687d129be8ab4b4e7ac75863d64fa2bf82f8cdc,07/15/2025 02:20:00 PM,2,DRIVER,1,2008971,,TOYOTA,OTHER (EXPLAIN IN NARRATIVE),IL,2026,UNKNOWN,PASSENGER,PERSONAL,W,STRAIGHT AHEAD,,,2,,,,,,,,Y,Y,,,,,,,,,REAR-RIGHT-CORNER,,,,,,,,,,,,,,,,,,,,,,,,,,,,,,,,,
2107813,2fb8c2c6f77409dc1cdd84ce64649b8e35b6e90b2e1270d170e11dbb382d5d6cd1c2c7dae70a5f85ba3388cd6d7b0d5ca986af4d91cb025f0a38871efe2068aa,07/15/2025 02:15:00 PM,1,DRIVER,,2009443,,HYUNDAI,ELANTRA,IL,2008,UNKNOWN,PASSENGER,PERSONAL,N,STRAIGHT AHEAD,,,1,,,,,Y,Y,Y,Y,Y,,,,,,,,,SIDE-RIGHT-FRONT,,,,,,,,,,,,,,,,,,,,,,,,,,,,,,,,,
2107814,2fb8c2c6f77409dc1cdd84ce64649b8e35b6e90b2e1270d170e11dbb382d5d6cd1c2c7dae70a5f85ba3388cd6d7b0d5ca986af4d91cb025f0a38871efe2068aa,07/15/2025 02:15:00 PM,2,DRIVER,,2009451,,BUICK,ENCLAVE,IL,2021,NONE,PASSENGER,PERSONAL,N,STRAIGHT AHEAD,,,1,,,,,,,,,,,Y,Y,Y,Y,Y,,,FRONT-LEFT-CORNER,,,,,,,,,,,,,,,,,,,,,,,,,,,,,,,,,
2107334,3a58a9adbdd3c1d318b65828c0f5e094265ac0a87553ae1d80c42c3947d8f4955e84bb89e812d499764050223ab67e2c14eb927be59ed48e178e6f8a1f53d926,07/15/2025 02:10:00 PM,1,DRIVER,,2008979,,TESLA,MODEL Y,IL,2023,UNKNOWN,PASSENGER,PERSONAL,W,OTHER,Y,,1,,PRIVATE TOW,,,,,,Y,Y,,,,,,,,,SIDE-RIGHT-REAR,,,,,,,,,,,,,,,,,,,,,,,,,,,,,,,,,
2107335,3a58a9adbdd3c1d318b65828c0f5e094265ac0a87553ae1d80c42c3947d8f4955e84bb89e812d499764050223ab67e2c14eb927be59ed48e178e6f8a1f53d926,07/15/2025 02:10:00 PM,2,PARKED,1,2008985,,BLUEBIRD INTERNATIONAL,OTHER (EXPLAIN IN NARRATIVE),IL,2018,UNKNOWN,BUS OVER 15 PASS.,SCHOOL BUS,W,PARKED,,,1,,,,,,,,,,,,,,,Y,,,SIDE-LEFT-FRONT,,,,,,,,,,,,,,,,,,,,,,,,,,,,,,,,,
2108847,b02854e730caa4e0b15b362401ff1ab0468d6864f087880c825b5920cfb91e322587857f6972bb5eab797efdd5fe574d17e647cd3a14fb40a712d1cf328d5b0e,07/15/2025 02:08:00 PM,1,DRIVER,,2010389,,THOMAS BUILT BUS COMPANY,THOMAS BUILT BUS CO.,IL,2017,UNKNOWN,BUS OVER 15 PASS.,SCHOOL BUS,N,ENTERING TRAFFIC LANE FROM PARKING,,,1,,,,,,,,,,,,,,,,,,REAR,,,,,,,,,,,,,,,,,,,,,,,,,,,,,,,,,
2108848,b02854e730caa4e0b15b362401ff1ab0468d6864f087880c825b5920cfb91e322587857f6972bb5eab797efdd5fe574d17e647cd3a14fb40a712d1cf328d5b0e,07/15/2025 02:08:00 PM,2,PARKED,,2010394,,TOYOTA,CAMRY,IL,2011,UNKNOWN,PASSENGER,PERSONAL,S,PARKED,,,0,,,,,Y,,,,,,,,,,Y,Y,,FRONT,,,,,,,,,,,,,,,,,,,,,,,,,,,,,,,,,
2107716,3e3ac30609753b2f36918511c15f6958d31de586c0c7141e5e198939470ac006212a2d115b6e1593b82bac83b3e666ea6dc8acb5fa0f562655959a0da425801e,07/15/2025 02:00:00 PM,1,DRIVER,,2009350,,VOLKSWAGEN,OTHER (EXPLAIN IN NARRATIVE),IL,2005,UNKNOWN,PASSENGER,PERSONAL,E,BACKING,,,1,,,,,,,,Y,Y,Y,,,,,,,,SIDE-RIGHT-REAR,,,,,,,,,,,,,,,,,,,,,,,,,,,,,,,,,
2107717,3e3ac30609753b2f36918511c15f6958d31de586c0c7141e5e198939470ac006212a2d115b6e1593b82bac83b3e666ea6dc8acb5fa0f562655959a0da425801e,07/15/2025 02:00:00 PM,2,DRIVER,,2009352,,SCION,XA,IL,2006,NONE,PASSENGER,PERSONAL,W,STRAIGHT AHEAD,,,1,,,,,,,,,,,,,,Y,Y,Y,,FRONT-LEFT-CORNER,,,,,,,,,,,,,,,,,,,,,,,,,,,,,,,,,
2107310,4b2eb99cc0e666ac91fdc51f8642e81f682291179da6924ee8f95b2650bf8bfb37f788f1d6f4f85215b98ce747362570639814b97efaf6ab18b02ce4c4ddc58f,07/15/2025 02:00:00 PM,1,DRIVER,,2008957,,TOYOTA,COROLLA,IL,2025,NONE,PASSENGER,PERSONAL,N,TURNING LEFT,,,1,,,,,,,,Y,,,,,,,,,,SIDE-RIGHT-REAR,,,,,,,,,,,,,,,,,,,,,,,,,,,,,,,,,
2107311,4b2eb99cc0e666ac91fdc51f8642e81f682291179da6924ee8f95b2650bf8bfb37f788f1d6f4f85215b98ce747362570639814b97efaf6ab18b02ce4c4ddc58f,07/15/2025 02:00:00 PM,2,DRIVER,,2008987,,NISSAN,SENTRA,IL,2016,NONE,PASSENGER,PERSONAL,W,STRAIGHT AHEAD,,,1,,,,,Y,Y,,,,,,,,,,Y,,FRONT,,,,,,,,,,,,,,,,,,,,,,,,,,,,,,,,,
2107364,f5b21bb1b213c022e1441ceb82b4d395601781db67c4f3a93edc452325fb8c89c366508b1b664c52d850872584d21ca1421d9bb220444dcc51555f34c9bc68de,07/15/2025 02:00:00 PM,1,DRIVER,,2009014,,BMW,OTHER (EXPLAIN IN NARRATIVE),IL,,UNKNOWN,SPORT UTILITY VEHICLE (SUV),OTHER,N,STRAIGHT AHEAD,,,1,,,,,,,,,,,,,,,Y,,,FRONT-LEFT-CORNER,,,,,,,,,,,,,,,,,,,,,,,,,,,,,,,,,
2107365,f5b21bb1b213c022e1441ceb82b4d395601781db67c4f3a93edc452325fb8c89c366508b1b664c52d850872584d21ca1421d9bb220444dcc51555f34c9bc68de,07/15/2025 02:00:00 PM,2,DRIVER,,2009008,,VOLVO,S90,IL,2025,UNKNOWN,PASSENGER,UNKNOWN/NA,N,STRAIGHT AHEAD,,,1,,,,,,,Y,Y,Y,,,,,,,,,SIDE-RIGHT-REAR,,,,,,,,,,,,,,,,,,,,,,,,,,,,,,,,,
2107294,ff411d406205ba2530c9860c2dac23eff77268d5b0e97f61618e95cf9c0cb617bc595643fe52f5b1999ed2edefc297b990804b57577355dbcbeec089f62abe7b,07/15/2025 02:00:00 PM,1,DRIVER,,2008935,,CHEVROLET,EXPRESS,IL,2001,UNKNOWN,OTHER,OTHER,UNKNOWN,UNKNOWN/NA,,,1,,,,,,,,,Y,Y,Y,,,,,,,REAR,,,,,,,,,,,,,,,,,,,,,,,,,,,,,,,,,
2107295,ff411d406205ba2530c9860c2dac23eff77268d5b0e97f61618e95cf9c0cb617bc595643fe52f5b1999ed2edefc297b990804b57577355dbcbeec089f62abe7b,07/15/2025 02:00:00 PM,2,DRIVER,4,2008942,,KIA,SPORTAGE,IL,2017,UNKNOWN,OTHER,PERSONAL,UNKNOWN,UNKNOWN/NA,,,5,,,,,N,Y,Y,Y,Y,,,,,,,,,SIDE-RIGHT,,,,,,,,,,,,,,,,,,,,,,,,,,,,,,,,,
2107340,7b3870bfc3a5cc71e8bc29e2deabb30054fad575676cee2344c33ec56daa5cdeae65e0bf79bf4ba1d5ba30cde3511f1e7bcb34e3def8ce3978436fa5cb8a81ea,07/15/2025 01:52:00 PM,1,DRIVER,,2008983,,NOVA BUS,OTHER (EXPLAIN IN NARRATIVE),IL,2014,NONE,BUS OVER 15 PASS.,CTA,N,STRAIGHT AHEAD,,,1,,,,,Y,,,,,,,,,,,,,SIDE-RIGHT-FRONT,,,,,,,,,,,,,,,,,,,,,,,,,,,,,,,,,
2107341,7b3870bfc3a5cc71e8bc29e2deabb30054fad575676cee2344c33ec56daa5cdeae65e0bf79bf4ba1d5ba30cde3511f1e7bcb34e3def8ce3978436fa5cb8a81ea,07/15/2025 01:52:00 PM,2,PARKED,1,2008989,,FORD,OTHER (EXPLAIN IN NARRATIVE),IL,2023,NONE,OTHER,AMBULANCE,N,PARKED,,,1,,,,,,,,,,,Y,Y,Y,Y,Y,,,SIDE-LEFT,,,,,,,,,,,,,,,,,,,,,,,,,,,,,,,,,
2107306,61c9a7de6c4fd36f02803b2ba6d862ab3651cd9de9f6ac5d25f696fac6903040d076b4c24e6d9b0ec0a7dd67aecfb2783e0eb75afb0ac8b73224e6ff1dbd12a2,07/15/2025 01:49:00 PM,1,DRIVER,,2008951,,UNKNOWN,OTHER (EXPLAIN IN NARRATIVE),NC,1994,UNKNOWN,OTHER,UNKNOWN/NA,E,BACKING,,,1,,,,,,,,,,,,,,,,,Y,REAR,,,,,,,,,,,,,,,,,,,,,,,,,,,,,,,,,
2107307,61c9a7de6c4fd36f02803b2ba6d862ab3651cd9de9f6ac5d25f696fac6903040d076b4c24e6d9b0ec0a7dd67aecfb2783e0eb75afb0ac8b73224e6ff1dbd12a2,07/15/2025 01:49:00 PM,2,PARKED,,2008954,,TESLA,MODEL Y,IL,2024,UNKNOWN,PASSENGER,PERSONAL,E,PARKED,,,0,,,,,Y,,,,,N,N,,,,Y,Y,,FRONT,,,,,,,,,,,,,,,,,,,,,,,,,,,,,,,,,
2107266,bfcce3460fb60eb06bc88eaa74996a1dcf349031133f3b33278867c80e1e745e582a6ffb3ac9479306b01c8b13f46b516abab025eb7f7f03e611f31ed751fa43,07/15/2025 01:46:00 PM,1,DRIVER,,2008914,,MAZDA,OTHER (EXPLAIN IN NARRATIVE),,2012,UNKNOWN,PASSENGER,PERSONAL,W,UNKNOWN/NA,,,1,,,,,,Y,Y,,,,,,,,,,,OTHER,,,,,,,,,,,,,,,,,,,,,,,,,,,,,,,,,
2107267,bfcce3460fb60eb06bc88eaa74996a1dcf349031133f3b33278867c80e1e745e582a6ffb3ac9479306b01c8b13f46b516abab025eb7f7f03e611f31ed751fa43,07/15/2025 01:46:00 PM,2,DRIVER,,2008920,,MERCEDES-BENZ,220 SERIES,,2020,UNKNOWN,PASSENGER,PERSONAL,W,STRAIGHT AHEAD,,,1,,,,,,,,,,,,,Y,Y,,,,OTHER,,,,,,,,,,,,,,,,,,,,,,,,,,,,,,,,,
2107320,024fb8fffb4a9ab4cd57416b6d847a9a4ea8848cb9790c8c9100472df982ac05b3a96b3856db23c8b45023e0c1f9168614b2c4e242effd7b5433c5231626dac3,07/15/2025 01:40:00 PM,1,DRIVER,,2008966,,NEW FLYER,OTHER (EXPLAIN IN NARRATIVE),IL,2007,NONE,BUS OVER 15 PASS.,CTA,N,CHANGING LANES,,,1,,,,,,,,,,,Y,Y,,,,,,SIDE-LEFT-REAR,,,,,,,,,,,,,,,,,,,,,,,,,,,,,,,,,
2107321,024fb8fffb4a9ab4cd57416b6d847a9a4ea8848cb9790c8c9100472df982ac05b3a96b3856db23c8b45023e0c1f9168614b2c4e242effd7b5433c5231626dac3,07/15/2025 01:40:00 PM,2,DRIVER,,2008976,,NISSAN,ALTIMA,IL,2012,NONE,PASSENGER,PERSONAL,N,STRAIGHT AHEAD,,,1,,,,,Y,,,,,,,,,,,,,FRONT-RIGHT-CORNER,,,,,,,,,,,,,,,,,,,,,,,,,,,,,,,,,
2107277,149da0a63037a8cce86c4e2e70a8c370f2282e3ea1730c064c84956443d6504c6d845fd90ecfed657b0a30da6bd8869c1b06344beee911e1097e2005a2c54c2a,07/15/2025 01:40:00 PM,1,DRIVER,,2008923,,MERCURY,MARINER,IL,,UNKNOWN,SPORT UTILITY VEHICLE (SUV),PERSONAL,S,STRAIGHT AHEAD,,,1,,,,,Y,,,,,,,,,,Y,Y,,FRONT,,,,,,,,,,,,,,,,,,,,,,,,,,,,,,,,,
2107278,149da0a63037a8cce86c4e2e70a8c370f2282e3ea1730c064c84956443d6504c6d845fd90ecfed657b0a30da6bd8869c1b06344beee911e1097e2005a2c54c2a,07/15/2025 01:40:00 PM,2,DRIVER,,2008936,,FORD,ESCAPE,IL,2006,UNKNOWN,SPORT UTILITY VEHICLE (SUV),PERSONAL,S,SLOW/STOP IN TRAFFIC,,,1,,,,,,,,,Y,Y,Y,,,,,,,REAR,,,,,,,,,,,,,,,,,,,,,,,,,,,,,,,,,
2107279,09188ab020c7d4156d613dac7d8e26282b310064d41ae37e1b45e0993cf2a4a7cebfff017a7db1b4f1ac9f2dac5cc12057efdd39af306f07b8ccfecf7c8ba5fc,07/15/2025 01:35:00 PM,1,DRIVER,,2008925,,CHEVROLET,AVALANCHE,IL,,NONE,PICKUP,PERSONAL,N,STRAIGHT AHEAD,,,1,,,,,,,,,,,,,,,,Y,,FRONT,,,,,,,,,,,,,,,,,,,,,,,,,,,,,,,,,
2107280,09188ab020c7d4156d613dac7d8e26282b310064d41ae37e1b45e0993cf2a4a7cebfff017a7db1b4f1ac9f2dac5cc12057efdd39af306f07b8ccfecf7c8ba5fc,07/15/2025 01:35:00 PM,2,DRIVER,,2008930,,TOYOTA,PRIUS,IL,2013,NONE,PASSENGER,PERSONAL,N,STRAIGHT AHEAD,,,1,,,,,,,,,,,Y,,,,,,,REAR-LEFT-CORNER,,,,,,,,,,,,,,,,,,,,,,,,,,,,,,,,,
2107286,a33f6aebd8ecc126d56130691773f96f160a12de4488a529a35df2dfd96ec84c1c53bb9b6458c72860bb2587919637eed793d4cae1ed93bc5d05de910460474a,07/15/2025 01:32:00 PM,1,DRIVER,3,2008928,,FREIGHTLINER CORPORATION,OTHER (EXPLAIN IN NARRATIVE),IL,2015,UNKNOWN,OTHER,SCHOOL BUS,S,STRAIGHT AHEAD,,,4,,,,,,,,,Y,,,,,,,,,REAR-RIGHT-CORNER,,,,,,,,,,,,,,,,,,,,,,,,,,,,,,,,,
2107287,a33f6aebd8ecc126d56130691773f96f160a12de4488a529a35df2dfd96ec84c1c53bb9b6458c72860bb2587919637eed793d4cae1ed93bc5d05de910460474a,07/15/2025 01:32:00 PM,2,PARKED,,2008939,,TOYOTA,RAV4,IL,2011,UNKNOWN,PASSENGER,NOT IN USE,S,PARKED,,,0,,,,,,,,,,,Y,Y,,,,,,REAR-LEFT-CORNER,,,,,,,,,,,,,,,,,,,,,,,,,,,,,,,,,
2107383,8e38db4309ed7c7b99f086784efa5d97791e1a79207e842cc4ffa2de6ae205c07b328496f79d4ff45763f9c2c479c0943898c2af9505301d56c880d6c6a565bd,07/15/2025 01:28:00 PM,1,DRIVER,,2009027,,HYUNDAI,SONATA,IL,2007,UNKNOWN,PASSENGER,UNKNOWN/NA,S,TURNING LEFT,,,1,,,,,,,,,,,,Y,Y,Y,,,,SIDE-LEFT,,,,,,,,,,,,,,,,,,,,,,,,,,,,,,,,,
2107384,8e38db4309ed7c7b99f086784efa5d97791e1a79207e842cc4ffa2de6ae205c07b328496f79d4ff45763f9c2c479c0943898c2af9505301d56c880d6c6a565bd,07/15/2025 01:28:00 PM,2,DRIVER,,2009038,,KIA,OPTIMA / K5,IL,2022,UNKNOWN,PASSENGER,OTHER,S,STRAIGHT AHEAD,,,1,,,,,,,,,,,,,,,Y,Y,,FRONT-LEFT-CORNER,,,,,,,,,,,,,,,,,,,,,,,,,,,,,,,,,
2107709,bab3c95604647c16b0b1501500b7ccbe8984079f68338dd0c4c45fc7576dd92a4826bd9b8051459ae21addbace55ff6d97b88ea44002b4bc4def567fea740c24,07/15/2025 01:15:00 PM,1,DRIVER,1,2009343,,CHEVROLET,FLEETLINE,IL,2025,UNKNOWN,OTHER,UNKNOWN/NA,S,STRAIGHT AHEAD,,,2,,,,,,,,,,,,,,,Y,,,FRONT-LEFT-CORNER,,,,,,,,,,,,,,,,,,,,,,,,,,,,,,,,,
2107710,bab3c95604647c16b0b1501500b7ccbe8984079f68338dd0c4c45fc7576dd92a4826bd9b8051459ae21addbace55ff6d97b88ea44002b4bc4def567fea740c24,07/15/2025 01:15:00 PM,2,DRIVER,,2009345,,PONTIAC,G6,,,UNKNOWN,PASSENGER,UNKNOWN/NA,S,STRAIGHT AHEAD,,,1,,,,,,,,,Y,,,,,,,,,REAR-RIGHT-CORNER,,,,,,,,,,,,,,,,,,,,,,,,,,,,,,,,,