CRASH_UNIT_ID,CRASH_RECORD_ID,CRASH_DATE,UNIT_NO,UNIT_TYPE,NUM_PASSENGERS,VEHICLE_ID,CMRC_VEH_I,MAKE,MODEL,LIC_PLATE_STATE,VEHICLE_YEAR,VEHICLE_DEFECT,VEHICLE_TYPE,VEHICLE_USE,TRAVEL_DIRECTION,MANEUVER,TOWED_I,FIRE_I,OCCUPANT_CNT,EXCEED_SPEED_LIMIT_I,TOWED_BY,TOWED_TO,AREA_00_I,AREA_01_I,AREA_02_I,AREA_03_I,AREA_04_I,AREA_05_I,AREA_06_I,AREA_07_I,AREA_08_I,AREA_09_I,AREA_10_I,AREA_11_I,AREA_12_I,AREA_99_I,FIRST_CONTACT_POINT,CMV_ID,USDOT_NO,CCMC_NO,ILCC_NO,COMMERCIAL_SRC,GVWR,CARRIER_NAME,CARRIER_STATE,CARRIER_CITY,HAZMAT_PLACARDS_I,HAZMAT_NAME,UN_NO,HAZMAT_PRESENT_I,HAZMAT_REPORT_I,HAZMAT_REPORT_NO,MCS_REPORT_I,MCS_REPORT_NO,HAZMAT_VIO_CAUSE_CRASH_I,MCS_VIO_CAUSE_CRASH_I,IDOT_PERMIT_NO,WIDE_LOAD_I,TRAILER1_WIDTH,TRAILER2_WIDTH,TRAILER1_LENGTH,TRAILER2_LENGTH,TOTAL_VEHICLE_LENGTH,AXLE_CNT,VEHICLE_CONFIG,CARGO_BODY_TYPE,LOAD_TYPE,HAZMAT_OUT_OF_SERVICE_I,MCS_OUT_OF_SERVICE_I,HAZMAT_CLASS
2107242,098ebd429f3cb1c347977f9352c92c29b9c11cb09b5049736f9dddb4cada15a88eeb82cd6e5f7a34a4b2b3e7772346c724c63523ad0a43ae5899d9425e4dde7e,07/15/2025 01:10:00 PM,1,DRIVER,,2008888,,AUDI,S3,IL,2024,NONE,PASSENGER,PERSONAL,E,STRAIGHT AHEAD,,,1,,,,,Y,Y,,,,,,,,,,Y,,FRONT-RIGHT-CORNER,,,,,,,,,,,,,,,,,,,,,,,,,,,,,,,,,
2107243,098ebd429f3cb1c347977f9352c92c29b9c11cb09b5049736f9dddb4cada15a88eeb82cd6e5f7a34a4b2b3e7772346c724c63523ad0a43ae5899d9425e4dde7e,07/15/2025 01:10:00 PM,2,DRIVER,,2008909,,UNKNOWN,MOTORIZED,IL,,NONE,MOPED OR MOTORIZED BICYCLE,UNKNOWN/NA,S,STRAIGHT AHEAD,,,1,,,,,Y,,,,,,,,,,Y,Y,,FRONT,,,,,,,,,,,,,,,,,,,,,,,,,,,,,,,,,
2107281,6fb1f7a4f2f8455b5e22b1804cd39bcfbd76517b07363557fb0a748507d2fd0b67c56d516fff4582c74757ff81700ec1d7232aaf774625dabf07648dd34547a5,07/15/2025 01:10:00 PM,1,DRIVER,,2008926,,TOYOTA,PRIUS,IL,2012,UNKNOWN,PASSENGER,PERSONAL,S,STRAIGHT AHEAD,Y,,1,,OWN TOWN,,,Y,,,,,,,,,,Y,Y,Y,FRONT,,,,,,,,,,,,,,,,,,,,,,,,,,,,,,,,,
2107282,6fb1f7a4f2f8455b5e22b1804cd39bcfbd76517b07363557fb0a748507d2fd0b67c56d516fff4582c74757ff81700ec1d7232aaf774625dabf07648dd34547a5,07/15/2025 01:10:00 PM,2,DRIVER,1,2008943,,CHEVROLET,COLORADO,IL,2005,UNKNOWN,PICKUP,PERSONAL,S,SLOW/STOP IN TRAFFIC,,,2,,,,,,,,,,Y,,,,,,,Y,REAR,,,,,,,,,,,,,,,,,,,,,,,,,,,,,,,,,
2107404,9ef880cb54dd4596970e06b622635fb092c60154b18cf0cfd6c649c214e68878d9d41df3463020994a874eea1abb5aaa77cba5726c3aabcaf0a5b0a7a038ea18,07/15/2025 01:10:00 PM,1,DRIVER,,2009041,,NISSAN,240 SX,IL,,NONE,PASSENGER,UNKNOWN/NA,E,STRAIGHT AHEAD,,,1,,,,,Y,,,,,,,,,,,,,FRONT-RIGHT-CORNER,,,,,,,,,,,,,,,,,,,,,,,,,,,,,,,,,
2107405,9ef880cb54dd4596970e06b622635fb092c60154b18cf0cfd6c649c214e68878d9d41df3463020994a874eea1abb5aaa77cba5726c3aabcaf0a5b0a7a038ea18,07/15/2025 01:10:00 PM,2,BICYCLE,,,,,,,,,,,,,,,,,,,,,,,,,,,,,,,,,,,,,,,,,,,,,,,,,,,,,,,,,,,,,,,,,,
2107330,a2fd82f0e4b06a73e3d3abdb36304b72c89cef91d1690d8faaa1355aa05afbef25c24c70ce2a5977249b1452f8c5444b9466c85f0cf906fb3bba6d52f132c975,07/15/2025 01:10:00 PM,1,DRIVER,,2008968,,UNKNOWN,OTHER (EXPLAIN IN NARRATIVE),,,UNKNOWN,UNKNOWN/NA,UNKNOWN/NA,UNKNOWN,UNKNOWN/NA,,,1,,,,,,,,,,,,,,,,,Y,UNKNOWN,,,,,,,,,,,,,,,,,,,,,,,,,,,,,,,,,
2107331,a2fd82f0e4b06a73e3d3abdb36304b72c89cef91d1690d8faaa1355aa05afbef25c24c70ce2a5977249b1452f8c5444b9466c85f0cf906fb3bba6d52f132c975,07/15/2025 01:10:00 PM,2,PARKED,,2008970,,CHEVROLET,TRAVERSE,IL,2015,UNKNOWN,SPORT UTILITY VEHICLE (SUV),PERSONAL,E,PARKED,,,0,,,,,Y,Y,Y,Y,Y,,,,,,,,,SIDE-RIGHT,,,,,,,,,,,,,,,,,,,,,,,,,,,,,,,,,
2107298,c7a62a4a0540e42254ce0e7a3d0e06908e6cb278382c79840081100c25ea857e8bcdcd6dcd6a9b8a4f5a710815b7812f6b1093872740a6f4460eccfff84a183f,07/15/2025 01:09:00 PM,1,DRIVER,,2008940,Y,TOYOTA,COROLLA,IL,2022,NONE,PASSENGER,COMMERCIAL - SINGLE UNIT,E,UNKNOWN/NA,,,1,,,,Y,,,,,,,,,,,Y,Y,,FRONT,,,,,,,,,,,,,,,,,,,,,,,,,,,,,,,,,
2107299,c7a62a4a0540e42254ce0e7a3d0e06908e6cb278382c79840081100c25ea857e8bcdcd6dcd6a9b8a4f5a710815b7812f6b1093872740a6f4460eccfff84a183f,07/15/2025 01:09:00 PM,2,DRIVER,,2008945,,MAZDA,CX-5,IL,2021,NONE,SPORT UTILITY VEHICLE (SUV),UNKNOWN/NA,W,SLOW/STOP IN TRAFFIC,,,1,,,,,,,,,,Y,,,,,,,,REAR,,,,,,,,,,,,,,,,,,,,,,,,,,,,,,,,,
2107275,f5d052b0fca40507d67cdaf2b9f706c85ae7319bc60db04c04fa9628c527bb624d2a5b08dae7cf6889643d17267782010662479eb7cf21d258b6da2418f6842d,07/15/2025 01:09:00 PM,1,DRIVER,,2008924,,NISSAN,ALTIMA,IL,2020,UNKNOWN,PASSENGER,UNKNOWN/NA,S,STRAIGHT AHEAD,Y,,1,,STREETS AND SAN 045988,POUND 6,,,,,,,,,,,,,,,TOTAL (ALL AREAS),,,,,,,,,,,,,,,,,,,,,,,,,,,,,,,,,
2107276,f5d052b0fca40507d67cdaf2b9f706c85ae7319bc60db04c04fa9628c527bb624d2a5b08dae7cf6889643d17267782010662479eb7cf21d258b6da2418f6842d,07/15/2025 01:09:00 PM,2,DRIVER,1,2008932,,NISSAN,ROGUE,IL,2014,UNKNOWN,SPORT UTILITY VEHICLE (SUV),UNKNOWN/NA,W,STRAIGHT AHEAD,Y,,2,,PRIVATE UNKNOWN TOW,,,,,,,,,,,,,,,,TOTAL (ALL AREAS),,,,,,,,,,,,,,,,,,,,,,,,,,,,,,,,,
2107250,1cb20e4ad5182e378ab0b837544d83afe221e0f00be92e2d38d1735184d174af34059efde559a4dfe2468085abe03db9ca64ab3736575e98abc20518a0158fed,07/15/2025 01:06:00 PM,1,DRIVER,1,2008897,,NISSAN,SENTRA,IL,2013,NONE,PASSENGER,PERSONAL,W,STRAIGHT AHEAD,Y,,2,,,,,Y,,,,,,,,,,Y,Y,,FRONT,,,,,,,,,,,,,,,,,,,,,,,,,,,,,,,,,
2107251,1cb20e4ad5182e378ab0b837544d83afe221e0f00be92e2d38d1735184d174af34059efde559a4dfe2468085abe03db9ca64ab3736575e98abc20518a0158fed,07/15/2025 01:06:00 PM,2,DRIVER,,2008907,,AUDI,SQ5,IL,2018,NONE,PASSENGER,PERSONAL,E,TURNING LEFT,,,1,,,,,,,Y,Y,Y,,,,,,,,,SIDE-RIGHT-REAR,,,,,,,,,,,,,,,,,,,,,,,,,,,,,,,,,
2107905,a82a85fd3617819579d84ff389fdecb42bf6046a6bda276e0146edab19ccf38d6afd0aa6a5decc8d7b25a0d25e8c4bbade1cf9d36f3fcd2c33f2ad4fa580812d,07/15/2025 01:05:00 PM,1,DRIVER,,2009521,,MAZDA,CX-5,IL,2016,UNKNOWN,PASSENGER,UNKNOWN/NA,S,PASSING/OVERTAKING,,,1,,,,,,,,,,,,,,,,,,UNKNOWN,,,,,,,,,,,,,,,,,,,,,,,,,,,,,,,,,
2107906,a82a85fd3617819579d84ff389fdecb42bf6046a6bda276e0146edab19ccf38d6afd0aa6a5decc8d7b25a0d25e8c4bbade1cf9d36f3fcd2c33f2ad4fa580812d,07/15/2025 01:05:00 PM,2,DRIVER,,2009522,,BUICK,ENVISION,IL,2019,NONE,PASSENGER,PERSONAL,S,TURNING RIGHT,,,1,,,,,,,,,,,Y,Y,Y,,,,,SIDE-LEFT,,,,,,,,,,,,,,,,,,,,,,,,,,,,,,,,,
2109923,253b46b7578062e11fbc7b48364448dabd340a5c20ec29cc3cde734a5ecae267374791257aef2c52aad87fd7d78cd65b1472e5e0ccd58c2d6e5ff2c2cc015aec,07/15/2025 01:00:00 PM,1,DRIVER,,2011423,,SUBARU,OUTBACK,AZ,2013,UNKNOWN,SPORT UTILITY VEHICLE (SUV),UNKNOWN/NA,E,BACKING,,,1,,,,,,,,,,Y,Y,Y,,,,,,REAR-LEFT-CORNER,,,,,,,,,,,,,,,,,,,,,,,,,,,,,,,,,
2109924,253b46b7578062e11fbc7b48364448dabd340a5c20ec29cc3cde734a5ecae267374791257aef2c52aad87fd7d78cd65b1472e5e0ccd58c2d6e5ff2c2cc015aec,07/15/2025 01:00:00 PM,2,PARKED,,2011425,,HONDA,CIVIC,IL,2009,NONE,PASSENGER,PERSONAL,N,PARKED,,,0,,,,,,,,,,,,,,Y,Y,,,FRONT-LEFT-CORNER,,,,,,,,,,,,,,,,,,,,,,,,,,,,,,,,,
2107368,5542f26bce34678992dc9b602c108969c3453b7f4009af5dd72ac7ea552524b0fb4a74d6ffba995a7d7e8782aea8f4ef6240e0e7df42f8697fe27f8285289735,07/15/2025 01:00:00 PM,1,DRIVER,,2009015,,NISSAN,ALTIMA,IL,2012,UNKNOWN,PASSENGER,PERSONAL,N,U-TURN,,,1,,,,,Y,,,,,,,,,,,,,SIDE-RIGHT-FRONT,,,,,,,,,,,,,,,,,,,,,,,,,,,,,,,,,
2108425,9a39886985a83863533cc4ec97591d743ea2e4c7b6537023d3b103d8e789046842219f09cbdc93df20c29199cb5b40799f9a51c69ba44c62030790e72f069844,07/15/2025 01:00:00 PM,1,DRIVER,,2009993,,CHEVROLET,VAN,IL,2023,UNKNOWN,VAN/MINI-VAN,OTHER,N,STRAIGHT AHEAD,,,1,,,,,,,,Y,Y,,,,,,,,,SIDE-RIGHT-REAR,,,,,,,,,,,,,,,,,,,,,,,,,,,,,,,,,
2108426,9a39886985a83863533cc4ec97591d743ea2e4c7b6537023d3b103d8e789046842219f09cbdc93df20c29199cb5b40799f9a51c69ba44c62030790e72f069844,07/15/2025 01:00:00 PM,2,PARKED,,2010007,,TOYOTA,RAV4,IL,2021,UNKNOWN,PASSENGER,PERSONAL,N,PARKED,,,0,,,,,,,,,,,,,,Y,Y,,,SIDE-LEFT-FRONT,,,,,,,,,,,,,,,,,,,,,,,,,,,,,,,,,
2108377,a14f6af623ece185bd5b92a2329ce4d869380e7009462b9560e5aace9559cd91a88ecfd13afc4d08c97a83c1e843f880ab492ad7dd6de1fbb96b774769533b42,07/15/2025 01:00:00 PM,1,DRIVER,,2009953,,UNKNOWN,OTHER (EXPLAIN IN NARRATIVE),IL,,UNKNOWN,UNKNOWN/NA,UNKNOWN/NA,UNKNOWN,UNKNOWN/NA,,,1,,,,,,,,,,,,,,,,,,UNKNOWN,,,,,,,,,,,,,,,,,,,,,,,,,,,,,,,,,
2108378,a14f6af623ece185bd5b92a2329ce4d869380e7009462b9560e5aace9559cd91a88ecfd13afc4d08c97a83c1e843f880ab492ad7dd6de1fbb96b774769533b42,07/15/2025 01:00:00 PM,2,PARKED,,2009954,,VOLKSWAGEN,TIGUAN,IL,,NONE,PASSENGER,PERSONAL,E,PARKED,,,0,,,,,,,,,,,,,,Y,Y,,,FRONT-LEFT-CORNER,,,,,,,,,,,,,,,,,,,,,,,,,,,,,,,,,
2115026,c10fae64e037fe44313d8a8d9b234c99a854ed32a0f996042bef7296f30a00961c0cf377c353da960d1e8810dcd0b59a3600be37640923c3289a3340b6fb95d7,07/15/2025 01:00:00 PM,1,DRIVER,,2016263,,UNKNOWN,MOTORIZED,,,UNKNOWN,UNKNOWN/NA,UNKNOWN/NA,UNKNOWN,UNKNOWN/NA,,,1,,,,,,,,,,,,,,,,,Y,UNKNOWN,,,,,,,,,,,,,,,,,,,,,,,,,,,,,,,,,
2115027,c10fae64e037fe44313d8a8d9b234c99a854ed32a0f996042bef7296f30a00961c0cf377c353da960d1e8810dcd0b59a3600be37640923c3289a3340b6fb95d7,07/15/2025 01:00:00 PM,2,PARKED,,2016265,,TOYOTA,COROLLA,IL,2017,UNKNOWN,PASSENGER,PERSONAL,S,PARKED,,,0,,,,,Y,,,,,,N,N,,,,,,FRONT-RIGHT-CORNER,,,,,,,,,,,,,,,,,,,,,,,,,,,,,,,,,
2107396,a685e271d4267cd92a57e20922477c4e0d9d35646313a61811b2128b4a8fec62ebd74ec70a0d244152b75ebc126c3a2b70f750eeccb5ad727104221d82e74bf8,07/15/2025 12:54:00 PM,1,DRIVER,,2009032,,VOLKSWAGEN,ATLAS,IL,2018,UNKNOWN,UNKNOWN/NA,UNKNOWN/NA,UNKNOWN,UNKNOWN/NA,,,1,,,,,,,,,,,,,,,,,Y,UNKNOWN,,,,,,,,,,,,,,,,,,,,,,,,,,,,,,,,,
2107397,a685e271d4267cd92a57e20922477c4e0d9d35646313a61811b2128b4a8fec62ebd74ec70a0d244152b75ebc126c3a2b70f750eeccb5ad727104221d82e74bf8,07/15/2025 12:54:00 PM,2,DRIVER,,2009039,,LEXUS,NX,IL,2015,UNKNOWN,UNKNOWN/NA,UNKNOWN/NA,UNKNOWN,UNKNOWN/NA,,,1,,,,,,,,,,Y,,,,,,,,REAR,,,,,,,,,,,,,,,,,,,,,,,,,,,,,,,,,
2107308,1b9ae549bc897ae27a94f3d152c08ebedd52ad16e7925de9334b174ebcd76cd8f171f1be320edbd4776c4ef5726b0d02b8163a65acd70b53be98776dd30bee6b,07/15/2025 12:53:00 PM,1,DRIVER,,2008952,,PORSCHE,CAYENNE,IL,2002,NONE,PASSENGER,PERSONAL,N,STRAIGHT AHEAD,,,1,,,,,,,,,Y,,,,,,,,,REAR-RIGHT-CORNER,,,,,,,,,,,,,,,,,,,,,,,,,,,,,,,,,
2107309,1b9ae549bc897ae27a94f3d152c08ebedd52ad16e7925de9334b174ebcd76cd8f171f1be320edbd4776c4ef5726b0d02b8163a65acd70b53be98776dd30bee6b,07/15/2025 12:53:00 PM,2,DRIVER,,2008956,,CHEVROLET,BLAZER,IL,2024,NONE,SPORT UTILITY VEHICLE (SUV),STATE OWNED,N,STRAIGHT AHEAD,,,1,,,,,,,,,,,,,,,Y,,,FRONT-LEFT-CORNER,,,,,,,,,,,,,,,,,,,,,,,,,,,,,,,,,
2107718,ee027d734d8dc778de523b37010a084e0470b5dc41de861ee9a1248a621c74217fb05fa8324764f7f566b02d9a048e29361a7fa38f219c76b7333707e1434e7b,07/15/2025 12:49:00 PM,1,DRIVER,,2009348,,FORD,F250,IL,2004,UNKNOWN,PICKUP,UNKNOWN/NA,E,STRAIGHT AHEAD,,,1,,,,,,,,,,,,,,,,,Y,FRONT,,,,,,,,,,,,,,,,,,,,,,,,,,,,,,,,,
2107719,ee027d734d8dc778de523b37010a084e0470b5dc41de861ee9a1248a621c74217fb05fa8324764f7f566b02d9a048e29361a7fa38f219c76b7333707e1434e7b,07/15/2025 12:49:00 PM,2,DRIVER,2,2009349,,VOLKSWAGEN,JETTA,IL,2024,UNKNOWN,PASSENGER,PERSONAL,E,SLOW/STOP IN TRAFFIC,,,3,,,,,,,,Y,Y,Y,Y,Y,,,,,,REAR,,,,,,,,,,,,,,,,,,,,,,,,,,,,,,,,,
2107229,dc04b72a50d2fb1fd608306874972aca89a950305f03467ee9cc2a4063bb260d7948a4698412353a1c69f3022b4cd5bf7de30e20aeed67f6ae4b6ee0c6b29370,07/15/2025 12:48:00 PM,1,DRIVER,,2008900,,CADILLAC,XT5,IL,2017,UNKNOWN,SPORT UTILITY VEHICLE (SUV),UNKNOWN/NA,E,STRAIGHT AHEAD,,,1,,,,,Y,,,,,,,,,,Y,Y,,FRONT,,,,,,,,,,,,,,,,,,,,,,,,,,,,,,,,,
2107230,dc04b72a50d2fb1fd608306874972aca89a950305f03467ee9cc2a4063bb260d7948a4698412353a1c69f3022b4cd5bf7de30e20aeed67f6ae4b6ee0c6b29370,07/15/2025 12:48:00 PM,2,DRIVER,,2008912,,HONDA,CR-V,IL,2018,UNKNOWN,SPORT UTILITY VEHICLE (SUV),PERSONAL,E,SLOW/STOP IN TRAFFIC,,,1,,,,,,,,,,Y,Y,,,,,,,REAR-LEFT-CORNER,,,,,,,,,,,,,,,,,,,,,,,,,,,,,,,,,
2107220,4e9ea6c88d21f83d20bb835eee581cbaca759575befedf42a16511abce77e3bcd3662e183f23ac5f38b0485ae7b7ec8e57061107c57b018e10a215a5d8cc4d11,07/15/2025 12:45:00 PM,1,DRIVER,,2008870,,UNKNOWN,OTHER (EXPLAIN IN NARRATIVE),,,UNKNOWN,PASSENGER,PERSONAL,S,STRAIGHT AHEAD,,,1,,,,,Y,Y,Y,Y,Y,,,,,,,,,SIDE-RIGHT,,,,,,,,,,,,,,,,,,,,,,,,,,,,,,,,,
2107221,4e9ea6c88d21f83d20bb835eee581cbaca759575befedf42a16511abce77e3bcd3662e183f23ac5f38b0485ae7b7ec8e57061107c57b018e10a215a5d8cc4d11,07/15/2025 12:45:00 PM,2,DRIVER,1,2008885,,TOYOTA,SIENNA,IL,2020,UNKNOWN,VAN/MINI-VAN,TAXI/FOR HIRE,S,STRAIGHT AHEAD,Y,,2,,STREETS SAN RELOCATED,E 18TH DRIVE,,Y,,,,,,,,Y,Y,Y,Y,,SIDE-LEFT-FRONT,,,,,,,,,,,,,,,,,,,,,,,,,,,,,,,,,
2107222,4e9ea6c88d21f83d20bb835eee581cbaca759575befedf42a16511abce77e3bcd3662e183f23ac5f38b0485ae7b7ec8e57061107c57b018e10a215a5d8cc4d11,07/15/2025 12:45:00 PM,3,DRIVER,,2008890,,NISSAN,SENTRA,IL,2012,OTHER,PASSENGER,PERSONAL,S,STRAIGHT AHEAD,Y,,1,,STREETS SAN RELOCATED,E 18TH DRIVE,,Y,Y,Y,Y,,,Y,Y,Y,Y,Y,Y,,SIDE-LEFT,,,,,,,,,,,,,,,,,,,,,,,,,,,,,,,,,
2107231,5459487da216295388c35957c3b88106389557fe7a2ba07411bbe430a3b0bfa34b6297593cfdf4c75d4216be62d408679cd742fedb178e97941c88d045094c59,07/15/2025 12:43:00 PM,1,DRIVER,,2008882,,HONDA,PILOT,IL,2019,NONE,PASSENGER,PERSONAL,S,BACKING,,,1,,,,Y,,,,,,,,,,,,,,FRONT-RIGHT-CORNER,,,,,,,,,,,,,,,,,,,,,,,,,,,,,,,,,
2107232,5459487da216295388c35957c3b88106389557fe7a2ba07411bbe430a3b0bfa34b6297593cfdf4c75d4216be62d408679cd742fedb178e97941c88d045094c59,07/15/2025 12:43:00 PM,2,DRIVER,,2008895,,FORD,EXPLORER,IL,2016,NONE,PASSENGER,POLICE,E,SLOW/STOP IN TRAFFIC,,,1,,,,,,,,,N,,Y,,,,,,,REAR-LEFT-CORNER,,,,,,,,,,,,,,,,,,,,,,,,,,,,,,,,,
2107253,0582fff6de6406e4ecc7c26369529c643e4b21479ad15ec4f9f62bfbe9e2e974dda6cf17e317f1dd122f6560cc28027584591ad60d7b2c32727fb08d64774be0,07/15/2025 12:36:00 PM,1,DRIVER,1,2008903,,HONDA,OTHER (EXPLAIN IN NARRATIVE),IL,2024,NONE,PASSENGER,PERSONAL,NE,ENTERING TRAFFIC LANE FROM PARKING,Y,,2,,private,,,Y,Y,,,,,,,,,,,,FRONT-RIGHT-CORNER,,,,,,,,,,,,,,,,,,,,,,,,,,,,,,,,,
2107254,0582fff6de6406e4ecc7c26369529c643e4b21479ad15ec4f9f62bfbe9e2e974dda6cf17e317f1dd122f6560cc28027584591ad60d7b2c32727fb08d64774be0,07/15/2025 12:36:00 PM,2,DRIVER,,2008917,,SUBARU,OUTBACK,IL,2010,NONE,SPORT UTILITY VEHICLE (SUV),PERSONAL,E,STRAIGHT AHEAD,,,1,,,,,,,,,,,,,Y,Y,Y,Y,,FRONT-RIGHT-CORNER,,,,,,,,,,,,,,,,,,,,,,,,,,,,,,,,,
2107235,a5429f9b159c413183d75877c354a980d6088a367ddb07f7e7461910a88f8ace2c7fca356ac5c477278ee036314419e185befb6d2ecd237af5c715872c92edeb,07/15/2025 12:33:00 PM,1,DRIVER,,2008873,,UNKNOWN,MOTORIZED,,,NONE,PASSENGER,UNKNOWN/NA,UNKNOWN,OTHER,,,1,,,,,,,,,,,,,,,,,Y,UNKNOWN,,,,,,,,,,,,,,,,,,,,,,,,,,,,,,,,,
2107236,a5429f9b159c413183d75877c354a980d6088a367ddb07f7e7461910a88f8ace2c7fca356ac5c477278ee036314419e185befb6d2ecd237af5c715872c92edeb,07/15/2025 12:33:00 PM,2,PARKED,1,2008877,,AUDI,Q5,IL,2015,NONE,PICKUP,NOT IN USE,N,PARKED,,,1,,,,,,,,Y,Y,,,,,,,,,REAR-RIGHT-CORNER,,,,,,,,,,,,,,,,,,,,,,,,,,,,,,,,,
2107887,3861602615caab310eb1e3868c7b8369c812322611880e22fdeac4bad8f26110a5a04f6e5625066e8fb413ad479e351b5cf0acd71cf9068ed6ff677d6ffc5493,07/15/2025 12:30:00 PM,1,DRIVER,,2009506,Y,ISUZU,TRUCK,IL,2018,UNKNOWN,TRUCK - SINGLE UNIT,COMMERCIAL - SINGLE UNIT,UNKNOWN,UNKNOWN/NA,,,1,,,,,,,,,,,,,,,,,Y,SIDE-LEFT,,,,,,,,,,,,,,,,,,,,,,,,,,,,,,,,,
2107888,3861602615caab310eb1e3868c7b8369c812322611880e22fdeac4bad8f26110a5a04f6e5625066e8fb413ad479e351b5cf0acd71cf9068ed6ff677d6ffc5493,07/15/2025 12:30:00 PM,2,DRIVER,2,2009507,Y,JEEP,COMPASS,IL,2022,NONE,SPORT UTILITY VEHICLE (SUV),OTHER,UNKNOWN,STRAIGHT AHEAD,,,3,,,,,Y,Y,,,,,,,,,,,,SIDE-RIGHT,"21,826",,,,,,ENTERPRISE RA# 8XBNVX,,CHICAGO,,,,,,,,,,,,,,,,,,,,,,,,
2107283,786979a13805716a12442a55ebae573522ab06bdde26214f9c2dafad8cf8e5506bedcab04e0229c5056d3a1b8d73c83038d7b08646f2cc60a57893cf44122d88,07/15/2025 12:30:00 PM,1,DRIVER,,2008929,,FORD,F650,IL,2026,NONE,TRUCK - SINGLE UNIT,OTHER,E,STRAIGHT AHEAD,,,1,,,,,,,,,,,,,,,,,,TOP,,,,,,,,,,,,,,,,,,,,,,,,,,,,,,,,,
2107273,3e3b5c3cb233e26f964f31146176d02e61a36f4ad2550222c9d39ba8f6cd53302f8c59939e7c9624442df496dbe3873717d19fe88ce9d3aaeb5b8457d4be09d0,07/15/2025 12:26:00 PM,1,DRIVER,,2008934,,MITSUBISHI,ECLIPSE,IL,2020,NONE,SPORT UTILITY VEHICLE (SUV),PERSONAL,S,CHANGING LANES,,,1,,,,,,,,,,,,,Y,Y,,,,SIDE-LEFT-FRONT,,,,,,,,,,,,,,,,,,,,,,,,,,,,,,,,,
2107274,3e3b5c3cb233e26f964f31146176d02e61a36f4ad2550222c9d39ba8f6cd53302f8c59939e7c9624442df496dbe3873717d19fe88ce9d3aaeb5b8457d4be09d0,07/15/2025 12:26:00 PM,2,DRIVER,,2008944,,DODGE,RAM 1500 PU,IL,2018,NONE,PICKUP,PERSONAL,S,STRAIGHT AHEAD,,,1,,,,,Y,,,,,,,,,,,,,FRONT-RIGHT-CORNER,,,,,,,,,,,,,,,,,,,,,,,,,,,,,,,,,
2107218,169a8c2d198582965c7d15492b731905593daabea3adad98f5c66e950affee20dd2047aae29f8f58f20e2e914e389777539f79fa0b7b43df1b041ff12eefadc1,07/15/2025 12:20:00 PM,1,DRIVER,,2008867,,HONDA,OTHER (EXPLAIN IN NARRATIVE),IL,2002,UNKNOWN,PASSENGER,UNKNOWN/NA,S,STRAIGHT AHEAD,,,1,,,,,Y,,,,,,,,,Y,Y,Y,Y,UNKNOWN,,,,,,,,,,,,,,,,,,,,,,,,,,,,,,,,,
2107219,169a8c2d198582965c7d15492b731905593daabea3adad98f5c66e950affee20dd2047aae29f8f58f20e2e914e389777539f79fa0b7b43df1b041ff12eefadc1,07/15/2025 12:20:00 PM,2,DRIVER,,2008869,,CHRYSLER,200,IL,2013,UNKNOWN,PASSENGER,UNKNOWN/NA,S,STRAIGHT AHEAD,,,1,,,,,Y,Y,Y,,,,,,,,,,Y,UNKNOWN,,,,,,,,,,,,,,,,,,,,,,,,,,,,,,,,,
2107284,3526ed8befce8fa42599997cc5a09e654631efb0813d1b21cdf149c98bb2fbb8a30163709b36cef38d61f4fa9afa765df0041c34fb30858648b8aa926abd8819,07/15/2025 12:11:00 PM,1,DRIVER,,2008927,,OLDSMOBILE,CARAVAN,IL,1997,NONE,PASSENGER,PERSONAL,E,TURNING RIGHT,,,1,,,,Y,,,,,,,,,,,,,,UNKNOWN,,,,,,,,,,,,,,,,,,,,,,,,,,,,,,,,,
2107285,3526ed8befce8fa42599997cc5a09e654631efb0813d1b21cdf149c98bb2fbb8a30163709b36cef38d61f4fa9afa765df0041c34fb30858648b8aa926abd8819,07/15/2025 12:11:00 PM,2,DRIVER,,2008941,,FORD,COUNTRY SEDAN,IL,2015,NONE,PASSENGER,PERSONAL,S,STRAIGHT AHEAD,,,1,,,,,,,,,,,,,,N,Y,,,FRONT-LEFT-CORNER,,,,,,,,,,,,,,,,,,,,,,,,,,,,,,,,,
2107457,fffa08e2f44eb967eb24cd5a2c063ac0351ac8f5cf62e909c40a9d8a4994e74a6e6db9fe40ddd0b8e003f04a1962ef429200294279f25b84138e1c1ecc8534b2,07/15/2025 12:10:00 PM,1,DRIVER,,2009085,,UNKNOWN,OTHER (EXPLAIN IN NARRATIVE),,,UNKNOWN,UNKNOWN/NA,UNKNOWN/NA,N,STRAIGHT AHEAD,,,1,,,,,,,,,,,,,,,,,Y,UNKNOWN,,,,,,,,,,,,,,,,,,,,,,,,,,,,,,,,,
2107458,fffa08e2f44eb967eb24cd5a2c063ac0351ac8f5cf62e909c40a9d8a4994e74a6e6db9fe40ddd0b8e003f04a1962ef429200294279f25b84138e1c1ecc8534b2,07/15/2025 12:10:00 PM,2,PEDESTRIAN,,,,,,,,,,,,,,,,,,,,,,,,,,,,,,,,,,,,,,,,,,,,,,,,,,,,,,,,,,,,,,,,,,
2107238,99df668695b7edc4f40dea8c76c40bccfec5492a7c3e03dc562d9c0fe1438e24a72cfe9f84bad5df583c705b407f73eba9a25c225d2cc79287247b634c8a6268,07/15/2025 12:08:00 PM,1,DRIVER,,2008881,,ACURA,RL,IL,2008,UNKNOWN,UNKNOWN/NA,UNKNOWN/NA,N,STRAIGHT AHEAD,,,1,,,,,Y,,,,,,,,,,Y,Y,,FRONT,,,,,,,,,,,,,,,,,,,,,,,,,,,,,,,,,