CRASH_UNIT_ID,CRASH_RECORD_ID,CRASH_DATE,UNIT_NO,UNIT_TYPE,NUM_PASSENGERS,VEHICLE_ID,CMRC_VEH_I,MAKE,MODEL,LIC_PLATE_STATE,VEHICLE_YEAR,VEHICLE_DEFECT,VEHICLE_TYPE,VEHICLE_USE,TRAVEL_DIRECTION,MANEUVER,TOWED_I,FIRE_I,OCCUPANT_CNT,EXCEED_SPEED_LIMIT_I,TOWED_BY,TOWED_TO,AREA_00_I,AREA_01_I,AREA_02_I,AREA_03_I,AREA_04_I,AREA_05_I,AREA_06_I,AREA_07_I,AREA_08_I,AREA_09_I,AREA_10_I,AREA_11_I,AREA_12_I,AREA_99_I,FIRST_CONTACT_POINT,CMV_ID,USDOT_NO,CCMC_NO,ILCC_NO,COMMERCIAL_SRC,GVWR,CARRIER_NAME,CARRIER_STATE,CARRIER_CITY,HAZMAT_PLACARDS_I,HAZMAT_NAME,UN_NO,HAZMAT_PRESENT_I,HAZMAT_REPORT_I,HAZMAT_REPORT_NO,MCS_REPORT_I,MCS_REPORT_NO,HAZMAT_VIO_CAUSE_CRASH_I,MCS_VIO_CAUSE_CRASH_I,IDOT_PERMIT_NO,WIDE_LOAD_I,TRAILER1_WIDTH,TRAILER2_WIDTH,TRAILER1_LENGTH,TRAILER2_LENGTH,TOTAL_VEHICLE_LENGTH,AXLE_CNT,VEHICLE_CONFIG,CARGO_BODY_TYPE,LOAD_TYPE,HAZMAT_OUT_OF_SERVICE_I,MCS_OUT_OF_SERVICE_I,HAZMAT_CLASS
2107239,99df668695b7edc4f40dea8c76c40bccfec5492a7c3e03dc562d9c0fe1438e24a72cfe9f84bad5df583c705b407f73eba9a25c225d2cc79287247b634c8a6268,07/15/2025 12:08:00 PM,2,DRIVER,,2008887,,HYUNDAI,SANTA FE,IL,2007,UNKNOWN,SPORT UTILITY VEHICLE (SUV),PERSONAL,N,SLOW/STOP IN TRAFFIC,,,1,,,,,,,,,Y,Y,Y,,,,,,,REAR,,,,,,,,,,,,,,,,,,,,,,,,,,,,,,,,,
2107255,3a1269e744ff11bdafddd1544c7b8a4e52d7ffed8ef1f820b2ed7dba4a73d590708ce613c4d6a7c9680c43d0bdfa276bf3d70280b04cff79184270bed47281fe,07/15/2025 12:07:00 PM,1,DRIVER,,2008899,,HONDA,CR-V,IL,2002,NONE,SPORT UTILITY VEHICLE (SUV),PERSONAL,E,STRAIGHT AHEAD,,,1,,,,,Y,,,,,,,,,,N,Y,,FRONT,,,,,,,,,,,,,,,,,,,,,,,,,,,,,,,,,
2107256,3a1269e744ff11bdafddd1544c7b8a4e52d7ffed8ef1f820b2ed7dba4a73d590708ce613c4d6a7c9680c43d0bdfa276bf3d70280b04cff79184270bed47281fe,07/15/2025 12:07:00 PM,2,DRIVER,1,2008905,,CADILLAC,SRX,IL,2010,NONE,SPORT UTILITY VEHICLE (SUV),PERSONAL,E,STRAIGHT AHEAD,,,2,,,,,,,,,Y,Y,Y,,,,,,,REAR,,,,,,,,,,,,,,,,,,,,,,,,,,,,,,,,,
2107225,950e6b84f8214ca3c473cc6dc85a6343c18ffed869a123db4cf68f32d9bbc271379369d82ffc5233f41ea6a8c503a585d4579a21b0d25a51bcebf7984886b29f,07/15/2025 12:05:00 PM,1,DRIVER,,2008886,,CHRYSLER,CARAVAN,IL,,UNKNOWN,VAN/MINI-VAN,UNKNOWN/NA,E,STRAIGHT AHEAD,,,1,,,,,Y,,,,,,,,,,,Y,,FRONT,,,,,,,,,,,,,,,,,,,,,,,,,,,,,,,,,
2107226,950e6b84f8214ca3c473cc6dc85a6343c18ffed869a123db4cf68f32d9bbc271379369d82ffc5233f41ea6a8c503a585d4579a21b0d25a51bcebf7984886b29f,07/15/2025 12:05:00 PM,2,PEDESTRIAN,,,,,,,,,,,,,,,,,,,,,,,,,,,,,,,,,,,,,,,,,,,,,,,,,,,,,,,,,,,,,,,,,,
2107268,0ba9a4decf289e45231ab5a846b8dba05f121ea2aa2ac7a96e4db34d7bc493923973e1e6498b75c38b34ffd3bb0911221d96a13d773312333cdf22155ff540d9,07/15/2025 12:00:00 PM,1,DRIVER,,2008913,,TOYOTA,OTHER (EXPLAIN IN NARRATIVE),IL,2023,NONE,VAN/MINI-VAN,TAXI/FOR HIRE,UNKNOWN,CHANGING LANES,,,1,,,,,,,,,N,,Y,Y,,,,,,REAR-LEFT-CORNER,,,,,,,,,,,,,,,,,,,,,,,,,,,,,,,,,
2107269,0ba9a4decf289e45231ab5a846b8dba05f121ea2aa2ac7a96e4db34d7bc493923973e1e6498b75c38b34ffd3bb0911221d96a13d773312333cdf22155ff540d9,07/15/2025 12:00:00 PM,2,DRIVER,,2008918,,TOYOTA,SIENNA,IL,2025,NONE,VAN/MINI-VAN,CAMPER/RV - SINGLE UNIT,W,STRAIGHT AHEAD,,,1,,,,,Y,Y,,,,,,,,,,,,FRONT-RIGHT-CORNER,,,,,,,,,,,,,,,,,,,,,,,,,,,,,,,,,
2107296,829ac79119f554302bbd247a57744f476fbf708a2c5315e1394d8f196a8fe0d39c535b2529553aaf93bca290b7b93eecdbe65c7dd8840663f03b6b8b393d4488,07/15/2025 12:00:00 PM,1,DRIVER,,2008937,,NISSAN,ALTIMA,IL,,UNKNOWN,UNKNOWN/NA,UNKNOWN/NA,N,STRAIGHT AHEAD,,,1,,,,,,,,,,,,,,,,,Y,UNKNOWN,,,,,,,,,,,,,,,,,,,,,,,,,,,,,,,,,
2107297,829ac79119f554302bbd247a57744f476fbf708a2c5315e1394d8f196a8fe0d39c535b2529553aaf93bca290b7b93eecdbe65c7dd8840663f03b6b8b393d4488,07/15/2025 12:00:00 PM,2,DRIVER,,2008947,,CADILLAC,XT5,IL,,UNKNOWN,UNKNOWN/NA,UNKNOWN/NA,N,STRAIGHT AHEAD,,,1,,,,,,,,,,Y,,,,,,,,REAR,,,,,,,,,,,,,,,,,,,,,,,,,,,,,,,,,
2107237,5dff5b49189e910b2d78b9ba987ddaccd20b9c75ed41b41978b8db5e793595e51424f3a6938dcbd8cf2d719ff303e9964ce26b9c4e670c661013297058d5750a,07/15/2025 11:55:00 AM,1,DRIVER,,2008878,,LEXUS,OTHER (EXPLAIN IN NARRATIVE),IL,2024,UNKNOWN,PASSENGER,UNKNOWN/NA,W,STRAIGHT AHEAD,,,1,,,,,,,,,,,,,,,Y,Y,,FRONT-RIGHT-CORNER,,,,,,,,,,,,,,,,,,,,,,,,,,,,,,,,,
2107181,14fa54d929ac0cebd32e93f7d964dd37c47e68da8d1b9922968ff00485b029eeddd0314d8f4b6eab70b15a1e91968b9c63438558e048def601c1c8d1370c5709,07/15/2025 11:50:00 AM,1,DRIVER,,2008823,,UNKNOWN,OTHER (EXPLAIN IN NARRATIVE),,,UNKNOWN,PASSENGER,UNKNOWN/NA,N,TURNING RIGHT,,,1,,,,,,,,,,,,,,,,,Y,FRONT,,,,,,,,,,,,,,,,,,,,,,,,,,,,,,,,,
2107182,14fa54d929ac0cebd32e93f7d964dd37c47e68da8d1b9922968ff00485b029eeddd0314d8f4b6eab70b15a1e91968b9c63438558e048def601c1c8d1370c5709,07/15/2025 11:50:00 AM,2,DRIVER,,2008831,,JEEP,GRAND CHEROKEE,IN,2012,NONE,SPORT UTILITY VEHICLE (SUV),PERSONAL,E,STRAIGHT AHEAD,,,1,,,,,Y,,,,,,,,,,,,,FRONT-RIGHT-CORNER,,,,,,,,,,,,,,,,,,,,,,,,,,,,,,,,,
2107246,359a4bc38f48e0f8e76f6ba3e4b8b7705cea3e2ba99ee5b7587267066ac5785e3a35c550efdf6aa1845ee038690aa2e5395a22fcdad37b0fb7b568f024aa030e,07/15/2025 11:50:00 AM,1,DRIVER,2,2008896,,TOYOTA,HIGHLANDER,IL,2023,NONE,PASSENGER,RIDESHARE SERVICE,N,TURNING LEFT,,,3,,,,,,,,Y,,,,,,,,,,SIDE-RIGHT-REAR,,,,,,,,,,,,,,,,,,,,,,,,,,,,,,,,,
2107247,359a4bc38f48e0f8e76f6ba3e4b8b7705cea3e2ba99ee5b7587267066ac5785e3a35c550efdf6aa1845ee038690aa2e5395a22fcdad37b0fb7b568f024aa030e,07/15/2025 11:50:00 AM,2,DRIVER,,2008910,,CHEVROLET,EQUINOX,MI,2025,NONE,PASSENGER,PERSONAL,N,SLOW/STOP IN TRAFFIC,,,1,,,,,,,,,,,Y,,,,,,,REAR-LEFT-CORNER,,,,,,,,,,,,,,,,,,,,,,,,,,,,,,,,,
2107223,7e5182c14674d3519633c1e66a4e7644f09c5831c52cedaa6345289c023e9d00d1b89f421909cce801bfe19e3232cc6d32f54bbdd4931570eb5fbb619a8608db,07/15/2025 11:50:00 AM,1,DRIVER,,2008872,,CHEVROLET,MALIBU,IL,2015,UNKNOWN,PASSENGER,UNKNOWN/NA,S,OTHER,,,1,,,,,,Y,Y,,,,,,,,,,,SIDE-RIGHT,,,,,,,,,,,,,,,,,,,,,,,,,,,,,,,,,
2107224,7e5182c14674d3519633c1e66a4e7644f09c5831c52cedaa6345289c023e9d00d1b89f421909cce801bfe19e3232cc6d32f54bbdd4931570eb5fbb619a8608db,07/15/2025 11:50:00 AM,2,DRIVER,,2008889,,VOLKSWAGEN,ATLAS,IL,2024,NONE,PASSENGER,PERSONAL,S,OTHER,,,1,,,,,,,,,,,,,,Y,Y,,,FRONT-RIGHT-CORNER,,,,,,,,,,,,,,,,,,,,,,,,,,,,,,,,,
2107262,36df3a44a8ab200440f6349fc9c60849ab9138b6b17514007f6ea9b0170930b30b2df5a8e885424edab1775034200eb68f3d2e903dbf3f1272a43df7863d4a6c,07/15/2025 11:45:00 AM,1,DRIVER,,2008911,,HONDA,CR-V,IL,2007,UNKNOWN,SPORT UTILITY VEHICLE (SUV),UNKNOWN/NA,W,STRAIGHT AHEAD,,,1,,,,,Y,,,,,,,,,,,,,FRONT-RIGHT-CORNER,,,,,,,,,,,,,,,,,,,,,,,,,,,,,,,,,
2107272,36df3a44a8ab200440f6349fc9c60849ab9138b6b17514007f6ea9b0170930b30b2df5a8e885424edab1775034200eb68f3d2e903dbf3f1272a43df7863d4a6c,07/15/2025 11:45:00 AM,2,DRIVER,,2008919,,CHEVROLET,IMPALA,IL,2018,UNKNOWN,PASSENGER,OTHER,W,TURNING RIGHT,,,1,,,,,,,,,,,,,,,Y,,,FRONT-LEFT-CORNER,,,,,,,,,,,,,,,,,,,,,,,,,,,,,,,,,
2107197,9602b1fbe260860c1e976641c7f259755ed085fb81d9da8c09b06c81103b6575e0ae16a0afa2b197f9b658c6a6bdee0d90c4645463e9cd0ef771ed76d4703974,07/15/2025 11:45:00 AM,1,DRIVER,,2008840,,HYUNDAI,TIBURON,IL,2024,NONE,SPORT UTILITY VEHICLE (SUV),PERSONAL,W,STRAIGHT AHEAD,,,1,,,,,Y,,,,,,,,,,Y,Y,,FRONT,,,,,,,,,,,,,,,,,,,,,,,,,,,,,,,,,
2107198,9602b1fbe260860c1e976641c7f259755ed085fb81d9da8c09b06c81103b6575e0ae16a0afa2b197f9b658c6a6bdee0d90c4645463e9cd0ef771ed76d4703974,07/15/2025 11:45:00 AM,2,DRIVER,,2008845,,CHEVROLET,IMPALA,IL,2017,NONE,PASSENGER,PERSONAL,N,STRAIGHT AHEAD,,,1,,,,,,,Y,Y,Y,,,,,,,,,SIDE-RIGHT-REAR,,,,,,,,,,,,,,,,,,,,,,,,,,,,,,,,,
2107185,992b9926cdbc0106952f933659026580e9cea8e5f0b3fdf10aca22ef2582945bffa935c92520cad09ff259171abe532ef6b92a2c3a768a926470791ed393c189,07/15/2025 11:35:00 AM,1,DRIVER,,2008836,,HONDA,HR-V,IL,2017,NONE,PASSENGER,UNKNOWN/NA,W,STRAIGHT AHEAD,Y,,1,,UNKNOWN,UNKNOWN,,Y,Y,,,,,,,,,N,Y,,FRONT-RIGHT-CORNER,,,,,,,,,,,,,,,,,,,,,,,,,,,,,,,,,
2107186,992b9926cdbc0106952f933659026580e9cea8e5f0b3fdf10aca22ef2582945bffa935c92520cad09ff259171abe532ef6b92a2c3a768a926470791ed393c189,07/15/2025 11:35:00 AM,2,PARKED,,2008838,,TOYOTA,SEQUOIA,IL,2001,NONE,PASSENGER,NOT IN USE,W,PARKED,,,0,,,,,,,,,,Y,Y,Y,,,,,,REAR-LEFT-CORNER,,,,,,,,,,,,,,,,,,,,,,,,,,,,,,,,,
2107173,a8fb6240fe93d45fedee159f720be50c793fb6e7bbf3c0b358eded3d070a177653dced1d435732c619d76ebe64a737269497d37a092190be24733cdbab715ffd,07/15/2025 11:35:00 AM,1,DRIVER,,2008815,,HYUNDAI,TUCSON,IL,2025,UNKNOWN,UNKNOWN/NA,UNKNOWN/NA,UNKNOWN,UNKNOWN/NA,,,1,,,,,,,,,,,,,,,,,Y,UNKNOWN,,,,,,,,,,,,,,,,,,,,,,,,,,,,,,,,,
2107174,a8fb6240fe93d45fedee159f720be50c793fb6e7bbf3c0b358eded3d070a177653dced1d435732c619d76ebe64a737269497d37a092190be24733cdbab715ffd,07/15/2025 11:35:00 AM,2,DRIVER,1,2008820,,CADILLAC,CTS,IL,2012,UNKNOWN,UNKNOWN/NA,UNKNOWN/NA,UNKNOWN,UNKNOWN/NA,,,2,,,,,,,,,,,,,,,,,Y,UNKNOWN,,,,,,,,,,,,,,,,,,,,,,,,,,,,,,,,,
2107208,948b56328b2275374871a8637de094bd20e985ffe43acc29bebcd5ed3be869dde7ad886afcdd0b9796e44f87deb97e5355d1474ee94be9e826a1bc80406c65c9,07/15/2025 11:27:00 AM,1,DRIVER,,2009341,,MERCEDES-BENZ,ML350,IL,2012,NONE,PASSENGER,PERSONAL,S,UNKNOWN/NA,,,1,,,,,,Y,Y,Y,,,,,,,N,,Y,SIDE-RIGHT,,,,,,,,,,,,,,,,,,,,,,,,,,,,,,,,,
2107209,948b56328b2275374871a8637de094bd20e985ffe43acc29bebcd5ed3be869dde7ad886afcdd0b9796e44f87deb97e5355d1474ee94be9e826a1bc80406c65c9,07/15/2025 11:27:00 AM,2,DRIVER,,2009342,,FREIGHTLINER CORPORATION,FREIGHTLINER CORP.,IL,2025,NONE,PASSENGER,PERSONAL,S,STRAIGHT AHEAD,,,1,,,,,,,,,,,,Y,Y,Y,,,Y,SIDE-LEFT,,,,,,,,,,,,,,,,,,,,,,,,,,,,,,,,,
2107175,093153489c4e180944122a95176e7ce2618f9131ed27dc2565107e33ec979bcb3f048a226f4b5a5c5fb4f6c1deafdd8a507fdd2510776368a49ddcbe1a71bc2b,07/15/2025 11:20:00 AM,1,DRIVER,,2008817,,TOYOTA,OTHER (EXPLAIN IN NARRATIVE),IL,1998,UNKNOWN,PASSENGER,UNKNOWN/NA,S,STRAIGHT AHEAD,,,1,,,,,,,,,,,,,,,,,Y,FRONT,,,,,,,,,,,,,,,,,,,,,,,,,,,,,,,,,
2107176,093153489c4e180944122a95176e7ce2618f9131ed27dc2565107e33ec979bcb3f048a226f4b5a5c5fb4f6c1deafdd8a507fdd2510776368a49ddcbe1a71bc2b,07/15/2025 11:20:00 AM,2,DRIVER,,2008822,,CHEVROLET,TRAIL BLAZER,IL,2021,NONE,PASSENGER,PERSONAL,S,SLOW/STOP IN TRAFFIC,,,1,,,,,,,,,Y,Y,,,,,,,,REAR,,,,,,,,,,,,,,,,,,,,,,,,,,,,,,,,,
2107216,f2b920e6516ea32180ac35b7aa5c6e347c46c563b47ada4fae2b39d9febd8142d9f6b2af6c27644a05f52e296c9a90c88da55ea4b6ff143559237f9645574391,07/15/2025 11:20:00 AM,1,DRIVER,3,2008868,,SUZUKI,GRAND VITARA,IL,2006,UNKNOWN,SPORT UTILITY VEHICLE (SUV),PERSONAL,N,ENTERING TRAFFIC LANE FROM PARKING,,,4,,,,,,,,,,,,,,,Y,,,FRONT-LEFT-CORNER,,,,,,,,,,,,,,,,,,,,,,,,,,,,,,,,,
2107217,f2b920e6516ea32180ac35b7aa5c6e347c46c563b47ada4fae2b39d9febd8142d9f6b2af6c27644a05f52e296c9a90c88da55ea4b6ff143559237f9645574391,07/15/2025 11:20:00 AM,2,DRIVER,1,2008893,,CHEVROLET,TAHOE,IL,2017,UNKNOWN,SPORT UTILITY VEHICLE (SUV),PERSONAL,N,STRAIGHT AHEAD,,,2,,,,,Y,,,,,,,,,,,,,FRONT-RIGHT-CORNER,,,,,,,,,,,,,,,,,,,,,,,,,,,,,,,,,
2107159,07909262e3c0fadd22c0ca5eaa24d13f5d4da04f9ad57df6f54f777cf152ac3af92b7e318fc06368307cb82aaf94d6df436d5c3036f4f0e33b6831bc911aca28,07/15/2025 11:16:00 AM,1,DRIVER,,2008818,,HONDA,CR-V,IL,2015,UNKNOWN,PASSENGER,PERSONAL,E,TURNING LEFT,,,1,,,,,,,,,,,,,,,,,Y,UNKNOWN,,,,,,,,,,,,,,,,,,,,,,,,,,,,,,,,,
2107160,07909262e3c0fadd22c0ca5eaa24d13f5d4da04f9ad57df6f54f777cf152ac3af92b7e318fc06368307cb82aaf94d6df436d5c3036f4f0e33b6831bc911aca28,07/15/2025 11:16:00 AM,2,DRIVER,3,2008793,,HYUNDAI,ELANTRA,IL,2016,NONE,PASSENGER,PERSONAL,W,STRAIGHT AHEAD,,,4,,,,,Y,,,,,,,,,Y,Y,Y,,OTHER,,,,,,,,,,,,,,,,,,,,,,,,,,,,,,,,,
2107768,7d49722c57c1b9bd31165f2afdce1342f68d29751809887c3bd1a395f7d1ec9a33b5e5bb555c3bebaf4d5b025df7c1f8cbf3302e3da86346dc5cd4d1bf54d62c,07/15/2025 11:15:00 AM,1,DRIVER,,2009394,,UNKNOWN,OTHER (EXPLAIN IN NARRATIVE),,,UNKNOWN,PASSENGER,PERSONAL,N,STRAIGHT AHEAD,,,1,,,,,,,,,,,,,,,,,Y,UNDER CARRIAGE,,,,,,,,,,,,,,,,,,,,,,,,,,,,,,,,,
2107769,7d49722c57c1b9bd31165f2afdce1342f68d29751809887c3bd1a395f7d1ec9a33b5e5bb555c3bebaf4d5b025df7c1f8cbf3302e3da86346dc5cd4d1bf54d62c,07/15/2025 11:15:00 AM,2,PEDESTRIAN,,,,,,,,,,,,,,,,,,,,,,,,,,,,,,,,,,,,,,,,,,,,,,,,,,,,,,,,,,,,,,,,,,
2108446,841686f14828f096db6d6e6b0568dbed45a36308112384bfbd439530ce01ed952fe599acd99abe5211b467aa5bc9234c076d3f2e03caedd6079319424432d75d,07/15/2025 11:15:00 AM,2,DRIVER,,2010013,,HONDA,CIVIC,IL,2006,NONE,PASSENGER,PERSONAL,W,STRAIGHT AHEAD,,,1,,,,,,,,,,Y,,,,,,,,REAR,,,,,,,,,,,,,,,,,,,,,,,,,,,,,,,,,
2108447,841686f14828f096db6d6e6b0568dbed45a36308112384bfbd439530ce01ed952fe599acd99abe5211b467aa5bc9234c076d3f2e03caedd6079319424432d75d,07/15/2025 11:15:00 AM,1,DRIVER,,2010019,,TOYOTA,CAMRY,IL,2007,NONE,PASSENGER,PERSONAL,W,STRAIGHT AHEAD,,,1,,,,,,,,,,,,,,,,Y,,FRONT,,,,,,,,,,,,,,,,,,,,,,,,,,,,,,,,,
2107205,5bc4a4167e15655cbdea299f1ec1239a3cb380c9ca690e00b9e7b50c21cae4c87a4068d28578e83b46b3c12db0ea206676c0f68cfe9ea31feaaf56c2d72613d5,07/15/2025 11:10:00 AM,1,DRIVER,,2008854,,DODGE,DURANGO,IL,2003,UNKNOWN,SPORT UTILITY VEHICLE (SUV),PERSONAL,N,TURNING LEFT,,,1,,,,,,,Y,Y,Y,,,,,,,,,SIDE-RIGHT-REAR,,,,,,,,,,,,,,,,,,,,,,,,,,,,,,,,,
2107206,5bc4a4167e15655cbdea299f1ec1239a3cb380c9ca690e00b9e7b50c21cae4c87a4068d28578e83b46b3c12db0ea206676c0f68cfe9ea31feaaf56c2d72613d5,07/15/2025 11:10:00 AM,2,DRIVER,,2008862,,GENERAL MOTORS CORPORATION (GMC),TERRAIN,IN,2019,UNKNOWN,SPORT UTILITY VEHICLE (SUV),COMMERCIAL - SINGLE UNIT,S,STRAIGHT AHEAD,Y,,1,,CITY OF CHICAGO,POUND 2,,Y,Y,,,,,,,,,Y,Y,,FRONT-RIGHT-CORNER,,,,,,,,,,,,,,,,,,,,,,,,,,,,,,,,,
2107157,0b04a6ebd32bed34881f47109cf152f7fe1aa82c213cb2a6736f72ab6693af9c0c2c4af2bd05bc0ce10a20a22fd82f7fc1cb361b5aafa4ef08020460d3ee90f6,07/15/2025 11:06:00 AM,1,DRIVER,,2008797,,NISSAN,ROGUE,IL,2017,UNKNOWN,PASSENGER,PERSONAL,N,STRAIGHT AHEAD,,,1,,,,,,,,,,,,,,,,Y,,FRONT,,,,,,,,,,,,,,,,,,,,,,,,,,,,,,,,,
2107158,0b04a6ebd32bed34881f47109cf152f7fe1aa82c213cb2a6736f72ab6693af9c0c2c4af2bd05bc0ce10a20a22fd82f7fc1cb361b5aafa4ef08020460d3ee90f6,07/15/2025 11:06:00 AM,2,DRIVER,,2008805,,TESLA,MODEL Y,IL,2021,UNKNOWN,PASSENGER,PERSONAL,N,SLOW/STOP IN TRAFFIC,,,1,,,,,,,,,,Y,,,,,,,,REAR,,,,,,,,,,,,,,,,,,,,,,,,,,,,,,,,,
2107151,9046dea2985dc3d4323a2db4300ea7e1b9f0eefd21976c7e87e61326c9146686854b5657a84891c72ade56f1ac6bea15d8db586c2001726e5b61f77cb75b80c7,07/15/2025 11:05:00 AM,1,DRIVER,1,2008790,,KIA,OPTIMA / K5,IL,2018,NONE,PASSENGER,OTHER,N,PASSING/OVERTAKING,N,,2,,,,,Y,,,,,,,,,,Y,Y,,FRONT-RIGHT-CORNER,,,,,,,,,,,,,,,,,,,,,,,,,,,,,,,,,
2107152,9046dea2985dc3d4323a2db4300ea7e1b9f0eefd21976c7e87e61326c9146686854b5657a84891c72ade56f1ac6bea15d8db586c2001726e5b61f77cb75b80c7,07/15/2025 11:05:00 AM,2,DRIVER,,2008801,,CHEVROLET,EXPRESS,IL,2001,NONE,VAN/MINI-VAN,PERSONAL,N,STRAIGHT AHEAD,,,1,,,,,Y,,,,,,,,,Y,Y,Y,,FRONT-LEFT-CORNER,,,,,,,,,,,,,,,,,,,,,,,,,,,,,,,,,
2107153,464bfeac97ae291d054f69ef6640646a2cbad20cf1b4f3075b2cc38eb4dfe6497f856512425c9c91fbdfc4cd2a7784d624ad533c011f02f3099b0e1e5e5a3e37,07/15/2025 11:00:00 AM,1,DRIVER,,2008795,,CHEVROLET,EXPRESS,IL,2008,NONE,VAN/MINI-VAN,AGRICULTURE,UNKNOWN,STRAIGHT AHEAD,,,1,,,,,,,,,,,,,,,Y,,,FRONT-LEFT-CORNER,,,,,,,,,,,,,,,,,,,,,,,,,,,,,,,,,
2107154,464bfeac97ae291d054f69ef6640646a2cbad20cf1b4f3075b2cc38eb4dfe6497f856512425c9c91fbdfc4cd2a7784d624ad533c011f02f3099b0e1e5e5a3e37,07/15/2025 11:00:00 AM,2,DRIVER,,2008806,,NISSAN,NV CARGO,IL,2016,NONE,VAN/MINI-VAN,AGRICULTURE,UNKNOWN,STRAIGHT AHEAD,,,1,,,,,,,Y,Y,,,,,,,,,,SIDE-RIGHT,,,,,,,,,,,,,,,,,,,,,,,,,,,,,,,,,
2107191,969b586c04d0784c3649ea82ec46504aea837b2945b3347f1ca24f3137cb47d2fea1164958692f0cec0182ed43329c3a0fd3984313336a5ec71bf3e2eeed6a1c,07/15/2025 11:00:00 AM,1,DRIVER,,2008843,,HONDA,CIVIC,IL,2004,NONE,PASSENGER,UNKNOWN/NA,W,SLOW/STOP IN TRAFFIC,,,1,,,,,,,,,,,,,,,,Y,,FRONT,,,,,,,,,,,,,,,,,,,,,,,,,,,,,,,,,
2107192,969b586c04d0784c3649ea82ec46504aea837b2945b3347f1ca24f3137cb47d2fea1164958692f0cec0182ed43329c3a0fd3984313336a5ec71bf3e2eeed6a1c,07/15/2025 11:00:00 AM,2,DRIVER,,2008849,,VOLVO,XC90,IL,2025,NONE,SPORT UTILITY VEHICLE (SUV),UNKNOWN/NA,W,SLOW/STOP IN TRAFFIC,,,1,,,,,,,,,,Y,,,,,,,,REAR,,,,,,,,,,,,,,,,,,,,,,,,,,,,,,,,,
2107161,979ef4b6b7343a68189bc55cd76cabfd5c83e864178b5dc7c930ecc6e9cd498930106a0b076ba0b60a02645273dde71d0789cf0eec980aeed8f2f177143d0dfc,07/15/2025 11:00:00 AM,1,DRIVER,,2008796,,HONDA,CIVIC,IL,2011,NONE,PASSENGER,PERSONAL,S,STRAIGHT AHEAD,,,1,,,,,Y,,,,,,,,,,Y,Y,Y,FRONT,,,,,,,,,,,,,,,,,,,,,,,,,,,,,,,,,
2107162,979ef4b6b7343a68189bc55cd76cabfd5c83e864178b5dc7c930ecc6e9cd498930106a0b076ba0b60a02645273dde71d0789cf0eec980aeed8f2f177143d0dfc,07/15/2025 11:00:00 AM,2,DRIVER,,2008804,,CHRYSLER,200,IL,2022,NONE,PASSENGER,PERSONAL,N,TURNING LEFT,,,1,,,,,,,,,,,,Y,Y,Y,,,Y,SIDE-LEFT,,,,,,,,,,,,,,,,,,,,,,,,,,,,,,,,,
2107233,a50fdb7902128e266ebaabfffcb5298cc51957dadb66d1cdf524c29c37d9177d7772d0c745270088a74392cec93b1dcde6e729897af9f1d691780eb33e39be42,07/15/2025 11:00:00 AM,1,DRIVER,,2008876,,TOYOTA,COROLLA,IL,2014,UNKNOWN,PASSENGER,UNKNOWN/NA,S,BACKING,,,1,,,,,Y,,,,,,,,,,N,N,N,UNKNOWN,,,,,,,,,,,,,,,,,,,,,,,,,,,,,,,,,
2107234,a50fdb7902128e266ebaabfffcb5298cc51957dadb66d1cdf524c29c37d9177d7772d0c745270088a74392cec93b1dcde6e729897af9f1d691780eb33e39be42,07/15/2025 11:00:00 AM,2,PARKED,,2008880,,KIA,SELTOS,IL,2021,UNKNOWN,PASSENGER,UNKNOWN/NA,N,PARKED,,,0,,,,,,,,,Y,Y,Y,,,,,,,REAR,,,,,,,,,,,,,,,,,,,,,,,,,,,,,,,,,
2107212,bb945761cd02a3347a187137bebc4fd4a69bc756499529123af04073c7767bb7cb88f1125384336563c2eb79a0b563b4650599b21d190f3b2535a416d5cb0835,07/15/2025 11:00:00 AM,1,DRIVER,,2008860,,SUBARU,OUTBACK,IL,2011,UNKNOWN,PASSENGER,PERSONAL,UNKNOWN,UNKNOWN/NA,,,1,,,,,Y,,,,,,,,,,,,,SIDE-RIGHT-FRONT,,,,,,,,,,,,,,,,,,,,,,,,,,,,,,,,,
2107213,bb945761cd02a3347a187137bebc4fd4a69bc756499529123af04073c7767bb7cb88f1125384336563c2eb79a0b563b4650599b21d190f3b2535a416d5cb0835,07/15/2025 11:00:00 AM,2,PARKED,,2008864,,LEXUS,CT200H,IL,2014,UNKNOWN,PASSENGER,PERSONAL,UNKNOWN,PARKED,,,0,,,,,Y,,,,,,,,,,,,,SIDE-RIGHT-FRONT,,,,,,,,,,,,,,,,,,,,,,,,,,,,,,,,,
2107189,d6273b813e761652135b425637cbf3843a64b2ea3375e194bd880f096d9b7a2113182862847e74da7aa2965a2cc8d0b691c6111ccf5d30a1744b5ee4d45c262e,07/15/2025 11:00:00 AM,1,DRIVER,,2008833,,UNKNOWN,MOTORIZED,,,UNKNOWN,UNKNOWN/NA,UNKNOWN/NA,UNKNOWN,UNKNOWN/NA,,,1,,,,,,,,,,,,,,,,,Y,UNKNOWN,,,,,,,,,,,,,,,,,,,,,,,,,,,,,,,,,