CRASH_UNIT_ID,CRASH_RECORD_ID,CRASH_DATE,UNIT_NO,UNIT_TYPE,NUM_PASSENGERS,VEHICLE_ID,CMRC_VEH_I,MAKE,MODEL,LIC_PLATE_STATE,VEHICLE_YEAR,VEHICLE_DEFECT,VEHICLE_TYPE,VEHICLE_USE,TRAVEL_DIRECTION,MANEUVER,TOWED_I,FIRE_I,OCCUPANT_CNT,EXCEED_SPEED_LIMIT_I,TOWED_BY,TOWED_TO,AREA_00_I,AREA_01_I,AREA_02_I,AREA_03_I,AREA_04_I,AREA_05_I,AREA_06_I,AREA_07_I,AREA_08_I,AREA_09_I,AREA_10_I,AREA_11_I,AREA_12_I,AREA_99_I,FIRST_CONTACT_POINT,CMV_ID,USDOT_NO,CCMC_NO,ILCC_NO,COMMERCIAL_SRC,GVWR,CARRIER_NAME,CARRIER_STATE,CARRIER_CITY,HAZMAT_PLACARDS_I,HAZMAT_NAME,UN_NO,HAZMAT_PRESENT_I,HAZMAT_REPORT_I,HAZMAT_REPORT_NO,MCS_REPORT_I,MCS_REPORT_NO,HAZMAT_VIO_CAUSE_CRASH_I,MCS_VIO_CAUSE_CRASH_I,IDOT_PERMIT_NO,WIDE_LOAD_I,TRAILER1_WIDTH,TRAILER2_WIDTH,TRAILER1_LENGTH,TRAILER2_LENGTH,TOTAL_VEHICLE_LENGTH,AXLE_CNT,VEHICLE_CONFIG,CARGO_BODY_TYPE,LOAD_TYPE,HAZMAT_OUT_OF_SERVICE_I,MCS_OUT_OF_SERVICE_I,HAZMAT_CLASS
2107190,d6273b813e761652135b425637cbf3843a64b2ea3375e194bd880f096d9b7a2113182862847e74da7aa2965a2cc8d0b691c6111ccf5d30a1744b5ee4d45c262e,07/15/2025 11:00:00 AM,2,PARKED,,2008835,,NISSAN,KICKS,IL,2023,NONE,PASSENGER,NOT IN USE,E,PARKED,,,0,,,,,,,,,,,,,Y,Y,Y,,,SIDE-LEFT-FRONT,,,,,,,,,,,,,,,,,,,,,,,,,,,,,,,,,
2107676,2e4f79d8398cf9c503fd3801a6f483af4758773d0a6465455a194691dd1e81c24349433eaa95a38a20760e900096b3ecace8b54bc7e522bfd23cdd182dd044bd,07/15/2025 10:55:00 AM,1,DRIVER,,2009310,,CHEVROLET,IMPALA,,2016,UNKNOWN,PASSENGER,UNKNOWN/NA,W,STRAIGHT AHEAD,,,1,,,,,,,,,,,,,,,,,,FRONT,,,,,,,,,,,,,,,,,,,,,,,,,,,,,,,,,
2107677,2e4f79d8398cf9c503fd3801a6f483af4758773d0a6465455a194691dd1e81c24349433eaa95a38a20760e900096b3ecace8b54bc7e522bfd23cdd182dd044bd,07/15/2025 10:55:00 AM,2,DRIVER,1,2009315,,MERCEDES-BENZ,OTHER (EXPLAIN IN NARRATIVE),IL,2008,NONE,PASSENGER,PERSONAL,W,STRAIGHT AHEAD,,,2,,,,,,,,,Y,Y,Y,,,,,,,REAR,,,,,,,,,,,,,,,,,,,,,,,,,,,,,,,,,
2107144,22de7002d3c560d526448dc7965b78df5d973890a9063e08f5366f4c1af7a9accc254faef48a53ee187bd12f57e1278858c09ea5da8ec6eb9b6a66942e768972,07/15/2025 10:48:00 AM,1,DRIVER,,2008788,,FORD,OTHER (EXPLAIN IN NARRATIVE),IL,2023,UNKNOWN,UNKNOWN/NA,UNKNOWN/NA,S,NEGOTIATING A CURVE,,,1,,,,,,,,,,,,Y,Y,Y,,,,SIDE-LEFT,,,,,,,,,,,,,,,,,,,,,,,,,,,,,,,,,
2107163,4b952718bca1747549c0632e243f10c79a57113d7af3ec13c8561f5c8f832ee69481c818f9da83d09d5a217bb872f9084e49878b71b4b4e5b6f4efc0272188a8,07/15/2025 10:47:00 AM,1,DRIVER,,2008809,,CHRYSLER,300,IL,2012,UNKNOWN,PASSENGER,PERSONAL,NE,TURNING LEFT,,,1,,,,,Y,,,,,,,,,,,,,UNKNOWN,,,,,,,,,,,,,,,,,,,,,,,,,,,,,,,,,
2107164,4b952718bca1747549c0632e243f10c79a57113d7af3ec13c8561f5c8f832ee69481c818f9da83d09d5a217bb872f9084e49878b71b4b4e5b6f4efc0272188a8,07/15/2025 10:47:00 AM,2,DRIVER,,2008816,,HYUNDAI,SONATA,IL,2013,UNKNOWN,PASSENGER,PERSONAL,NE,TURNING LEFT,,,1,,,,,,,,,,,Y,,,,,,,UNKNOWN,,,,,,,,,,,,,,,,,,,,,,,,,,,,,,,,,
2107203,65c4ad77b40aea2b51ccb280f5a294a6e786805e9d011dfbe280983ffb515c614947ee9c3d6a552483ef35425714e33b7d2a2650f0257ee6094ef48cb8ca843b,07/15/2025 10:45:00 AM,1,DRIVER,1,2008856,,LEXUS,RX350,IL,2024,UNKNOWN,SPORT UTILITY VEHICLE (SUV),PERSONAL,E,TURNING LEFT,,,2,,,,,Y,Y,,,,,,,,N,Y,Y,,FRONT-RIGHT-CORNER,,,,,,,,,,,,,,,,,,,,,,,,,,,,,,,,,
2107204,65c4ad77b40aea2b51ccb280f5a294a6e786805e9d011dfbe280983ffb515c614947ee9c3d6a552483ef35425714e33b7d2a2650f0257ee6094ef48cb8ca843b,07/15/2025 10:45:00 AM,2,DRIVER,,2008859,,CHEVROLET,EQUINOX,IL,2020,UNKNOWN,SPORT UTILITY VEHICLE (SUV),OTHER,NW,STRAIGHT AHEAD,Y,,1,,CITY OF CHICAGO,1401 W GRAND,,,,,,,,Y,Y,Y,,,,,REAR-LEFT-CORNER,,,,,,,,,,,,,,,,,,,,,,,,,,,,,,,,,
2107263,a25472643d636fa53870538ce08f9e47ceb52a687a3dd6330683909f8e349c2b8c58cc749e094031e38254063d0f34b0418b63dcfa05d9e1e87225a93d958c3e,07/15/2025 10:45:00 AM,1,DRIVER,,2008916,,FORD,F550,,2023,NONE,PICKUP,OTHER,N,STRAIGHT AHEAD,,,1,,,,Y,,,,,,,,,,,,,,REAR,,,,,,,,,,,,,,,,,,,,,,,,,,,,,,,,,
2107264,a25472643d636fa53870538ce08f9e47ceb52a687a3dd6330683909f8e349c2b8c58cc749e094031e38254063d0f34b0418b63dcfa05d9e1e87225a93d958c3e,07/15/2025 10:45:00 AM,2,PARKED,2,2008922,,CHEVROLET,EXPRESS,IL,2009,NONE,PASSENGER,PERSONAL,N,PARKED IN TRAFFIC LANE,,,2,,,,,,,,,,,,,,,,Y,,FRONT,,,,,,,,,,,,,,,,,,,,,,,,,,,,,,,,,
2107187,b89393db67109d86a43c727cc62eb79016d6e4e5dbc2f742556934602a3989d7e85a9ca43320bd05ddd1b591dad3aa8b1ed19d9187bb6c5764c5a603360045b6,07/15/2025 10:45:00 AM,1,DRIVER,1,2008841,,CHRYSLER,VOYAGER,GA,2024,UNKNOWN,PASSENGER,PERSONAL,S,STRAIGHT AHEAD,Y,,2,,,,,,,,,,,,,,,,Y,,FRONT,,,,,,,,,,,,,,,,,,,,,,,,,,,,,,,,,
2107188,b89393db67109d86a43c727cc62eb79016d6e4e5dbc2f742556934602a3989d7e85a9ca43320bd05ddd1b591dad3aa8b1ed19d9187bb6c5764c5a603360045b6,07/15/2025 10:45:00 AM,2,DRIVER,3,2008857,,TOYOTA,RAV4,OH,2025,UNKNOWN,PASSENGER,PERSONAL,S,OTHER,,,4,,,,,,,,,,Y,,,,,,,,REAR,,,,,,,,,,,,,,,,,,,,,,,,,,,,,,,,,
2107142,e9eef759f7baa6305a4377a97a08a1320bc09fa72a73fb82590dec7eb2a15afc07dc00bb4c197a0c8fb20301d77a863b919291cb0cac3fd5be6381a30fb8578a,07/15/2025 10:37:00 AM,1,DRIVER,,2008785,,TOYOTA,COROLLA,IL,2012,UNKNOWN,PASSENGER,UNKNOWN/NA,W,BACKING,,,1,,,,,,,,,,,,,,,,,Y,REAR,,,,,,,,,,,,,,,,,,,,,,,,,,,,,,,,,
2107143,e9eef759f7baa6305a4377a97a08a1320bc09fa72a73fb82590dec7eb2a15afc07dc00bb4c197a0c8fb20301d77a863b919291cb0cac3fd5be6381a30fb8578a,07/15/2025 10:37:00 AM,2,PARKED,,2008792,,CHEVROLET,TRAVERSE,IL,2015,UNKNOWN,SPORT UTILITY VEHICLE (SUV),PERSONAL,E,PARKED,,,0,,,,,,,,,,,,,,,,Y,Y,FRONT,,,,,,,,,,,,,,,,,,,,,,,,,,,,,,,,,
2107612,3ed449bdff2e8f7b162ef4578c264c93153bbe8066725fd808caa8118abdf3d2341e4ff6dc3d6f36050750b543be2a081c19cc6a69d08b451ee8c2590654231c,07/15/2025 10:35:00 AM,1,DRIVER,,2009246,,LEXUS,NX,IL,2021,UNKNOWN,PASSENGER,UNKNOWN/NA,UNKNOWN,OTHER,,,1,,,,,,,,,,,,,,,,,Y,FRONT-LEFT-CORNER,,,,,,,,,,,,,,,,,,,,,,,,,,,,,,,,,
2107613,3ed449bdff2e8f7b162ef4578c264c93153bbe8066725fd808caa8118abdf3d2341e4ff6dc3d6f36050750b543be2a081c19cc6a69d08b451ee8c2590654231c,07/15/2025 10:35:00 AM,2,DRIVERLESS,,2009251,,TESLA,MODEL 3,IL,2023,UNKNOWN,PASSENGER,UNKNOWN/NA,UNKNOWN,PARKED,,,0,,,,,,,,,,,Y,Y,,,,,,REAR-LEFT-CORNER,,,,,,,,,,,,,,,,,,,,,,,,,,,,,,,,,
2107146,89660226d5acd3161d5195086c0a9dbb9217bf35c4f9aac5eebca80426a9538441b7b3d846919285b1f61633d29474bd8737abbf23d4e159a5d199dde83fbc1c,07/15/2025 10:35:00 AM,1,DRIVER,1,2008789,,TOYOTA,COROLLA,CT,2017,NONE,PASSENGER,RIDESHARE SERVICE,N,STRAIGHT AHEAD,,,2,,,,,,,,,,,,,Y,Y,,,,SIDE-LEFT,,,,,,,,,,,,,,,,,,,,,,,,,,,,,,,,,
2107147,89660226d5acd3161d5195086c0a9dbb9217bf35c4f9aac5eebca80426a9538441b7b3d846919285b1f61633d29474bd8737abbf23d4e159a5d199dde83fbc1c,07/15/2025 10:35:00 AM,2,DRIVER,,2008803,,JEEP,COMPASS,IL,2018,NONE,PASSENGER,PERSONAL,E,STRAIGHT AHEAD,,,1,,,,,Y,,,,,,,,,,,Y,,FRONT-RIGHT-CORNER,,,,,,,,,,,,,,,,,,,,,,,,,,,,,,,,,
2107098,23ea20e13ed1c9bc0585426168e6d20a4620ec3d6331af72eab94d9ca2689d9b0cf00fd8a95f119ebb0c65b08c24e0288e46d4269b86792635d486acb12e8fb9,07/15/2025 10:26:00 AM,1,DRIVER,,2008753,,CHEVROLET,SILVERADO,IL,,UNKNOWN,PICKUP,PERSONAL,S,BACKING,,,1,,,,,,,,,,Y,,,,,,,,REAR,,,,,,,,,,,,,,,,,,,,,,,,,,,,,,,,,
2107099,23ea20e13ed1c9bc0585426168e6d20a4620ec3d6331af72eab94d9ca2689d9b0cf00fd8a95f119ebb0c65b08c24e0288e46d4269b86792635d486acb12e8fb9,07/15/2025 10:26:00 AM,2,DRIVER,,2008759,,TOYOTA,OTHER (EXPLAIN IN NARRATIVE),IL,2021,NONE,PASSENGER,TAXI/FOR HIRE,NE,SLOW/STOP IN TRAFFIC,,,1,,,,,,,,,,,,,Y,Y,,,,SIDE-LEFT,,,,,,,,,,,,,,,,,,,,,,,,,,,,,,,,,
2107114,2f210b7f4cf945e35cda6f4cada07feee3bb66aa65676da28ecb9f0cf0ef7de0e58e2041f3951c156c9812362cafd3572cecdbfb0bdf3b754a8b99f634c0b7ca,07/15/2025 10:25:00 AM,2,DRIVER,,2008766,,MITSUBISHI,OUTLANDER,IL,2010,NONE,PASSENGER,PERSONAL,E,DRIVING WRONG WAY,,,1,,,,,N,N,Y,Y,N,,,,,,,,,OTHER,,,,,,,,,,,,,,,,,,,,,,,,,,,,,,,,,
2107115,2f210b7f4cf945e35cda6f4cada07feee3bb66aa65676da28ecb9f0cf0ef7de0e58e2041f3951c156c9812362cafd3572cecdbfb0bdf3b754a8b99f634c0b7ca,07/15/2025 10:25:00 AM,1,DRIVER,1,2008762,,NISSAN,JUKE,IL,2011,NONE,PASSENGER,PERSONAL,E,TURNING LEFT,,,2,,,,,,,,,,,,,,,,Y,,FRONT,,,,,,,,,,,,,,,,,,,,,,,,,,,,,,,,,
2107136,1a9153ec0b7c31ad5ca1d441b73985823336f13223c2d98a0e89bcdce9eb8694c448808d6269830498d495b863aa92900f617bcf3dd81f1339e15d0403623298,07/15/2025 10:23:00 AM,1,DRIVER,,2008846,,JEEP,CHEROKEE,IL,2022,UNKNOWN,PASSENGER,PERSONAL,S,STRAIGHT AHEAD,,,1,,,,,Y,,,,,,,,,,,Y,,FRONT,,,,,,,,,,,,,,,,,,,,,,,,,,,,,,,,,
2107137,1a9153ec0b7c31ad5ca1d441b73985823336f13223c2d98a0e89bcdce9eb8694c448808d6269830498d495b863aa92900f617bcf3dd81f1339e15d0403623298,07/15/2025 10:23:00 AM,2,DRIVER,,2008855,Y,UNKNOWN,OTHER (EXPLAIN IN NARRATIVE),IL,2024,NONE,TRACTOR W/ SEMI-TRAILER,COMMERCIAL - SINGLE UNIT,E,STRAIGHT AHEAD,,,1,,,,,,,,,,,,,,,,Y,,FRONT,"21,819",,,,,1,MR BULT'S INC,IL,BURNHAM,,,,N,N,,N,,N,N,,,,,,,,,TRACTOR/SEMI-TRAILER,OTHER,,N,N,
2107140,efc1c0d430aaf297974aa5a02486885ef28af06d8f96ed1e66eb1b4980f9b86cb93c8ae4ccce06834b62c7db3d3cc0853c06545920459430c42119677d6deec0,07/15/2025 10:23:00 AM,1,DRIVER,,2008781,,UNKNOWN,OTHER (EXPLAIN IN NARRATIVE),TN,,UNKNOWN,TRACTOR W/O SEMI-TRAILER,UNKNOWN/NA,E,STRAIGHT AHEAD,,,1,,,,,,,,,,,,,,,,,Y,UNKNOWN,,,,,,,,,,,,,,,,,,,,,,,,,,,,,,,,,
2107141,efc1c0d430aaf297974aa5a02486885ef28af06d8f96ed1e66eb1b4980f9b86cb93c8ae4ccce06834b62c7db3d3cc0853c06545920459430c42119677d6deec0,07/15/2025 10:23:00 AM,2,PARKED,,2008787,,FORD,EXPLORER,IL,2016,NONE,SPORT UTILITY VEHICLE (SUV),NOT IN USE,E,PARKED,,,0,,,,,,,,,,,,,Y,,,,,SIDE-LEFT,,,,,,,,,,,,,,,,,,,,,,,,,,,,,,,,,
2107155,28aa7704e3407c7abc9506532cde2b0444343d49d24ec5a89b6403ca4517ed3cd6473199f7984265860bc15fdb688ce46bbb9897c08c6246f1811a1ddea5e879,07/15/2025 10:20:00 AM,1,DRIVER,,2008798,,TOYOTA,COROLLA,IL,2005,OTHER,PASSENGER,UNKNOWN/NA,S,BACKING,,,1,,,,,,,,,,Y,,,,,,,,REAR,,,,,,,,,,,,,,,,,,,,,,,,,,,,,,,,,
2107156,28aa7704e3407c7abc9506532cde2b0444343d49d24ec5a89b6403ca4517ed3cd6473199f7984265860bc15fdb688ce46bbb9897c08c6246f1811a1ddea5e879,07/15/2025 10:20:00 AM,2,DRIVER,1,2008810,,TOYOTA,RAV4,IL,2024,UNKNOWN,SPORT UTILITY VEHICLE (SUV),PERSONAL,NW,OTHER,,,2,,,,,,,,Y,Y,Y,N,N,,,,,,REAR-RIGHT-CORNER,,,,,,,,,,,,,,,,,,,,,,,,,,,,,,,,,
2107129,7d5e18c6febc585939ede330c5ec718261096b3dfc5b03cc66fca3e3c7669c671ad15da1722fc0ce1a58289404ad818fc5deaf54cd2eba54ff6f2587a9dc666d,07/15/2025 10:20:00 AM,1,DRIVER,,2008774,,JEEP,CHEROKEE,,,UNKNOWN,SPORT UTILITY VEHICLE (SUV),UNKNOWN/NA,S,STRAIGHT AHEAD,,,1,,,,,,,,,,,,,,,,,,SIDE-LEFT,,,,,,,,,,,,,,,,,,,,,,,,,,,,,,,,,
2107130,7d5e18c6febc585939ede330c5ec718261096b3dfc5b03cc66fca3e3c7669c671ad15da1722fc0ce1a58289404ad818fc5deaf54cd2eba54ff6f2587a9dc666d,07/15/2025 10:20:00 AM,2,DRIVER,2,2008779,Y,FORD,TRANSIT,IL,2024,NONE,VAN/MINI-VAN,COMMERCIAL - SINGLE UNIT,S,MERGING,,,3,,,,,,,,,,,,,,,,,,SIDE-RIGHT,"21,818",,,,,,CITY OF CHICAGO STREET AND SANS,IL,CHICAGO,,,,,,,,,,,,,,,,,,,,,,,,
2107116,c955773bb30fc5d39263c76e56cfaf4a7f1f3035e1ab9511f8d57db6a80272fdcdd50dcb2551174ac29a4c813fe720983d97d0e6ac11d522c9457780972285c4,07/15/2025 10:20:00 AM,1,DRIVER,,2008761,,UNKNOWN,MOTORIZED,IL,,UNKNOWN,PASSENGER,PERSONAL,W,UNKNOWN/NA,,,1,,,,,,,,,,,,,,,,,Y,FRONT-RIGHT-CORNER,,,,,,,,,,,,,,,,,,,,,,,,,,,,,,,,,
2107117,c955773bb30fc5d39263c76e56cfaf4a7f1f3035e1ab9511f8d57db6a80272fdcdd50dcb2551174ac29a4c813fe720983d97d0e6ac11d522c9457780972285c4,07/15/2025 10:20:00 AM,2,DRIVER,,2008777,,MITSUBISHI,GALANT,IL,2012,UNKNOWN,PASSENGER,PERSONAL,W,STRAIGHT AHEAD,,,1,,,,,,,,,,,,,,,Y,,,FRONT-LEFT-CORNER,,,,,,,,,,,,,,,,,,,,,,,,,,,,,,,,,
2107112,a636b2beff173addf256348ce1dccad1377eace6ebe4ff49ff5b6ab55b77429d4b4cf00da0e4038dd2aa992735f20051c4d88c92df48ef1e0a84cd48306778c5,07/15/2025 10:15:00 AM,1,DRIVER,,2008758,,HONDA,CIVIC,IL,2009,UNKNOWN,PASSENGER,OTHER,UNKNOWN,SLOW/STOP IN TRAFFIC,,,1,,,,,,,,,Y,,,,,,,,,REAR-RIGHT-CORNER,,,,,,,,,,,,,,,,,,,,,,,,,,,,,,,,,
2107113,a636b2beff173addf256348ce1dccad1377eace6ebe4ff49ff5b6ab55b77429d4b4cf00da0e4038dd2aa992735f20051c4d88c92df48ef1e0a84cd48306778c5,07/15/2025 10:15:00 AM,2,DRIVER,,2008767,,GEO,PRISM,IL,1996,UNKNOWN,PASSENGER,PERSONAL,N,STRAIGHT AHEAD,,,1,,,,,,,,,,,,,,Y,Y,,,FRONT-LEFT-CORNER,,,,,,,,,,,,,,,,,,,,,,,,,,,,,,,,,
2107106,c8b800dd04c17e8d31791b564f3b0a9a08b30cb9f7e874e6227449f993d56c066f881c6882834c77dbf127abf5e1ea5c90bfc4d33d76988e1fa435a15fc9ab19,07/15/2025 10:15:00 AM,1,DRIVER,3,2008756,,HONDA,CR-V,IL,2008,BRAKES,PASSENGER,PERSONAL,W,STRAIGHT AHEAD,,,4,,,,,Y,,,,,,,,,,Y,Y,,FRONT,,,,,,,,,,,,,,,,,,,,,,,,,,,,,,,,,
2107107,c8b800dd04c17e8d31791b564f3b0a9a08b30cb9f7e874e6227449f993d56c066f881c6882834c77dbf127abf5e1ea5c90bfc4d33d76988e1fa435a15fc9ab19,07/15/2025 10:15:00 AM,2,DRIVER,,2008769,,TOYOTA,RAV4,IL,2024,NONE,PASSENGER,PERSONAL,W,SLOW/STOP IN TRAFFIC,,,1,,,,,,,,,Y,Y,Y,,,,,,,REAR,,,,,,,,,,,,,,,,,,,,,,,,,,,,,,,,,
2107100,b4dec5cd896c7d266b8aacfca9cabeed442fa2e98060848a57cfc4f7d96274d9e486ee1f133c8bd9a37ab1656715392eb0e55fcad31bdfc3523b12de53f4af46,07/15/2025 10:14:00 AM,1,DRIVER,,2008765,,(UNLISTED MANUFACTURER),(UNLISTED MANUFACTURER),IL,2023,UNKNOWN,MOTORCYCLE (OVER 150CC),PERSONAL,N,STRAIGHT AHEAD,,,1,,,,Y,,,,,,,,,Y,,,,,FRONT,,,,,,,,,,,,,,,,,,,,,,,,,,,,,,,,,
2107101,b4dec5cd896c7d266b8aacfca9cabeed442fa2e98060848a57cfc4f7d96274d9e486ee1f133c8bd9a37ab1656715392eb0e55fcad31bdfc3523b12de53f4af46,07/15/2025 10:14:00 AM,2,DRIVER,,2008770,,MAZDA,OTHER (EXPLAIN IN NARRATIVE),IL,2025,UNKNOWN,SPORT UTILITY VEHICLE (SUV),PERSONAL,N,TURNING RIGHT,,,1,,,,,,,Y,Y,Y,,,,,,,,,SIDE-RIGHT-REAR,,,,,,,,,,,,,,,,,,,,,,,,,,,,,,,,,
2107165,47cf7bc853504cca3f07d8e62fd25c824c99cef9abc5471f66227f0e9a9993162fbab768cc6ab358b1509eead0b150a2377938547eb4bded2232f1e58bb6e844,07/15/2025 10:13:00 AM,1,DRIVER,,2008812,,NISSAN,ROGUE,IL,2013,NONE,PASSENGER,PERSONAL,S,STRAIGHT AHEAD,,,1,,,,,,,,,Y,,,,,,,,,SIDE-RIGHT-REAR,,,,,,,,,,,,,,,,,,,,,,,,,,,,,,,,,
2107166,47cf7bc853504cca3f07d8e62fd25c824c99cef9abc5471f66227f0e9a9993162fbab768cc6ab358b1509eead0b150a2377938547eb4bded2232f1e58bb6e844,07/15/2025 10:13:00 AM,2,DRIVER,,2008821,,DODGE,DURANGO,IL,2019,NONE,PASSENGER,PERSONAL,S,TURNING LEFT,,,1,,,,,,,,,,,,,,,Y,,,FRONT-LEFT-CORNER,,,,,,,,,,,,,,,,,,,,,,,,,,,,,,,,,
2107094,50202271eb7a60ab334685e1e875e499c55c8887e3e2b95108aa4f4d28c84a13ec969188bd8de68ee80a498ed23670539cbc5f90df5d6d2dd8e3d8a65658ff02,07/15/2025 10:06:00 AM,1,DRIVER,,2008746,,TOYOTA,CAMRY,IL,2016,NONE,PASSENGER,TAXI/FOR HIRE,E,STRAIGHT AHEAD,,,1,,,,,,,,,,,,,,Y,Y,,Y,SIDE-LEFT,,,,,,,,,,,,,,,,,,,,,,,,,,,,,,,,,
2107095,50202271eb7a60ab334685e1e875e499c55c8887e3e2b95108aa4f4d28c84a13ec969188bd8de68ee80a498ed23670539cbc5f90df5d6d2dd8e3d8a65658ff02,07/15/2025 10:06:00 AM,2,DRIVER,,2008764,,NISSAN,MURANO,IL,2018,NONE,SPORT UTILITY VEHICLE (SUV),PERSONAL,E,STRAIGHT AHEAD,,,1,,,,,,Y,Y,,,,,,,,,,Y,SIDE-RIGHT,,,,,,,,,,,,,,,,,,,,,,,,,,,,,,,,,
2107110,123645c07f7bc1dfbf8e4745cd3e7e28b1f3423ae3a8216bdcc9b99683028a7337fcca5766b2c080f22f190beafbd1dc3f56ea4fd63dd5d0aff07d04611fe435,07/15/2025 10:05:00 AM,1,DRIVER,1,2008813,,TOYOTA,CAMRY,IL,2004,NONE,PASSENGER,PERSONAL,E,CHANGING LANES,,,2,,,,,,,,,,,,,,Y,,,,SIDE-LEFT,,,,,,,,,,,,,,,,,,,,,,,,,,,,,,,,,
2107111,123645c07f7bc1dfbf8e4745cd3e7e28b1f3423ae3a8216bdcc9b99683028a7337fcca5766b2c080f22f190beafbd1dc3f56ea4fd63dd5d0aff07d04611fe435,07/15/2025 10:05:00 AM,2,DRIVER,1,2008827,,NISSAN,SENTRA,IL,2023,NONE,PASSENGER,PERSONAL,E,STRAIGHT AHEAD,,,2,,,,,,,Y,,,,,,,,,,,SIDE-RIGHT,,,,,,,,,,,,,,,,,,,,,,,,,,,,,,,,,
2108012,0077bd0837b7a6875da8c39712a38107a4e904a6097adb21cb690ff15da4ec8e5fa1c166591667e975196f81c62d2b479f4586c9ff7cfe021effaea0a54826e1,07/15/2025 10:00:00 AM,1,DRIVER,,2009661,,UNKNOWN,OTHER (EXPLAIN IN NARRATIVE),,,UNKNOWN,OTHER,UNKNOWN/NA,S,UNKNOWN/NA,,,1,,,,,,,,,,,,,,,,,Y,UNKNOWN,,,,,,,,,,,,,,,,,,,,,,,,,,,,,,,,,
2108013,0077bd0837b7a6875da8c39712a38107a4e904a6097adb21cb690ff15da4ec8e5fa1c166591667e975196f81c62d2b479f4586c9ff7cfe021effaea0a54826e1,07/15/2025 10:00:00 AM,2,PARKED,,2009662,,ACURA,RLX,IL,2023,NONE,SPORT UTILITY VEHICLE (SUV),PERSONAL,S,PARKED,,,0,,,,,,,,,,,,,,,Y,Y,,FRONT-LEFT-CORNER,,,,,,,,,,,,,,,,,,,,,,,,,,,,,,,,,
2107108,30cddf448deefe9a174021dcbe6fe48ba182eccce2f4f426f337351270af71b8f4ddfdd05d033ed4202faa765f522cd1fc485bef36bdb459562f37a351fba9f0,07/15/2025 10:00:00 AM,1,DRIVER,,2008754,,FORD,EDGE,IN,2010,UNKNOWN,PASSENGER,PERSONAL,E,STRAIGHT AHEAD,,,1,,,,,Y,Y,,,,,,,,,,,Y,UNKNOWN,,,,,,,,,,,,,,,,,,,,,,,,,,,,,,,,,
2107109,30cddf448deefe9a174021dcbe6fe48ba182eccce2f4f426f337351270af71b8f4ddfdd05d033ed4202faa765f522cd1fc485bef36bdb459562f37a351fba9f0,07/15/2025 10:00:00 AM,2,DRIVER,,2008763,Y,NOVA BUS,OTHER (EXPLAIN IN NARRATIVE),IL,2023,UNKNOWN,BUS OVER 15 PASS.,CTA,E,STRAIGHT AHEAD,,,1,,,,,,,,,,,,,,Y,Y,,Y,UNKNOWN,"21,817",,,,DRIVER,,CHICAGO TRANSIT AUTHORITY,IL,CHICAGO,,,,U,U,,U,,U,U,,,,,,,,,BUS,BUS,OTHER,N,N,
2107177,42e1e5d3e3b3b1025a09da56630162b58757ebc5c190a7b6cc1da0c5e998d96bf8d5c5fa88ca7f4d252b1202742527e49cb71d81f3a90b4f5b7989763136a508,07/15/2025 10:00:00 AM,1,DRIVER,,2008829,,"PETERBILT MOTORS COMPANY (DIVISION OF PACCAR, INC.)","PETERBILT MOTORS CO., DIVISION PACCAR, INC.",MO,2022,NONE,OTHER VEHICLE WITH TRAILER,COMMERCIAL - SINGLE UNIT,N,TURNING RIGHT,,,1,,,,,,,,Y,,,,,,,,,,SIDE-LEFT-REAR,,,,,,,,,,,,,,,,,,,,,,,,,,,,,,,,,
2107178,42e1e5d3e3b3b1025a09da56630162b58757ebc5c190a7b6cc1da0c5e998d96bf8d5c5fa88ca7f4d252b1202742527e49cb71d81f3a90b4f5b7989763136a508,07/15/2025 10:00:00 AM,2,DRIVER,,2008837,,NISSAN,ALTIMA,IL,2021,NONE,PASSENGER,PERSONAL,N,TURNING RIGHT,,,1,,,,,,,,,,,,,Y,Y,Y,,,SIDE-LEFT-FRONT,,,,,,,,,,,,,,,,,,,,,,,,,,,,,,,,,
2107377,4e2ce9b04cbec1d4e27c0687711d712219bcd7695828b626ac443504308507947aeaeb775209e520cacf4388e1e532feba5fb2e1d1f5b1f5aebbb08a405ea275,07/15/2025 10:00:00 AM,1,DRIVER,,2009018,,UNKNOWN,OTHER (EXPLAIN IN NARRATIVE),,,UNKNOWN,UNKNOWN/NA,UNKNOWN/NA,UNKNOWN,UNKNOWN/NA,,,1,,,,,,,,,,,,,,,,,,UNKNOWN,,,,,,,,,,,,,,,,,,,,,,,,,,,,,,,,,
2107378,4e2ce9b04cbec1d4e27c0687711d712219bcd7695828b626ac443504308507947aeaeb775209e520cacf4388e1e532feba5fb2e1d1f5b1f5aebbb08a405ea275,07/15/2025 10:00:00 AM,2,PARKED,,2009030,,LEXUS,NX,IL,2017,UNKNOWN,PASSENGER,NOT IN USE,UNKNOWN,PARKED,,,0,,,,,,,,,,,Y,Y,Y,,,,,SIDE-LEFT,,,,,,,,,,,,,,,,,,,,,,,,,,,,,,,,,
2107499,ec8cdf61a2fde9e382611120fc41d72d7c104f96cbc067e845236988db47972063e49a9867cd897b05380674b7622f93514ce546e2b0024c15ac543429d7198f,07/15/2025 10:00:00 AM,1,DRIVER,,2009128,,CHEVROLET,OTHER (EXPLAIN IN NARRATIVE),,,UNKNOWN,PASSENGER,UNKNOWN/NA,W,UNKNOWN/NA,,,1,,,,,Y,N,,,,,,,,,,,,REAR-RIGHT-CORNER,,,,,,,,,,,,,,,,,,,,,,,,,,,,,,,,,