CRASH_UNIT_ID,CRASH_RECORD_ID,CRASH_DATE,UNIT_NO,UNIT_TYPE,NUM_PASSENGERS,VEHICLE_ID,CMRC_VEH_I,MAKE,MODEL,LIC_PLATE_STATE,VEHICLE_YEAR,VEHICLE_DEFECT,VEHICLE_TYPE,VEHICLE_USE,TRAVEL_DIRECTION,MANEUVER,TOWED_I,FIRE_I,OCCUPANT_CNT,EXCEED_SPEED_LIMIT_I,TOWED_BY,TOWED_TO,AREA_00_I,AREA_01_I,AREA_02_I,AREA_03_I,AREA_04_I,AREA_05_I,AREA_06_I,AREA_07_I,AREA_08_I,AREA_09_I,AREA_10_I,AREA_11_I,AREA_12_I,AREA_99_I,FIRST_CONTACT_POINT,CMV_ID,USDOT_NO,CCMC_NO,ILCC_NO,COMMERCIAL_SRC,GVWR,CARRIER_NAME,CARRIER_STATE,CARRIER_CITY,HAZMAT_PLACARDS_I,HAZMAT_NAME,UN_NO,HAZMAT_PRESENT_I,HAZMAT_REPORT_I,HAZMAT_REPORT_NO,MCS_REPORT_I,MCS_REPORT_NO,HAZMAT_VIO_CAUSE_CRASH_I,MCS_VIO_CAUSE_CRASH_I,IDOT_PERMIT_NO,WIDE_LOAD_I,TRAILER1_WIDTH,TRAILER2_WIDTH,TRAILER1_LENGTH,TRAILER2_LENGTH,TOTAL_VEHICLE_LENGTH,AXLE_CNT,VEHICLE_CONFIG,CARGO_BODY_TYPE,LOAD_TYPE,HAZMAT_OUT_OF_SERVICE_I,MCS_OUT_OF_SERVICE_I,HAZMAT_CLASS
2107500,ec8cdf61a2fde9e382611120fc41d72d7c104f96cbc067e845236988db47972063e49a9867cd897b05380674b7622f93514ce546e2b0024c15ac543429d7198f,07/15/2025 10:00:00 AM,2,PARKED,,2009131,,MERCEDES-BENZ,GLA,MS,2016,NONE,PASSENGER,NOT IN USE,W,PARKED,,,0,,,,,,,,,,,,,N,Y,Y,,,SIDE-LEFT,,,,,,,,,,,,,,,,,,,,,,,,,,,,,,,,,
2107207,671af13f360805de46aee23877a92acf512c9faff8421c64221e7913a9dab1e23baec9c1f6f2c4f1913de0519a9c684750e02c73bfaaa6bab3f5aa4d126d5952,07/15/2025 09:49:00 AM,1,DRIVER,1,2008853,,NISSAN,ALTIMA,XX,,UNKNOWN,PASSENGER,UNKNOWN/NA,S,STRAIGHT AHEAD,,,2,,,,,Y,,,,,,,,,,Y,Y,,FRONT,,,,,,,,,,,,,,,,,,,,,,,,,,,,,,,,,
2107478,a9e0163ba6c2ebca76fd799e3d294b688ec182d29608f734d8ad623d71a6cc77e25ac17103f5963adc1519623cebe6436e0b906340596994d2f59872f357a2af,07/15/2025 09:45:00 AM,1,DRIVER,,2009121,,JEEP,COMPASS,IL,2020,NONE,PASSENGER,PERSONAL,SE,LEAVING TRAFFIC LANE TO PARK,,,1,,,,,,,,,,,,,,,Y,,,FRONT-LEFT-CORNER,,,,,,,,,,,,,,,,,,,,,,,,,,,,,,,,,
2107479,a9e0163ba6c2ebca76fd799e3d294b688ec182d29608f734d8ad623d71a6cc77e25ac17103f5963adc1519623cebe6436e0b906340596994d2f59872f357a2af,07/15/2025 09:45:00 AM,2,PARKED,,2009129,,MAZDA,CX-5,IL,2025,NONE,PASSENGER,PERSONAL,W,PARKED,,,0,,,,,,,,,,,,,,,Y,,,FRONT-LEFT-CORNER,,,,,,,,,,,,,,,,,,,,,,,,,,,,,,,,,
2107082,aabde83e2d12e904e6e1eddebe94ec0018d04733b8e743463342a300a5e6f313c141150780a963a14eac1522628ee9ae34de31470433386454ca923e2d5d9fdb,07/15/2025 09:45:00 AM,1,DRIVER,,2008731,,NISSAN,ALTIMA,IL,2018,UNKNOWN,PASSENGER,PERSONAL,W,STRAIGHT AHEAD,,,1,,,,,Y,,,,,,,,,,Y,Y,,FRONT,,,,,,,,,,,,,,,,,,,,,,,,,,,,,,,,,
2107083,aabde83e2d12e904e6e1eddebe94ec0018d04733b8e743463342a300a5e6f313c141150780a963a14eac1522628ee9ae34de31470433386454ca923e2d5d9fdb,07/15/2025 09:45:00 AM,2,DRIVER,,2008736,,VOLKSWAGEN,PASSAT,IL,2012,NONE,PASSENGER,PERSONAL,W,STRAIGHT AHEAD,,,1,,,,,,,,,Y,Y,Y,,,,,,,REAR,,,,,,,,,,,,,,,,,,,,,,,,,,,,,,,,,
2107118,7d61180de4c9fbcdc72df9b68bef680ee715642a9512e3203e3ac313381b4275186b1360e5e59344e2782df3ae188e11019fede6e30b3b2d063824929d547fc4,07/15/2025 09:40:00 AM,2,DRIVER,1,2008768,,FORD,EXPLORER,IL,2024,NONE,SPORT UTILITY VEHICLE (SUV),OTHER,W,STRAIGHT AHEAD,,,2,,,,,,,,,,,,Y,Y,Y,,,,TOTAL (ALL AREAS),,,,,,,,,,,,,,,,,,,,,,,,,,,,,,,,,
2107145,7d61180de4c9fbcdc72df9b68bef680ee715642a9512e3203e3ac313381b4275186b1360e5e59344e2782df3ae188e11019fede6e30b3b2d063824929d547fc4,07/15/2025 09:40:00 AM,1,NON-MOTOR VEHICLE,,,,,,,,,,,,,,,,,,,,,,,,,,,,,,,,,,,,,,,,,,,,,,,,,,,,,,,,,,,,,,,,,,
2107084,eb4331e4db65e52b9f0f90d5ada4d7ce05ffbb9bc3aa1edd8bac174780468c7b87a284000b7bb50d32a2ba15ae4bfdb98a97474f92a4908f256c4bdadc55f1bc,07/15/2025 09:33:00 AM,1,DRIVER,,2008735,N,MAZDA,CX-5,IL,2025,NONE,PASSENGER,PERSONAL,N,PASSING/OVERTAKING,,,1,,,,,,,,Y,Y,,,,,,,,,SIDE-RIGHT-REAR,,,,,,,,,,,,,,,,,,,,,,,,,,,,,,,,,
2107085,eb4331e4db65e52b9f0f90d5ada4d7ce05ffbb9bc3aa1edd8bac174780468c7b87a284000b7bb50d32a2ba15ae4bfdb98a97474f92a4908f256c4bdadc55f1bc,07/15/2025 09:33:00 AM,2,DRIVER,,2008740,,VOLKSWAGEN,ATLAS,IL,2020,NONE,PASSENGER,PERSONAL,N,STRAIGHT AHEAD,,,1,,,,,Y,Y,Y,Y,,,,,,Y,,,,SIDE-LEFT-FRONT,,,,,,,,,,,,,,,,,,,,,,,,,,,,,,,,,
2107086,eb4331e4db65e52b9f0f90d5ada4d7ce05ffbb9bc3aa1edd8bac174780468c7b87a284000b7bb50d32a2ba15ae4bfdb98a97474f92a4908f256c4bdadc55f1bc,07/15/2025 09:33:00 AM,3,DRIVER,,2008744,,TOYOTA,RAV4,IL,2024,NONE,PASSENGER,COMMERCIAL - SINGLE UNIT,N,SLOW/STOP IN TRAFFIC,,,1,,,,,,,,,,,,,,Y,,,,SIDE-RIGHT-FRONT,,,,,,,,,,,,,,,,,,,,,,,,,,,,,,,,,
2107089,4b30aa0adf9249af3e754009e5ef446dda3b6c6cc13c668b387ceffe799447092f949aef8619d8b4c1f89390b958a826c1f9f5dcf2c327493d8132fb6cc388a0,07/15/2025 09:32:00 AM,1,DRIVER,1,2008739,,INFINITI,Q50,IL,2015,NONE,PASSENGER,PERSONAL,S,SKIDDING/CONTROL LOSS,Y,,2,,private,,,Y,,,,,,,,,,,Y,,FRONT-RIGHT-CORNER,,,,,,,,,,,,,,,,,,,,,,,,,,,,,,,,,
2107090,4b30aa0adf9249af3e754009e5ef446dda3b6c6cc13c668b387ceffe799447092f949aef8619d8b4c1f89390b958a826c1f9f5dcf2c327493d8132fb6cc388a0,07/15/2025 09:32:00 AM,2,PARKED,,2008747,,TOYOTA,CAMRY,IL,2016,NONE,PASSENGER,PERSONAL,S,PARKED,Y,,0,,private,,,,,,,,Y,Y,,,,,Y,,REAR-LEFT-CORNER,,,,,,,,,,,,,,,,,,,,,,,,,,,,,,,,,
2107091,4b30aa0adf9249af3e754009e5ef446dda3b6c6cc13c668b387ceffe799447092f949aef8619d8b4c1f89390b958a826c1f9f5dcf2c327493d8132fb6cc388a0,07/15/2025 09:32:00 AM,3,PARKED,,2008750,,TOYOTA,TUNDRA,TX,2018,NONE,PICKUP,PERSONAL,S,PARKED,,,0,,,,,,,,,,Y,,,,,,,,REAR,,,,,,,,,,,,,,,,,,,,,,,,,,,,,,,,,
2107104,28caece7a70d51db5fe37bf47318da91a5bba3dc457aa2b6f79e9f462bd587cf6c2ecc733f42f59d261d66464fbccdd7fd461a34533b91e98ce5295c3bf7646a,07/15/2025 09:30:00 AM,1,DRIVER,,2008755,,FORD,F250,IL,2014,UNKNOWN,PICKUP,CONSTRUCTION/MAINTENANCE,E,STRAIGHT AHEAD,,,1,,,,Y,,,,,,,,,,,,,,SIDE-RIGHT,,,,,,,,,,,,,,,,,,,,,,,,,,,,,,,,,
2107105,28caece7a70d51db5fe37bf47318da91a5bba3dc457aa2b6f79e9f462bd587cf6c2ecc733f42f59d261d66464fbccdd7fd461a34533b91e98ce5295c3bf7646a,07/15/2025 09:30:00 AM,2,PARKED,,2008760,,TOYOTA,SIENNA,IL,2017,UNKNOWN,VAN/MINI-VAN,NOT IN USE,E,PARKED,,,0,,,,,,,,,,,,,,,Y,,,FRONT-LEFT-CORNER,,,,,,,,,,,,,,,,,,,,,,,,,,,,,,,,,
2107617,5c890fd0dd4ed1f1cdb670978b5aae89385e018727682077354ed7b0c20485e76e058f13223a727f80d1d6c94b893901701e493fc2d9396af0ba00a5ad2ec7d5,07/15/2025 09:30:00 AM,1,DRIVER,,2009245,,ISUZU,TRUCK,IL,2004,NONE,TRUCK - SINGLE UNIT,UNKNOWN/NA,S,LEAVING TRAFFIC LANE TO PARK,,,1,,,,,,,,,,,,,,,,,Y,UNKNOWN,,,,,,,,,,,,,,,,,,,,,,,,,,,,,,,,,
2107618,5c890fd0dd4ed1f1cdb670978b5aae89385e018727682077354ed7b0c20485e76e058f13223a727f80d1d6c94b893901701e493fc2d9396af0ba00a5ad2ec7d5,07/15/2025 09:30:00 AM,2,PARKED,,2009247,,FORD,EDGE,IL,2013,NONE,PASSENGER,PERSONAL,S,PARKED,,,0,,,,,,,,,,,,,,Y,Y,,,FRONT-LEFT-CORNER,,,,,,,,,,,,,,,,,,,,,,,,,,,,,,,,,
2107068,a90852ad5a9a3c7352fa13f06f21f923c0b2f23da77e3f190094caee4e31405634cc8af712cb8f3523cd098ce7c96ea24622e939b164bd53dcf496cb2ff77e4e,07/15/2025 09:20:00 AM,1,DRIVER,,2008720,,UNKNOWN,OTHER (EXPLAIN IN NARRATIVE),,,NONE,BUS OVER 15 PASS.,SCHOOL BUS,S,TURNING RIGHT,,,1,,,,,,,,,,,,,,,,,Y,SIDE-LEFT,,,,,,,,,,,,,,,,,,,,,,,,,,,,,,,,,
2107069,a90852ad5a9a3c7352fa13f06f21f923c0b2f23da77e3f190094caee4e31405634cc8af712cb8f3523cd098ce7c96ea24622e939b164bd53dcf496cb2ff77e4e,07/15/2025 09:20:00 AM,2,DRIVER,,2008728,,CHEVROLET,EXPRESS,IL,2020,NONE,BUS UP TO 15 PASS.,SCHOOL BUS,E,TURNING LEFT,,,1,,,,Y,,,,,,,,,,,,,,NONE,,,,,,,,,,,,,,,,,,,,,,,,,,,,,,,,,
2107252,fa7b16c462b350a83822cef62dada32208f2e38410153f21fcf93f1d900f81b598025958fff052a2cef01b621dd1d030f2cf478bc400db3bb1560cd3ae929742,07/15/2025 09:20:00 AM,1,DRIVER,,2008901,,NISSAN,ROGUE,TX,2023,UNKNOWN,SPORT UTILITY VEHICLE (SUV),OTHER,W,TURNING LEFT,,,1,,,,Y,,,,,,,,,,,,,,NONE,,,,,,,,,,,,,,,,,,,,,,,,,,,,,,,,,
2107265,fa7b16c462b350a83822cef62dada32208f2e38410153f21fcf93f1d900f81b598025958fff052a2cef01b621dd1d030f2cf478bc400db3bb1560cd3ae929742,07/15/2025 09:20:00 AM,2,PEDESTRIAN,,,,,,,,,,,,,,,,,,,,,,,,,,,,,,,,,,,,,,,,,,,,,,,,,,,,,,,,,,,,,,,,,,
2107045,671a99bb81e2b75a149f7af488705cd7fbfc1f4db58f9fb026f37d9823aa5f3f11a9c8b6ee8bb08abb5469d69f02d817bf611459e06f175961e1f1bd0521d01b,07/15/2025 09:17:00 AM,1,DRIVER,,2008699,,YORK FORKLIFT,YORK FORKLIFT,IL,,UNKNOWN,OTHER,OTHER,NE,STRAIGHT AHEAD,,,1,,,,Y,,,,,,,,,,,,,,NONE,,,,,,,,,,,,,,,,,,,,,,,,,,,,,,,,,
2107046,671a99bb81e2b75a149f7af488705cd7fbfc1f4db58f9fb026f37d9823aa5f3f11a9c8b6ee8bb08abb5469d69f02d817bf611459e06f175961e1f1bd0521d01b,07/15/2025 09:17:00 AM,2,PARKED,,2008701,,NISSAN,ALTIMA,IL,2020,NONE,PASSENGER,PERSONAL,SW,PARKED,,,0,,,,,Y,,,,,,,,,,Y,Y,,FRONT,,,,,,,,,,,,,,,,,,,,,,,,,,,,,,,,,
2107138,3ae2bd7e3ee36d2ba234ffe9f430161e849a2c88156d439c24516c6632387f65aeb63145e5fcca1622f6a6c319e96d78b522409810bbd9bf6a01783e0d805eeb,07/15/2025 09:16:00 AM,1,DRIVER,,2008786,,FORD,F350,IL,2007,NONE,TRUCK - SINGLE UNIT,PERSONAL,E,STRAIGHT AHEAD,Y,,1,,city of chicago,relo lot,,,,,,,,,,,,,Y,,FRONT,,,,,,,,,,,,,,,,,,,,,,,,,,,,,,,,,
2107139,3ae2bd7e3ee36d2ba234ffe9f430161e849a2c88156d439c24516c6632387f65aeb63145e5fcca1622f6a6c319e96d78b522409810bbd9bf6a01783e0d805eeb,07/15/2025 09:16:00 AM,2,DRIVER,,2008799,,BMW,OTHER (EXPLAIN IN NARRATIVE),IL,2017,NONE,PASSENGER,PERSONAL,S,STRAIGHT AHEAD,,,1,,,,,,,Y,Y,Y,,,,,,,,,SIDE-RIGHT,,,,,,,,,,,,,,,,,,,,,,,,,,,,,,,,,
2107121,1fadb13e5c617aa85281a3a097a0437f336f3bfce0672c0617706e9f36121fb5cc29ca6d26ee2b84bf467ff8e875b1e70fec1d76ef35370cbfb177d837c8eb9b,07/15/2025 09:15:00 AM,1,DRIVER,,2008776,,NISSAN,PATHFINDER,IL,2016,NONE,PASSENGER,PERSONAL,N,STRAIGHT AHEAD,Y,,1,,CITY OF CHICAGO,IMPOUND 2,,Y,Y,Y,,,,Y,Y,Y,Y,Y,Y,,FRONT-RIGHT-CORNER,,,,,,,,,,,,,,,,,,,,,,,,,,,,,,,,,
2107122,1fadb13e5c617aa85281a3a097a0437f336f3bfce0672c0617706e9f36121fb5cc29ca6d26ee2b84bf467ff8e875b1e70fec1d76ef35370cbfb177d837c8eb9b,07/15/2025 09:15:00 AM,2,PARKED,,2008782,,SUBARU,FORESTER,,2025,UNKNOWN,PASSENGER,UNKNOWN/NA,S,PARKED,,,0,,,,,Y,Y,,,Y,Y,,,,,,,,FRONT-RIGHT-CORNER,,,,,,,,,,,,,,,,,,,,,,,,,,,,,,,,,
2107123,1fadb13e5c617aa85281a3a097a0437f336f3bfce0672c0617706e9f36121fb5cc29ca6d26ee2b84bf467ff8e875b1e70fec1d76ef35370cbfb177d837c8eb9b,07/15/2025 09:15:00 AM,3,PARKED,,2008794,,NISSAN,KICKS,KY,2020,NONE,PASSENGER,PERSONAL,N,PARKED,,,0,,,,,,,,,Y,Y,Y,,,,,,,REAR,,,,,,,,,,,,,,,,,,,,,,,,,,,,,,,,,
2107179,2899fa22e0a68475ef6e8a36491721d4a57092dd2596a612f7393db542ff0b33a11443a3d87a6f00e2380d4f3d872fe2bb20d4d705c99a900da2a09dad906572,07/15/2025 09:00:00 AM,1,DRIVER,,2008826,,UNKNOWN,OTHER (EXPLAIN IN NARRATIVE),,,UNKNOWN,UNKNOWN/NA,UNKNOWN/NA,E,UNKNOWN/NA,,,1,,,,,Y,Y,,,,,,,,,,,,UNKNOWN,,,,,,,,,,,,,,,,,,,,,,,,,,,,,,,,,
2107180,2899fa22e0a68475ef6e8a36491721d4a57092dd2596a612f7393db542ff0b33a11443a3d87a6f00e2380d4f3d872fe2bb20d4d705c99a900da2a09dad906572,07/15/2025 09:00:00 AM,2,PARKED,,2008830,,BMW,OTHER (EXPLAIN IN NARRATIVE),IL,2015,UNKNOWN,PASSENGER,PERSONAL,E,PARKED,,,0,,,,,,,,,,,,,Y,Y,Y,,,TOTAL (ALL AREAS),,,,,,,,,,,,,,,,,,,,,,,,,,,,,,,,,
2107052,44264861f314b557961bae38943679bb9c6cb288d99fdf9f44d576f277c33c321d644d102e651de310a59a20d79ed204bdd1ed81fffae55457a9f0f44484297a,07/15/2025 09:00:00 AM,1,DRIVER,,2008706,,MAZDA,CX-5,IL,,UNKNOWN,SPORT UTILITY VEHICLE (SUV),PERSONAL,SE,TURNING LEFT,Y,,1,,private,,,Y,Y,Y,Y,,,,,,,,,,SIDE-RIGHT,,,,,,,,,,,,,,,,,,,,,,,,,,,,,,,,,
2107053,44264861f314b557961bae38943679bb9c6cb288d99fdf9f44d576f277c33c321d644d102e651de310a59a20d79ed204bdd1ed81fffae55457a9f0f44484297a,07/15/2025 09:00:00 AM,2,DRIVER,1,2008712,,FORD,FUSION,IL,,UNKNOWN,PASSENGER,PERSONAL,NW,STRAIGHT AHEAD,,,2,,,,,,,,,,,,,,Y,Y,Y,,FRONT-LEFT-CORNER,,,,,,,,,,,,,,,,,,,,,,,,,,,,,,,,,
2107201,617a800f2647d66049590d7883994c318361feaeb2616375cb3dea38790a60e2bbb3df33279f04ae3a30f0ddf460bcf33c1836f4438e16942e72be78a31bb8a6,07/15/2025 09:00:00 AM,1,DRIVER,,2008848,,GENESIS,G80,IL,2024,NONE,PASSENGER,PERSONAL,S,STRAIGHT AHEAD,,,1,,,,,Y,Y,,,,,,,,,,,,FRONT-RIGHT-CORNER,,,,,,,,,,,,,,,,,,,,,,,,,,,,,,,,,
2107202,617a800f2647d66049590d7883994c318361feaeb2616375cb3dea38790a60e2bbb3df33279f04ae3a30f0ddf460bcf33c1836f4438e16942e72be78a31bb8a6,07/15/2025 09:00:00 AM,2,DRIVER,,2008851,,NISSAN,MURANO,IL,2007,NONE,PASSENGER,PERSONAL,S,ENTERING TRAFFIC LANE FROM PARKING,Y,,1,,owner,,,Y,,,,,,,,,Y,Y,Y,,FRONT-RIGHT-CORNER,,,,,,,,,,,,,,,,,,,,,,,,,,,,,,,,,
2107066,cf51210a30de1f1e8cb12838163411ec5866b4226b369ea7625593e2fa360b1ac810ff5e6393862f4d26979adbb6cc67eedb4f45cb5223afbf341df0207b9629,07/15/2025 09:00:00 AM,1,DRIVER,,2008719,,NISSAN,SENTRA,TX,2022,UNKNOWN,PASSENGER,PERSONAL,N,STRAIGHT AHEAD,,,1,,,,,,,,,,,,,,,,Y,,REAR,,,,,,,,,,,,,,,,,,,,,,,,,,,,,,,,,
2107067,cf51210a30de1f1e8cb12838163411ec5866b4226b369ea7625593e2fa360b1ac810ff5e6393862f4d26979adbb6cc67eedb4f45cb5223afbf341df0207b9629,07/15/2025 09:00:00 AM,2,DRIVER,,2008729,,HYUNDAI,SANTA FE,IL,2020,NONE,PASSENGER,PERSONAL,N,STRAIGHT AHEAD,,,1,,,,,N,,,Y,,,,,,,,,,SIDE-RIGHT-REAR,,,,,,,,,,,,,,,,,,,,,,,,,,,,,,,,,
2107087,2841ac24d75a4503b969cab1eb7c280d4887607a60dd827877e2d78395ede9beccf8f2c44ba072b94fa41a32c9d7e4c35b35ffac158211f5c5b17283e388294a,07/15/2025 08:59:00 AM,1,DRIVER,,2008743,,"MOTOR COACH INDUSTRIES, INC.","MOTOR COACH INDUSTRIES, INC.",IL,2014,UNKNOWN,BUS OVER 15 PASS.,OTHER,NE,TURNING LEFT,,,1,,,,,,,,,,,Y,Y,N,,,,,SIDE-LEFT-REAR,,,,,,,,,,,,,,,,,,,,,,,,,,,,,,,,,
2107088,2841ac24d75a4503b969cab1eb7c280d4887607a60dd827877e2d78395ede9beccf8f2c44ba072b94fa41a32c9d7e4c35b35ffac158211f5c5b17283e388294a,07/15/2025 08:59:00 AM,2,DRIVER,,2008751,,CHEVROLET,EQUINOX,IL,2023,UNKNOWN,SPORT UTILITY VEHICLE (SUV),PERSONAL,NE,TURNING LEFT,,,1,,,,,Y,Y,,,,,,,,,,,,SIDE-RIGHT-FRONT,,,,,,,,,,,,,,,,,,,,,,,,,,,,,,,,,
2107092,f26ccc668cd88354549cec92fcfa9356f911e83b63b234cb2ef6d6aea1b545eb5e5501d1dd6009822b3c94969c88a3511cdd0725c1a599d3469fbd27478c5f4f,07/15/2025 08:54:00 AM,1,DRIVER,,2008745,,CHEVROLET,EQUINOX,,2020,UNKNOWN,PASSENGER,PERSONAL,W,STRAIGHT AHEAD,Y,,1,,CITY OF CHICAGO,POUNS 2,,,Y,,,,,,,,,,,,SIDE-RIGHT-FRONT,,,,,,,,,,,,,,,,,,,,,,,,,,,,,,,,,
2107093,f26ccc668cd88354549cec92fcfa9356f911e83b63b234cb2ef6d6aea1b545eb5e5501d1dd6009822b3c94969c88a3511cdd0725c1a599d3469fbd27478c5f4f,07/15/2025 08:54:00 AM,2,PARKED,,2008748,,CHEVROLET,IMPALA,IL,2014,UNKNOWN,UNKNOWN/NA,UNKNOWN/NA,W,PARKED,,,0,,,,,,Y,,,,,,,,,,,,SIDE-RIGHT-FRONT,,,,,,,,,,,,,,,,,,,,,,,,,,,,,,,,,
2107135,56bf8800daf14a1a45a18b3b90e70f0ce67f0415cb20659aeb5a08be027708ac218d8920264e353711b969ed2a484c2a9430514e8ff1f64a7d55417aa5295d6b,07/15/2025 08:48:00 AM,1,DRIVER,1,2008783,,HONDA,CIVIC,IL,2013,NONE,PASSENGER,PERSONAL,E,TURNING LEFT,,,2,,,,,,,,,,,,,,,Y,Y,,FRONT-LEFT-CORNER,,,,,,,,,,,,,,,,,,,,,,,,,,,,,,,,,
2107150,56bf8800daf14a1a45a18b3b90e70f0ce67f0415cb20659aeb5a08be027708ac218d8920264e353711b969ed2a484c2a9430514e8ff1f64a7d55417aa5295d6b,07/15/2025 08:48:00 AM,2,BICYCLE,,,,,,,,,,,,,,,,,,,,,,,,,,,,,,,,,,,,,,,,,,,,,,,,,,,,,,,,,,,,,,,,,,
2107078,39d9428ae036a9c94a5f6f499ac9bfe1bdfe514189365e71404edd99e67adf50b0d7ef5a405b17fa4486ab58fde0b50109b43067d371fcc455fd8f5680574fb5,07/15/2025 08:45:00 AM,1,DRIVER,,2008733,,TOYOTA,PRIUS,IL,2010,UNKNOWN,PASSENGER,PERSONAL,E,ENTERING TRAFFIC LANE FROM PARKING,,,1,,,,,Y,,,,,,,,,,Y,Y,,FRONT,,,,,,,,,,,,,,,,,,,,,,,,,,,,,,,,,
2107079,39d9428ae036a9c94a5f6f499ac9bfe1bdfe514189365e71404edd99e67adf50b0d7ef5a405b17fa4486ab58fde0b50109b43067d371fcc455fd8f5680574fb5,07/15/2025 08:45:00 AM,2,DRIVER,,2008741,,HONDA,CR-V,NY,2022,UNKNOWN,PASSENGER,PERSONAL,S,STRAIGHT AHEAD,,,1,,,,,Y,Y,Y,Y,Y,,,,,,,,,SIDE-RIGHT,,,,,,,,,,,,,,,,,,,,,,,,,,,,,,,,,
2107056,6d45216279109279fd24389aca0e1245258a4d6bbadad7770fc06df780620a9df22ebe319f4035629277db04daeb0ff732ebe631ff07023d56bdeee2959dada3,07/15/2025 08:45:00 AM,1,DRIVER,,2008715,,VOLKSWAGEN,JETTA,IL,9999,NONE,PASSENGER,PERSONAL,N,CHANGING LANES,,,1,,,,,,,,,,,Y,,,,,,,REAR-LEFT-CORNER,,,,,,,,,,,,,,,,,,,,,,,,,,,,,,,,,
2107057,6d45216279109279fd24389aca0e1245258a4d6bbadad7770fc06df780620a9df22ebe319f4035629277db04daeb0ff732ebe631ff07023d56bdeee2959dada3,07/15/2025 08:45:00 AM,2,DRIVER,,2008718,,JEEP,CHEROKEE,IL,2018,NONE,PASSENGER,PERSONAL,N,STRAIGHT AHEAD,,,1,,,,,Y,,,,,,,,,,,,,FRONT-RIGHT-CORNER,,,,,,,,,,,,,,,,,,,,,,,,,,,,,,,,,
2107051,6f7ae651b9caa8aae7ba446aea3e0aaff276b779b2c682811d5e2d6eb7a9baee858c19e9445576a4aa8ef8272bd89c006d62a4a88dcd398d42870b0f0000700b,07/15/2025 08:45:00 AM,1,DRIVER,1,2008703,N,FORD,F750,IN,2022,NONE,OTHER VEHICLE WITH TRAILER,CONSTRUCTION/MAINTENANCE,N,STRAIGHT AHEAD,,,2,,,,,,,,,,,,,,,,,,TOP,,,,,,,,,,,,,,,,,,,,,,,,,,,,,,,,,
2107124,bd14be14ef811a86e7361b82ade326a3a20b35c3bf758c46751069e6d63332085b19198b2363ea36df4c1dc13afd3718b8c1016adf27bf1f2903b278adf340de,07/15/2025 08:41:00 AM,1,DRIVER,1,2008778,,JEEP,COMPASS,IN,2019,UNKNOWN,PASSENGER,PERSONAL,N,STRAIGHT AHEAD,Y,,2,,geico,unk,,,Y,Y,,,,,,,Y,,,,TOTAL (ALL AREAS),,,,,,,,,,,,,,,,,,,,,,,,,,,,,,,,,
2107125,bd14be14ef811a86e7361b82ade326a3a20b35c3bf758c46751069e6d63332085b19198b2363ea36df4c1dc13afd3718b8c1016adf27bf1f2903b278adf340de,07/15/2025 08:41:00 AM,2,DRIVER,3,2008800,,MERCEDES-BENZ,E500,IL,2006,UNKNOWN,PASSENGER,PERSONAL,E,STRAIGHT AHEAD,Y,,4,,by owner,,,Y,,,,,,,,,,Y,Y,,FRONT,,,,,,,,,,,,,,,,,,,,,,,,,,,,,,,,,
2107126,bd14be14ef811a86e7361b82ade326a3a20b35c3bf758c46751069e6d63332085b19198b2363ea36df4c1dc13afd3718b8c1016adf27bf1f2903b278adf340de,07/15/2025 08:41:00 AM,3,DRIVER,,2008834,,GENERAL MOTORS CORPORATION (GMC),TERRAIN,IL,2023,UNKNOWN,PASSENGER,PERSONAL,W,STRAIGHT AHEAD,Y,,1,,owner,unk,,,,,,,,,,Y,Y,Y,,,SIDE-LEFT,,,,,,,,,,,,,,,,,,,,,,,,,,,,,,,,,
2107076,c4d594c54ac69f24c2ae9924fe562f5bc436e4538685e36161e4235c0813738c5c840adc09dc3a11bd6de58f62e02ae8d5ea7b70b94ebaf582697b3dc5fe6ed7,07/15/2025 08:40:00 AM,1,DRIVER,,2008727,,HONDA,ODYSSEY,IL,2008,NONE,PASSENGER,PERSONAL,W,MERGING,,,1,,,,,,,,,,,,,,,Y,,,SIDE-LEFT-FRONT,,,,,,,,,,,,,,,,,,,,,,,,,,,,,,,,,
2107077,c4d594c54ac69f24c2ae9924fe562f5bc436e4538685e36161e4235c0813738c5c840adc09dc3a11bd6de58f62e02ae8d5ea7b70b94ebaf582697b3dc5fe6ed7,07/15/2025 08:40:00 AM,2,DRIVER,,2008737,,GENERAL MOTORS CORPORATION (GMC),TERRAIN,IL,2019,NONE,PASSENGER,PERSONAL,W,OTHER,,,1,,,,,,Y,Y,Y,,,,,,,,,,SIDE-RIGHT-REAR,,,,,,,,,,,,,,,,,,,,,,,,,,,,,,,,,