CRASH_UNIT_ID,CRASH_RECORD_ID,CRASH_DATE,UNIT_NO,UNIT_TYPE,NUM_PASSENGERS,VEHICLE_ID,CMRC_VEH_I,MAKE,MODEL,LIC_PLATE_STATE,VEHICLE_YEAR,VEHICLE_DEFECT,VEHICLE_TYPE,VEHICLE_USE,TRAVEL_DIRECTION,MANEUVER,TOWED_I,FIRE_I,OCCUPANT_CNT,EXCEED_SPEED_LIMIT_I,TOWED_BY,TOWED_TO,AREA_00_I,AREA_01_I,AREA_02_I,AREA_03_I,AREA_04_I,AREA_05_I,AREA_06_I,AREA_07_I,AREA_08_I,AREA_09_I,AREA_10_I,AREA_11_I,AREA_12_I,AREA_99_I,FIRST_CONTACT_POINT,CMV_ID,USDOT_NO,CCMC_NO,ILCC_NO,COMMERCIAL_SRC,GVWR,CARRIER_NAME,CARRIER_STATE,CARRIER_CITY,HAZMAT_PLACARDS_I,HAZMAT_NAME,UN_NO,HAZMAT_PRESENT_I,HAZMAT_REPORT_I,HAZMAT_REPORT_NO,MCS_REPORT_I,MCS_REPORT_NO,HAZMAT_VIO_CAUSE_CRASH_I,MCS_VIO_CAUSE_CRASH_I,IDOT_PERMIT_NO,WIDE_LOAD_I,TRAILER1_WIDTH,TRAILER2_WIDTH,TRAILER1_LENGTH,TRAILER2_LENGTH,TOTAL_VEHICLE_LENGTH,AXLE_CNT,VEHICLE_CONFIG,CARGO_BODY_TYPE,LOAD_TYPE,HAZMAT_OUT_OF_SERVICE_I,MCS_OUT_OF_SERVICE_I,HAZMAT_CLASS
2107148,66f80cc35f38591809cd240c34a14204ed34d871663904e61a9b2ed49a7052f78fe24966fd3ffeee8a3a15f38d68f9f5328b61e06d83b12eff8b413940ceec3b,07/15/2025 08:33:00 AM,1,DRIVER,,2008802,,JEEP,COMPASS,IL,2019,NONE,PASSENGER,PERSONAL,E,STRAIGHT AHEAD,,,1,,,,,Y,,,,,,,,,,Y,Y,,FRONT,,,,,,,,,,,,,,,,,,,,,,,,,,,,,,,,,
2107149,66f80cc35f38591809cd240c34a14204ed34d871663904e61a9b2ed49a7052f78fe24966fd3ffeee8a3a15f38d68f9f5328b61e06d83b12eff8b413940ceec3b,07/15/2025 08:33:00 AM,2,DRIVER,,2008811,,HYUNDAI,ELANTRA,IL,2023,NONE,PASSENGER,PERSONAL,E,STRAIGHT AHEAD,,,1,,,,,,,,,Y,Y,Y,,,,,,,REAR,,,,,,,,,,,,,,,,,,,,,,,,,,,,,,,,,
2107044,e5555a46db98d28a99ccc5df9dd24f14d985d0d85915bc44d2d6e825b28bd42413989abd3ea3b503b140459721bded34ebbd85d2735e4465a5d78a6ae5aaedf2,07/15/2025 08:32:00 AM,1,DRIVER,,2008700,,NISSAN,SENTRA,IL,2016,NONE,PASSENGER,PERSONAL,W,SLOW/STOP IN TRAFFIC,,,1,,,,,Y,,,,,,,,,,,,,FRONT-RIGHT-CORNER,,,,,,,,,,,,,,,,,,,,,,,,,,,,,,,,,
2107096,32a7266eff0422412b9b33fabb5be422b9e8a50ae35d029756a5edbbc12af582a890881e6341bf56705109467b4d1ad4415c501290ceb22ddf367ed48bc8e84f,07/15/2025 08:30:00 AM,1,DRIVER,,2008742,,UNKNOWN,ENCLOSED BODY,,,NONE,PASSENGER,PERSONAL,N,STRAIGHT AHEAD,,,1,,,,,Y,,,,,,,,,,,Y,,FRONT,,,,,,,,,,,,,,,,,,,,,,,,,,,,,,,,,
2107097,32a7266eff0422412b9b33fabb5be422b9e8a50ae35d029756a5edbbc12af582a890881e6341bf56705109467b4d1ad4415c501290ceb22ddf367ed48bc8e84f,07/15/2025 08:30:00 AM,2,DRIVER,,2008749,,TOYOTA,COROLLA,IL,2018,NONE,PASSENGER,PERSONAL,E,STRAIGHT AHEAD,,,1,,,,,,,,,Y,,,,,,,,,SIDE-RIGHT-REAR,,,,,,,,,,,,,,,,,,,,,,,,,,,,,,,,,
2107040,9ef1a63a0150c11a4d2441f0078d70e025eddf350378aa0cb4e8fc486b67e326b1c7880c9a43f179faa1506dc34d200b1e7f3b9b0499bac7ea22b6b729643032,07/15/2025 08:30:00 AM,1,DRIVER,,2008698,,CHEVROLET,OTHER (EXPLAIN IN NARRATIVE),IL,2010,UNKNOWN,PASSENGER,PERSONAL,E,PASSING/OVERTAKING,,,1,,,,,,,,,,,Y,,,,,,,REAR-LEFT-CORNER,,,,,,,,,,,,,,,,,,,,,,,,,,,,,,,,,
2107041,9ef1a63a0150c11a4d2441f0078d70e025eddf350378aa0cb4e8fc486b67e326b1c7880c9a43f179faa1506dc34d200b1e7f3b9b0499bac7ea22b6b729643032,07/15/2025 08:30:00 AM,2,DRIVER,,2008705,,JEEP,GRAND CHEROKEE,IL,2022,UNKNOWN,PASSENGER,PERSONAL,E,OTHER,,,1,,,,,,,,Y,Y,,,,,,,,,NONE,,,,,,,,,,,,,,,,,,,,,,,,,,,,,,,,,
2107038,e5a23eaf11a71f6ab78ec204b66a61831154c60c78b9d78ff1367a29d1a8558f0c8db1b2dc64b9354ca8c7b633029d4e911e8d11b1252269280be81e51c6035a,07/15/2025 08:30:00 AM,1,DRIVER,,2008694,,NISSAN,ROGUE,IL,2014,NONE,PASSENGER,PERSONAL,W,ENTERING TRAFFIC LANE FROM PARKING,,,1,,,,,,,,,,,,,,Y,Y,,,FRONT-LEFT-CORNER,,,,,,,,,,,,,,,,,,,,,,,,,,,,,,,,,
2107039,e5a23eaf11a71f6ab78ec204b66a61831154c60c78b9d78ff1367a29d1a8558f0c8db1b2dc64b9354ca8c7b633029d4e911e8d11b1252269280be81e51c6035a,07/15/2025 08:30:00 AM,2,DRIVER,,2008697,,FORD,OTHER (EXPLAIN IN NARRATIVE),IL,2013,NONE,PASSENGER,PERSONAL,W,STRAIGHT AHEAD,,,1,,,,,Y,Y,,,,,,,,,,,,FRONT-RIGHT-CORNER,,,,,,,,,,,,,,,,,,,,,,,,,,,,,,,,,
2107049,492d11f8612a32498abf2dc9f488db3c8c44ac674a131767aa6b6006d86cf6a1634ebb62603d55eec41502753b56aa98d7e64f40ba67839b1034af3bda989a0d,07/15/2025 08:25:00 AM,1,DRIVER,,2008704,,NISSAN,350Z,IL,2003,UNKNOWN,PASSENGER,PERSONAL,NW,STRAIGHT AHEAD,N,,1,,,,,Y,,,,,,,,,,Y,Y,,FRONT,,,,,,,,,,,,,,,,,,,,,,,,,,,,,,,,,
2107050,492d11f8612a32498abf2dc9f488db3c8c44ac674a131767aa6b6006d86cf6a1634ebb62603d55eec41502753b56aa98d7e64f40ba67839b1034af3bda989a0d,07/15/2025 08:25:00 AM,2,DRIVER,1,2008711,,HONDA,PILOT,IL,2005,UNKNOWN,SPORT UTILITY VEHICLE (SUV),PERSONAL,S,STARTING IN TRAFFIC,Y,,2,,PRIVATE TOW,,,Y,Y,,,,,,,,,,,,SIDE-RIGHT,,,,,,,,,,,,,,,,,,,,,,,,,,,,,,,,,
2110013,3fbfeaf67cbbbccf8c34917d5c6db3b560db43e1372cc812ddbb812e2014f0e1d36e09dae400ce902750bbf32d1361d551e83cb52b630ecebd6f4d977c64e2b6,07/15/2025 08:23:00 AM,1,DRIVER,,2011513,,LEXUS,RX,IL,2023,NONE,PASSENGER,PERSONAL,W,AVOIDING VEHICLES/OBJECTS,,,1,,,,,,,,,Y,,,,,,,,,SIDE-RIGHT-REAR,,,,,,,,,,,,,,,,,,,,,,,,,,,,,,,,,
2110014,3fbfeaf67cbbbccf8c34917d5c6db3b560db43e1372cc812ddbb812e2014f0e1d36e09dae400ce902750bbf32d1361d551e83cb52b630ecebd6f4d977c64e2b6,07/15/2025 08:23:00 AM,2,PARKED,,2011519,,HONDA,CIVIC,IL,2023,NONE,PASSENGER,PERSONAL,E,PARKED,,,0,,,,,,,,,,,,,,,Y,,,FRONT-LEFT-CORNER,,,,,,,,,,,,,,,,,,,,,,,,,,,,,,,,,
2107167,bdb5405f6c01af0f594b755889f92a91a68bdd91a2df0f63ab5c122fbb4d5d5c38db22f3b719ee4bafe2fee3f5773ac78cb9e4aec8cdbba76368c824cd26879e,07/15/2025 08:20:00 AM,1,DRIVER,,2008825,,DODGE,JOURNEY,IL,2017,UNKNOWN,SPORT UTILITY VEHICLE (SUV),UNKNOWN/NA,E,CHANGING LANES,,,1,,,,,Y,,,,,,,,,,Y,Y,Y,FRONT,,,,,,,,,,,,,,,,,,,,,,,,,,,,,,,,,
2107168,bdb5405f6c01af0f594b755889f92a91a68bdd91a2df0f63ab5c122fbb4d5d5c38db22f3b719ee4bafe2fee3f5773ac78cb9e4aec8cdbba76368c824cd26879e,07/15/2025 08:20:00 AM,2,DRIVER,,2008832,,CHEVROLET,EQUINOX,IL,2013,UNKNOWN,SPORT UTILITY VEHICLE (SUV),STATE OWNED,E,TURNING LEFT,,,1,,,,,,,,,Y,Y,,,,,,,Y,REAR-RIGHT-CORNER,,,,,,,,,,,,,,,,,,,,,,,,,,,,,,,,,
2107058,a11966b4cca0d9a2a84e93929bdaa94da125996dc93593fecb7bc049b2f7072bde29dcdc534f17cd8e046d3ab76c96f1f94e6b92c838b486874b785f15f429b0,07/15/2025 08:15:00 AM,1,DRIVER,,2008730,,DODGE,JOURNEY,IN,2018,NONE,SPORT UTILITY VEHICLE (SUV),PERSONAL,S,TURNING RIGHT,,,1,,,,,,Y,,,,,,,,,,,,FRONT-RIGHT-CORNER,,,,,,,,,,,,,,,,,,,,,,,,,,,,,,,,,
2107059,a11966b4cca0d9a2a84e93929bdaa94da125996dc93593fecb7bc049b2f7072bde29dcdc534f17cd8e046d3ab76c96f1f94e6b92c838b486874b785f15f429b0,07/15/2025 08:15:00 AM,2,DRIVER,1,2008738,,CHEVROLET,EXPRESS,IL,2019,NONE,BUS UP TO 15 PASS.,SCHOOL BUS,S,TURNING RIGHT,,,2,,,,,,,,,,,,,,Y,,,,FRONT-LEFT-CORNER,,,,,,,,,,,,,,,,,,,,,,,,,,,,,,,,,
2107119,0baf9df19ef5e408b3f62b0db99d5d191e0516c4749237cc599c4130c6fb3098bb47ba6cb2a3f6fc1047fb8f37e2923e81e534b0ea4564c7001c412f574215e2,07/15/2025 08:00:00 AM,1,DRIVER,,2008791,,UNKNOWN,MOTORIZED,IL,,UNKNOWN,UNKNOWN/NA,UNKNOWN/NA,UNKNOWN,UNKNOWN/NA,,,1,,,,,,,,,,,,,,,,,Y,UNKNOWN,,,,,,,,,,,,,,,,,,,,,,,,,,,,,,,,,
2107120,0baf9df19ef5e408b3f62b0db99d5d191e0516c4749237cc599c4130c6fb3098bb47ba6cb2a3f6fc1047fb8f37e2923e81e534b0ea4564c7001c412f574215e2,07/15/2025 08:00:00 AM,2,PARKED,,2008775,,BMW,X5,IL,2024,NONE,SPORT UTILITY VEHICLE (SUV),PERSONAL,E,PARKED,,,0,,,,,,,,,,,Y,,,,,,,REAR-LEFT-CORNER,,,,,,,,,,,,,,,,,,,,,,,,,,,,,,,,,
2107036,b940a83a52ac66bbbc8027ddbbaadd76b3028632a4b30310cdb22cbfe4716355e3a727695640d068e27b1406753d5dfc40201938d3ecc0ee9c7011fc0df394ab,07/15/2025 08:00:00 AM,1,DRIVER,,2008691,,CHEVROLET,MALIBU,IL,,UNKNOWN,PASSENGER,UNKNOWN/NA,N,STRAIGHT AHEAD,,,1,,,,,,,,,,,,,,,Y,,,FRONT-LEFT-CORNER,,,,,,,,,,,,,,,,,,,,,,,,,,,,,,,,,
2107037,b940a83a52ac66bbbc8027ddbbaadd76b3028632a4b30310cdb22cbfe4716355e3a727695640d068e27b1406753d5dfc40201938d3ecc0ee9c7011fc0df394ab,07/15/2025 08:00:00 AM,2,DRIVER,,2008693,,FORD,EDGE,IL,2010,UNKNOWN,PASSENGER,PERSONAL,N,STRAIGHT AHEAD,,,1,,,,,Y,,,,,,,,,,,,,FRONT-RIGHT-CORNER,,,,,,,,,,,,,,,,,,,,,,,,,,,,,,,,,
2107030,e077c6179e2c75c3c6190959d690080241d138614e50a24f126e68bc90d1af3682ce52625a875b34e858576ff372af2f0610769a8fd41ea7854ef9651f39c0b2,07/15/2025 07:57:00 AM,1,DRIVER,,2008684,,DODGE,RAM 2500 PU,IL,2011,UNKNOWN,PICKUP,PERSONAL,E,STRAIGHT AHEAD,,,1,,,,,,,,,,,,,,,Y,,,FRONT-LEFT-CORNER,,,,,,,,,,,,,,,,,,,,,,,,,,,,,,,,,
2107031,e077c6179e2c75c3c6190959d690080241d138614e50a24f126e68bc90d1af3682ce52625a875b34e858576ff372af2f0610769a8fd41ea7854ef9651f39c0b2,07/15/2025 07:57:00 AM,2,PARKED,,2008688,,TESLA,MODEL 3,IL,2023,NONE,PASSENGER,NOT IN USE,E,PARKED,,,0,,,,,,,,,Y,,,,,,,,,REAR-RIGHT-CORNER,,,,,,,,,,,,,,,,,,,,,,,,,,,,,,,,,
2107570,e6ad66cf7fa7dd7014349575df70a82d81bffdceb04bce83f3f3469f00acb72ce13d899e77ea4b2ddd606aee38475612639bf32e528f2bfe0ad0fb6c62f5f772,07/15/2025 07:55:00 AM,1,DRIVER,,2009201,,CHEVROLET,C1500,IL,1988,UNKNOWN,PICKUP,PERSONAL,W,STRAIGHT AHEAD,,,1,,,,,Y,,,,,,,,,,Y,Y,,FRONT,,,,,,,,,,,,,,,,,,,,,,,,,,,,,,,,,
2107571,e6ad66cf7fa7dd7014349575df70a82d81bffdceb04bce83f3f3469f00acb72ce13d899e77ea4b2ddd606aee38475612639bf32e528f2bfe0ad0fb6c62f5f772,07/15/2025 07:55:00 AM,2,DRIVER,,2009202,,NISSAN,ROGUE,IL,2021,UNKNOWN,PASSENGER,PERSONAL,W,STRAIGHT AHEAD,,,1,,,,,,,,,Y,Y,Y,,,,,,,REAR,,,,,,,,,,,,,,,,,,,,,,,,,,,,,,,,,
2107047,c0a20007c7dfa0fd267492b3efed328dd0b00c43dc13521c4414a5c3614f78454e1543f5bd550b26329623bdf58863955848297aed0ee80021246d72828e7161,07/15/2025 07:45:00 AM,1,DRIVER,,2008702,,CHEVROLET,CAMARO,IL,2017,UNKNOWN,PASSENGER,PERSONAL,W,TURNING RIGHT,,,1,,,,,,,,,,,,,,,,,,SIDE-RIGHT,,,,,,,,,,,,,,,,,,,,,,,,,,,,,,,,,
2107048,c0a20007c7dfa0fd267492b3efed328dd0b00c43dc13521c4414a5c3614f78454e1543f5bd550b26329623bdf58863955848297aed0ee80021246d72828e7161,07/15/2025 07:45:00 AM,2,PARKED,1,2008708,,TOYOTA,CAMRY,TX,2023,UNKNOWN,PASSENGER,NOT IN USE,W,PARKED,,,1,,,,,,,,,,,,,,,,,,SIDE-LEFT-REAR,,,,,,,,,,,,,,,,,,,,,,,,,,,,,,,,,
2107540,37c255e07433df39f0675c9868e4d33c0df2705a2ba3d330c217f791365ffbbe7086162582cdb9652a4f3e9e17005d3c18317db21bb20241dd89a6d990d4fcb1,07/15/2025 07:40:00 AM,1,DRIVER,,2009167,,VOLKSWAGEN,TIGUAN,IL,2022,NONE,PASSENGER,PERSONAL,S,STRAIGHT AHEAD,,,1,,,,,,,,,,,,,,,Y,,,FRONT-LEFT-CORNER,,,,,,,,,,,,,,,,,,,,,,,,,,,,,,,,,
2107541,37c255e07433df39f0675c9868e4d33c0df2705a2ba3d330c217f791365ffbbe7086162582cdb9652a4f3e9e17005d3c18317db21bb20241dd89a6d990d4fcb1,07/15/2025 07:40:00 AM,2,DRIVER,,2009171,,HUMMER,H3,IL,2006,UNKNOWN,PASSENGER,UNKNOWN/NA,W,STRAIGHT AHEAD,,,1,,,,,Y,,,,,,,,,,,,,FRONT-RIGHT-CORNER,,,,,,,,,,,,,,,,,,,,,,,,,,,,,,,,,
2107558,f93050e498d617bc5180acafff00a65015bddab31e50e01ce2322e35ff415d426e5c73c00b4a4f42ce3551d27d95cdc30ba100863da693ab7d144ff6c7ffce4d,07/15/2025 07:30:00 AM,1,DRIVER,,2009189,,THOMAS BUILT BUS COMPANY,THOMAS BUILT BUS CO.,IL,2017,UNKNOWN,BUS OVER 15 PASS.,SCHOOL BUS,S,SLOW/STOP IN TRAFFIC,,,1,,,,,,,,,,,,,,,,,Y,UNKNOWN,,,,,,,,,,,,,,,,,,,,,,,,,,,,,,,,,
2107559,f93050e498d617bc5180acafff00a65015bddab31e50e01ce2322e35ff415d426e5c73c00b4a4f42ce3551d27d95cdc30ba100863da693ab7d144ff6c7ffce4d,07/15/2025 07:30:00 AM,2,DRIVER,,2009204,,BMW,BMW,IL,2019,NONE,UNKNOWN/NA,PERSONAL,S,STRAIGHT AHEAD,,,1,,,,,,,,,,,,,,Y,,,,SIDE-LEFT,,,,,,,,,,,,,,,,,,,,,,,,,,,,,,,,,
2107538,2a6c1cdad0a8907677e0df426c9ed65f3603439a1d275c3c5e4f269ed68ed060083fdb32210fe11df2e0afc0356314466a5f3d7c7a8740724b57bfe91cebe094,07/15/2025 07:28:00 AM,1,DRIVER,,2009174,,UNKNOWN,MOTORIZED,,,UNKNOWN,UNKNOWN/NA,UNKNOWN/NA,N,STRAIGHT AHEAD,,,1,,,,,,,,,,,,,,,,,Y,FRONT-RIGHT-CORNER,,,,,,,,,,,,,,,,,,,,,,,,,,,,,,,,,
2107539,2a6c1cdad0a8907677e0df426c9ed65f3603439a1d275c3c5e4f269ed68ed060083fdb32210fe11df2e0afc0356314466a5f3d7c7a8740724b57bfe91cebe094,07/15/2025 07:28:00 AM,2,DRIVER,,2009180,,CHEVROLET,EQUINOX,IL,2018,NONE,PASSENGER,PERSONAL,N,MERGING,,,1,,,,,,,,,,,Y,Y,Y,Y,,,,SIDE-LEFT,,,,,,,,,,,,,,,,,,,,,,,,,,,,,,,,,
2107026,b597addac3f1e4130ec3bd99f7acfa5477e68b6fff2d275e3de48c2abb8711a2d05a089723c9c4f3b2b8018e0d1da6f3cfe457c203065ffb962033181dee86d3,07/15/2025 07:25:00 AM,1,DRIVER,,2008683,,GENERAL MOTORS CORPORATION (GMC),SIERRA,IL,2016,NONE,PICKUP,PERSONAL,N,BACKING,,,1,,,,,,,,,,,Y,,,,,,,REAR-LEFT-CORNER,,,,,,,,,,,,,,,,,,,,,,,,,,,,,,,,,
2107027,b597addac3f1e4130ec3bd99f7acfa5477e68b6fff2d275e3de48c2abb8711a2d05a089723c9c4f3b2b8018e0d1da6f3cfe457c203065ffb962033181dee86d3,07/15/2025 07:25:00 AM,2,DRIVER,,2008695,,INFINITI,Q60,IL,2019,NONE,PASSENGER,PERSONAL,S,PASSING/OVERTAKING,,,1,,,,,,,,,,,,,Y,Y,,,,SIDE-LEFT,,,,,,,,,,,,,,,,,,,,,,,,,,,,,,,,,
2107018,4f90f1edef71fd1485c01ab845a0d514447191b0e54e1912d76ffc20d64864e9d1e26604614ada4c9013193d2b8d44e6dcf8ac834c48abe7d7e89b1e09bd6643,07/15/2025 07:10:00 AM,1,DRIVER,,2008675,,TOYOTA,PRIUS,IL,2010,NONE,PASSENGER,PERSONAL,N,TURNING RIGHT,,,1,,,,,Y,,,,,,,,,,Y,Y,,FRONT,,,,,,,,,,,,,,,,,,,,,,,,,,,,,,,,,
2107019,4f90f1edef71fd1485c01ab845a0d514447191b0e54e1912d76ffc20d64864e9d1e26604614ada4c9013193d2b8d44e6dcf8ac834c48abe7d7e89b1e09bd6643,07/15/2025 07:10:00 AM,2,DRIVER,1,2008681,,HONDA,CR-V,IL,2012,NONE,PASSENGER,PERSONAL,W,STRAIGHT AHEAD,,,2,,,,,,,,,,,,Y,Y,Y,Y,,,SIDE-LEFT,,,,,,,,,,,,,,,,,,,,,,,,,,,,,,,,,
2107074,603bb42cabf3bd0c5b0a54cec3d2bc4642fcd3226344712772a6d3d63976da6e727548c0f568599015833530661b5973d0531f1b9a22df526dfc836345d4175a,07/15/2025 07:00:00 AM,1,DRIVER,,2008724,,UNKNOWN,OTHER (EXPLAIN IN NARRATIVE),IL,,UNKNOWN,UNKNOWN/NA,UNKNOWN/NA,W,UNKNOWN/NA,,,1,,,,,,,,,,,,,,,,,Y,UNKNOWN,,,,,,,,,,,,,,,,,,,,,,,,,,,,,,,,,
2107075,603bb42cabf3bd0c5b0a54cec3d2bc4642fcd3226344712772a6d3d63976da6e727548c0f568599015833530661b5973d0531f1b9a22df526dfc836345d4175a,07/15/2025 07:00:00 AM,2,PARKED,,2008734,,TOYOTA,CAMRY,IL,2009,UNKNOWN,PASSENGER,PERSONAL,W,PARKED,,,0,,,,,,,,,,,,Y,Y,Y,,,,SIDE-LEFT,,,,,,,,,,,,,,,,,,,,,,,,,,,,,,,,,
2107014,ba164a47b433638727a0a39f3955669597cfd173139266057f7fe9c470f100b742715e6f0bbd53f59102963d8e66b29525f07e1db6f72739a7de5ba21a3aba5b,07/15/2025 07:00:00 AM,1,DRIVER,,2008670,,NISSAN,JUKE,IL,2016,UNKNOWN,PASSENGER,PERSONAL,E,OTHER,,,1,,,,,,,,,,,,,Y,Y,Y,,,SIDE-LEFT,,,,,,,,,,,,,,,,,,,,,,,,,,,,,,,,,
2107015,ba164a47b433638727a0a39f3955669597cfd173139266057f7fe9c470f100b742715e6f0bbd53f59102963d8e66b29525f07e1db6f72739a7de5ba21a3aba5b,07/15/2025 07:00:00 AM,2,DRIVER,,2008674,,TOYOTA,COROLLA,NJ,2015,UNKNOWN,PASSENGER,PERSONAL,E,STRAIGHT AHEAD,,,1,,,,,Y,Y,Y,,,,,,,,,,,SIDE-RIGHT,,,,,,,,,,,,,,,,,,,,,,,,,,,,,,,,,
2107016,8d974981dd87d5cf19c4ac4e4f65d43b2c4c140ad16f8e2efd15a7eca14ca56e79e395daeee0015a4ee160747276892011e5ea017ee5697963edeee589f6c3d0,07/15/2025 06:57:00 AM,1,DRIVER,,2008671,,HYUNDAI,VELOSTAR,IL,2017,NONE,PASSENGER,PERSONAL,E,U-TURN,,,1,,,,,Y,,,,,,,,,,Y,Y,,FRONT,,,,,,,,,,,,,,,,,,,,,,,,,,,,,,,,,
2107017,8d974981dd87d5cf19c4ac4e4f65d43b2c4c140ad16f8e2efd15a7eca14ca56e79e395daeee0015a4ee160747276892011e5ea017ee5697963edeee589f6c3d0,07/15/2025 06:57:00 AM,2,DRIVER,3,2008672,,FORD,TRANSIT,IL,2024,NONE,VAN/MINI-VAN,OTHER,W,STRAIGHT AHEAD,,,4,,,,,,,,,,,,Y,Y,Y,,,,SIDE-LEFT,,,,,,,,,,,,,,,,,,,,,,,,,,,,,,,,,
2107008,7c40d66c37f1a8d5665de20e15987df3eb24b01f7d43f6ab4dcc2c2c2b0ef728d9b948d8586cbb626a6d6fff7ad0d2a1313fa5f614373cbfafa86c5b93a089aa,07/15/2025 06:45:00 AM,1,DRIVER,,2008665,,TOYOTA,COROLLA,IL,2010,NONE,PASSENGER,PERSONAL,E,STRAIGHT AHEAD,,,1,,,,,,,,,,,,,,,,,Y,UNKNOWN,,,,,,,,,,,,,,,,,,,,,,,,,,,,,,,,,
2107009,7c40d66c37f1a8d5665de20e15987df3eb24b01f7d43f6ab4dcc2c2c2b0ef728d9b948d8586cbb626a6d6fff7ad0d2a1313fa5f614373cbfafa86c5b93a089aa,07/15/2025 06:45:00 AM,2,DRIVER,1,2008668,,CHEVROLET,HHR,IL,2010,NONE,PASSENGER,PERSONAL,N,STRAIGHT AHEAD,,,2,,,,,,,,,,,,,,,Y,,,FRONT-LEFT-CORNER,,,,,,,,,,,,,,,,,,,,,,,,,,,,,,,,,
2107022,99a2bc3d81df9db5dddd8b99fa6124393d89382376afeeca1cb14c3de5831066dc573478ed4bab7f395e1d0fa0feb7b935e42fb8d1597e1e616ad1433981344b,07/15/2025 06:31:00 AM,1,DRIVER,,2008680,,TOYOTA,CAMRY,IL,2004,UNKNOWN,PASSENGER,UNKNOWN/NA,S,STRAIGHT AHEAD,,,1,,,,Y,,,,,,,,,,,,,,NONE,,,,,,,,,,,,,,,,,,,,,,,,,,,,,,,,,
2107023,99a2bc3d81df9db5dddd8b99fa6124393d89382376afeeca1cb14c3de5831066dc573478ed4bab7f395e1d0fa0feb7b935e42fb8d1597e1e616ad1433981344b,07/15/2025 06:31:00 AM,2,DRIVER,2,2008676,,ACURA,ADX,IL,2014,NONE,PASSENGER,PERSONAL,S,SLOW/STOP IN TRAFFIC,,,3,,,,,,,,,Y,Y,Y,,,,,,,REAR,,,,,,,,,,,,,,,,,,,,,,,,,,,,,,,,,
2107270,c2b3af06bce2d7fb06648f00ce447f452e216d1c67cccaa30655336aa6873229551bc36b9721d9c4811db89ad0cc8b37fbddd62e2e15242d1828a8556e5d028f,07/15/2025 06:15:00 AM,1,DRIVER,,2008915,,UNKNOWN,MOTORIZED,IL,,UNKNOWN,PASSENGER,NOT IN USE,UNKNOWN,UNKNOWN/NA,,,1,,,,,,,,,,,,,,,,,,UNKNOWN,,,,,,,,,,,,,,,,,,,,,,,,,,,,,,,,,
2107271,c2b3af06bce2d7fb06648f00ce447f452e216d1c67cccaa30655336aa6873229551bc36b9721d9c4811db89ad0cc8b37fbddd62e2e15242d1828a8556e5d028f,07/15/2025 06:15:00 AM,2,PARKED,,2008921,,NISSAN,SENTRA,IL,2015,NONE,PASSENGER,NOT IN USE,W,PARKED,,,0,,,,,Y,Y,Y,Y,Y,,Y,Y,Y,Y,Y,,,TOTAL (ALL AREAS),,,,,,,,,,,,,,,,,,,,,,,,,,,,,,,,,
2108468,3da0ea7d19c6f8f6bc75e57adc4e8bf5436d5f0e234ffd51f272c6fa90bbaf6fd868682c344fde1fa542e87f22c8c39012abfa9bc8d6e071876b901eb53355d1,07/15/2025 06:12:00 AM,1,DRIVER,,2010034,,HONDA,CIVIC,IL,2012,UNKNOWN,PASSENGER,PERSONAL,W,BACKING,,,1,,,,,,,,,,,,Y,Y,Y,,,,SIDE-LEFT,,,,,,,,,,,,,,,,,,,,,,,,,,,,,,,,,
2108469,3da0ea7d19c6f8f6bc75e57adc4e8bf5436d5f0e234ffd51f272c6fa90bbaf6fd868682c344fde1fa542e87f22c8c39012abfa9bc8d6e071876b901eb53355d1,07/15/2025 06:12:00 AM,2,PARKED,,2010035,,JEEP,CHEROKEE,IL,,UNKNOWN,PASSENGER,PERSONAL,E,PARKED,,,0,,,,,,,,,Y,,,,,,,,,REAR-RIGHT-CORNER,,,,,,,,,,,,,,,,,,,,,,,,,,,,,,,,,
2107006,58fe051edce01fbe8307f5de909a510128c59aa467684dfd6da2fa6e773540a9a1e69769876164db8129b10e1c163faa7b85cb763fcddc1371dc46fd21b42077,07/15/2025 05:25:00 AM,1,DRIVER,,2008663,,TOYOTA,SIENNA,IL,2021,NONE,VAN/MINI-VAN,TAXI/FOR HIRE,N,MERGING,,,1,,,,,,,,,,,,,,,Y,,,FRONT-LEFT-CORNER,,,,,,,,,,,,,,,,,,,,,,,,,,,,,,,,,
2107007,58fe051edce01fbe8307f5de909a510128c59aa467684dfd6da2fa6e773540a9a1e69769876164db8129b10e1c163faa7b85cb763fcddc1371dc46fd21b42077,07/15/2025 05:25:00 AM,2,DRIVER,,2008664,,FORD,EXPEDITION,IL,2024,NONE,SPORT UTILITY VEHICLE (SUV),TAXI/FOR HIRE,N,STRAIGHT AHEAD,,,1,,,,,,,Y,Y,,,,,,,,,,SIDE-RIGHT,,,,,,,,,,,,,,,,,,,,,,,,,,,,,,,,,
2107004,9b3fa24c01e6f7b20c99414ccd7d57ce4bd4005b34e23b0fd245aa6c599d0978bb8de8614caf603078feee4cf53ed4929970af0fa42a211f59eaebe2f7f25c50,07/15/2025 05:00:00 AM,1,DRIVER,,2008661,,TOYOTA,TUNDRA,IL,2005,UNKNOWN,PASSENGER,PERSONAL,W,STRAIGHT AHEAD,Y,,1,,CITY OF CHICAGO,,,Y,Y,Y,,,,,,Y,Y,Y,Y,,FRONT,,,,,,,,,,,,,,,,,,,,,,,,,,,,,,,,,