CRASH_UNIT_ID,CRASH_RECORD_ID,CRASH_DATE,UNIT_NO,UNIT_TYPE,NUM_PASSENGERS,VEHICLE_ID,CMRC_VEH_I,MAKE,MODEL,LIC_PLATE_STATE,VEHICLE_YEAR,VEHICLE_DEFECT,VEHICLE_TYPE,VEHICLE_USE,TRAVEL_DIRECTION,MANEUVER,TOWED_I,FIRE_I,OCCUPANT_CNT,EXCEED_SPEED_LIMIT_I,TOWED_BY,TOWED_TO,AREA_00_I,AREA_01_I,AREA_02_I,AREA_03_I,AREA_04_I,AREA_05_I,AREA_06_I,AREA_07_I,AREA_08_I,AREA_09_I,AREA_10_I,AREA_11_I,AREA_12_I,AREA_99_I,FIRST_CONTACT_POINT,CMV_ID,USDOT_NO,CCMC_NO,ILCC_NO,COMMERCIAL_SRC,GVWR,CARRIER_NAME,CARRIER_STATE,CARRIER_CITY,HAZMAT_PLACARDS_I,HAZMAT_NAME,UN_NO,HAZMAT_PRESENT_I,HAZMAT_REPORT_I,HAZMAT_REPORT_NO,MCS_REPORT_I,MCS_REPORT_NO,HAZMAT_VIO_CAUSE_CRASH_I,MCS_VIO_CAUSE_CRASH_I,IDOT_PERMIT_NO,WIDE_LOAD_I,TRAILER1_WIDTH,TRAILER2_WIDTH,TRAILER1_LENGTH,TRAILER2_LENGTH,TOTAL_VEHICLE_LENGTH,AXLE_CNT,VEHICLE_CONFIG,CARGO_BODY_TYPE,LOAD_TYPE,HAZMAT_OUT_OF_SERVICE_I,MCS_OUT_OF_SERVICE_I,HAZMAT_CLASS
2107005,9b3fa24c01e6f7b20c99414ccd7d57ce4bd4005b34e23b0fd245aa6c599d0978bb8de8614caf603078feee4cf53ed4929970af0fa42a211f59eaebe2f7f25c50,07/15/2025 05:00:00 AM,2,PARKED,,2008662,,MAZDA,CX-9,IL,2007,OTHER,PASSENGER,PERSONAL,E,PARKED,Y,,0,,CITY OF CHICAGO,,,Y,Y,Y,,,,,,Y,Y,Y,Y,,FRONT-RIGHT-CORNER,,,,,,,,,,,,,,,,,,,,,,,,,,,,,,,,,
2107001,2bbb42821e762abc914302bdbd42641564900a81406bc80d4c863d2ed8cdc7df16de2f5083b31424d0a5a4fb85ce09f67ef0647855fbb1c3723bf3e3861e0659,07/15/2025 04:34:00 AM,1,DRIVER,,2008658,Y,FREIGHTLINER CORPORATION,OTHER (EXPLAIN IN NARRATIVE),IN,,UNKNOWN,TRUCK - SINGLE UNIT,OTHER,N,STRAIGHT AHEAD,Y,,1,,PRIVATE TOW,,,,,,,,,,,,,,,,TOP,"21,816",327574,,,SIDE OF TRUCK,2,PENSKE TRUCK LEASING CO L P,PA,READING,,,,N,U,,U,,U,U,UNKNOWN,,0-96,,,,26,2,"SINGLE UNIT TRUCK, 2 AXLES, 6 TIRES",OTHER,OTHER,N,N,MISCELLANEOUS
2107002,3797eb43b71a9dbc6c3c4b909aeb2514c2d84e240644bcf0a1c9770c50c7e9740b4d9a4e0a6f60bf220ee483cbac10b4a4f8306e0d3a28de1499508e8e6ead7b,07/15/2025 04:15:00 AM,1,DRIVER,,2008657,,JEEP,CHEROKEE,IL,2016,UNKNOWN,PASSENGER,PERSONAL,E,STRAIGHT AHEAD,,,1,,,,,,,,,,,,,Y,Y,Y,,,FRONT-LEFT-CORNER,,,,,,,,,,,,,,,,,,,,,,,,,,,,,,,,,
2107003,3797eb43b71a9dbc6c3c4b909aeb2514c2d84e240644bcf0a1c9770c50c7e9740b4d9a4e0a6f60bf220ee483cbac10b4a4f8306e0d3a28de1499508e8e6ead7b,07/15/2025 04:15:00 AM,2,DRIVER,,2008659,,TOYOTA,CAMRY,IL,2025,UNKNOWN,PASSENGER,PERSONAL,E,STRAIGHT AHEAD,,,1,,,,,,,Y,Y,Y,,,,,,,,,REAR-RIGHT-CORNER,,,,,,,,,,,,,,,,,,,,,,,,,,,,,,,,,
2106996,fe0f4e1ab2cf4fbc7d53787cdc7fae49253044e08fc5315594a6d8302d36066c705b866aa7e28e955d4bd0dd50afea538ad3f946679e090a91125c3927e89fe9,07/15/2025 04:06:00 AM,1,DRIVER,,2008650,,FORD,FOCUS,IL,2011,UNKNOWN,PASSENGER,UNKNOWN/NA,N,OTHER,Y,,1,,CITY OF CHICAGO,,,Y,Y,,,,,,,,,,Y,Y,FRONT-RIGHT-CORNER,,,,,,,,,,,,,,,,,,,,,,,,,,,,,,,,,
2106997,fe0f4e1ab2cf4fbc7d53787cdc7fae49253044e08fc5315594a6d8302d36066c705b866aa7e28e955d4bd0dd50afea538ad3f946679e090a91125c3927e89fe9,07/15/2025 04:06:00 AM,2,PARKED,,2008651,,FORD,FOCUS,IL,2018,UNKNOWN,PASSENGER,UNKNOWN/NA,N,PARKED,,,0,,,,,,,,,,Y,Y,Y,,,,,Y,REAR-LEFT-CORNER,,,,,,,,,,,,,,,,,,,,,,,,,,,,,,,,,
2106998,fe0f4e1ab2cf4fbc7d53787cdc7fae49253044e08fc5315594a6d8302d36066c705b866aa7e28e955d4bd0dd50afea538ad3f946679e090a91125c3927e89fe9,07/15/2025 04:06:00 AM,3,PARKED,,2008653,,KIA,OTHER (EXPLAIN IN NARRATIVE),IL,2016,UNKNOWN,PASSENGER,UNKNOWN/NA,N,PARKED,,,0,,,,,,,,,,,Y,Y,Y,Y,Y,,Y,SIDE-LEFT,,,,,,,,,,,,,,,,,,,,,,,,,,,,,,,,,
2106999,fe0f4e1ab2cf4fbc7d53787cdc7fae49253044e08fc5315594a6d8302d36066c705b866aa7e28e955d4bd0dd50afea538ad3f946679e090a91125c3927e89fe9,07/15/2025 04:06:00 AM,4,PARKED,,2008654,,CADILLAC,SRX,IL,2011,UNKNOWN,SPORT UTILITY VEHICLE (SUV),UNKNOWN/NA,N,PARKED,,,0,,,,,,,,,,,Y,Y,Y,Y,Y,,Y,SIDE-LEFT,,,,,,,,,,,,,,,,,,,,,,,,,,,,,,,,,
2106995,3ee48a86f9585faffebce9de99429bae9a34d0167d0e18a6ae68079687999ffa6483778f1fe63f1c22a4cef42e3d6547f7db9ac44717888a179c9acd3ebb6533,07/15/2025 03:30:00 AM,1,DRIVER,,2008660,,VOLKSWAGEN,ATLAS,IL,2024,UNKNOWN,PASSENGER,PERSONAL,W,STRAIGHT AHEAD,Y,,1,,private,residence,,Y,,,,,,,,,,Y,Y,,FRONT,,,,,,,,,,,,,,,,,,,,,,,,,,,,,,,,,
2107426,08998a98ac370554bf0eeb4f8beca1461a277aa8ae64c6fa54d06b02a35e090a24ac3fa7f2cd85c310969e5a2ea360daeae25f2a02c8865918a7c079f742f2f6,07/15/2025 02:30:00 AM,1,DRIVER,,2009054,,UNKNOWN,MOTORIZED,,,UNKNOWN,UNKNOWN/NA,UNKNOWN/NA,UNKNOWN,UNKNOWN/NA,,,1,,,,,,,,,,,,,,,,,,UNKNOWN,,,,,,,,,,,,,,,,,,,,,,,,,,,,,,,,,
2107427,08998a98ac370554bf0eeb4f8beca1461a277aa8ae64c6fa54d06b02a35e090a24ac3fa7f2cd85c310969e5a2ea360daeae25f2a02c8865918a7c079f742f2f6,07/15/2025 02:30:00 AM,2,PARKED,,2009065,,CHRYSLER,TOWN & COUNTRY,IL,2014,NONE,PASSENGER,NOT IN USE,E,PARKED,,,0,,,,,Y,Y,Y,Y,Y,,,,,,,,,SIDE-RIGHT,,,,,,,,,,,,,,,,,,,,,,,,,,,,,,,,,
2107199,bd5e3d4c8b1852490831a59b74eb92810795350da0e2d4dcb0333e99a8a60c0265daf39787e92373824998f74feeb7d1c5953edc59f49ccc6de2921e0f50e899,07/15/2025 02:30:00 AM,1,DRIVER,,2008847,,NISSAN,OTHER (EXPLAIN IN NARRATIVE),,2017,UNKNOWN,UNKNOWN/NA,PERSONAL,UNKNOWN,STRAIGHT AHEAD,,,1,,,,Y,,,,,,,,,,,,,,NONE,,,,,,,,,,,,,,,,,,,,,,,,,,,,,,,,,
2107200,bd5e3d4c8b1852490831a59b74eb92810795350da0e2d4dcb0333e99a8a60c0265daf39787e92373824998f74feeb7d1c5953edc59f49ccc6de2921e0f50e899,07/15/2025 02:30:00 AM,2,PARKED,,2008850,,NISSAN,OTHER (EXPLAIN IN NARRATIVE),IL,2017,NONE,PASSENGER,PERSONAL,UNKNOWN,PARKED,,,0,,,,,,,Y,Y,Y,,,,,,,,,SIDE-RIGHT-REAR,,,,,,,,,,,,,,,,,,,,,,,,,,,,,,,,,
2106993,276a2da42c099f7643d7b706017005849bc6b581a7cb054e5180cc974e51caba03452a33bb238832d9968104e811a16ad13681ded2f8e353b7a402959710580e,07/15/2025 02:06:00 AM,1,DRIVER,,2008647,,KIA,OPTIMA / K5,IL,2013,UNKNOWN,PASSENGER,PERSONAL,S,STRAIGHT AHEAD,Y,,1,,CITY OF CHICAGO,#3,,Y,,,,,,,,,,Y,Y,,FRONT,,,,,,,,,,,,,,,,,,,,,,,,,,,,,,,,,
2106994,276a2da42c099f7643d7b706017005849bc6b581a7cb054e5180cc974e51caba03452a33bb238832d9968104e811a16ad13681ded2f8e353b7a402959710580e,07/15/2025 02:06:00 AM,2,PARKED,,2008649,,TOYOTA,CAMRY,IL,2017,UNKNOWN,PASSENGER,PERSONAL,S,PARKED,,,0,,,,,,,,,Y,Y,Y,,,,,,,REAR-LEFT-CORNER,,,,,,,,,,,,,,,,,,,,,,,,,,,,,,,,,
2106989,31ff3043018e4ebee6a436b242bc7d979982698306d0539b207f2368d43d041b2a55c0df87df6a670a1c2cde5e43e575cfe528b56b20841fd651087d118ebabf,07/15/2025 01:50:00 AM,1,DRIVER,,2008644,,MERCEDES-BENZ,GLS,IL,2017,UNKNOWN,PASSENGER,PERSONAL,W,STRAIGHT AHEAD,,,1,,,,,Y,,,,,,,,,,Y,Y,,FRONT,,,,,,,,,,,,,,,,,,,,,,,,,,,,,,,,,
2106985,c64398589ba0da170cb97ab5364a7f3277a589b111c5c4eaad293ab5b143115912066821784d4b40ba9bfec27a884695350cbe0da0ac73961180824ef41ce9d3,07/15/2025 01:47:00 AM,1,DRIVER,,2008639,,BMW,X3,IL,2025,UNKNOWN,PASSENGER,UNKNOWN/NA,S,TURNING LEFT,Y,,1,,owner,,,,,,,,,Y,Y,,,,,,REAR-LEFT-CORNER,,,,,,,,,,,,,,,,,,,,,,,,,,,,,,,,,
2106986,c64398589ba0da170cb97ab5364a7f3277a589b111c5c4eaad293ab5b143115912066821784d4b40ba9bfec27a884695350cbe0da0ac73961180824ef41ce9d3,07/15/2025 01:47:00 AM,2,DRIVER,,2008641,,JEEP,LIBERTY,IL,2003,UNKNOWN,PASSENGER,UNKNOWN/NA,W,STRAIGHT AHEAD,,,1,,,,,Y,,,,,,,,,,Y,Y,,FRONT,,,,,,,,,,,,,,,,,,,,,,,,,,,,,,,,,
2106987,f8dbd1bc012382f14791f9340fa2e9827690b01289684d7851d51fe594c008256bf91c18762a2a80e2f6577005cc6d1d8249af0d246190278101ace3a1cbe97e,07/15/2025 01:20:00 AM,1,BICYCLE,,,,,,,,,,,,,,,,,,,,,,,,,,,,,,,,,,,,,,,,,,,,,,,,,,,,,,,,,,,,,,,,,,
2106988,f8dbd1bc012382f14791f9340fa2e9827690b01289684d7851d51fe594c008256bf91c18762a2a80e2f6577005cc6d1d8249af0d246190278101ace3a1cbe97e,07/15/2025 01:20:00 AM,2,DRIVER,2,2008643,,FORD,FUSION,IL,2014,NONE,PASSENGER,TAXI/FOR HIRE,S,STRAIGHT AHEAD,,,3,,,,,,,,,,,,,,,,Y,,FRONT,,,,,,,,,,,,,,,,,,,,,,,,,,,,,,,,,
2106990,cba867afeff6f81795ddd19510e9435e34843cf5dbb2f82abb944ac82fa99bcb386d99b1b070cf6ac14ead4f43ff7de2a64787719892595bee85a71f20a459d8,07/15/2025 01:15:00 AM,1,DRIVER,,2008646,,TOYOTA,C-HR,IL,2018,UNKNOWN,PASSENGER,UNKNOWN/NA,W,TURNING RIGHT,,,1,,,,,Y,Y,Y,Y,Y,,,,,,,,,SIDE-RIGHT,,,,,,,,,,,,,,,,,,,,,,,,,,,,,,,,,
2106991,cba867afeff6f81795ddd19510e9435e34843cf5dbb2f82abb944ac82fa99bcb386d99b1b070cf6ac14ead4f43ff7de2a64787719892595bee85a71f20a459d8,07/15/2025 01:15:00 AM,2,PARKED,,2008648,,TOYOTA,PRIUS,IL,2010,NONE,PASSENGER,PERSONAL,W,PARKED,,,0,,,,,,,,,,Y,Y,Y,Y,Y,Y,Y,,SIDE-LEFT-REAR,,,,,,,,,,,,,,,,,,,,,,,,,,,,,,,,,
2106967,406dd72110b7acae30c000ca44d5761de2652985095f357320cc8d008af79c2eb7adb21ff721216b104b7b53c04ac197e5c8ad65cbcdc96f58c210caa3fab799,07/15/2025 12:10:00 AM,1,DRIVER,,2008623,,JEEP,WRANGLER,,2022,NONE,SPORT UTILITY VEHICLE (SUV),PERSONAL,S,STRAIGHT AHEAD,,,1,,,,,,,,,,,,,,,,Y,,FRONT,,,,,,,,,,,,,,,,,,,,,,,,,,,,,,,,,
2106968,406dd72110b7acae30c000ca44d5761de2652985095f357320cc8d008af79c2eb7adb21ff721216b104b7b53c04ac197e5c8ad65cbcdc96f58c210caa3fab799,07/15/2025 12:10:00 AM,2,DRIVER,1,2008624,,LAND ROVER,RANGE ROVER (EVOQUE / SPORT / VELAR),,2016,NONE,SPORT UTILITY VEHICLE (SUV),PERSONAL,S,STRAIGHT AHEAD,,,2,,,,,,,,,,Y,,,,,,,,REAR,,,,,,,,,,,,,,,,,,,,,,,,,,,,,,,,,
2106978,43f860afdf2c392beda28237a826c3b828f4f33a7e55409bc9e38b76138d0b1c7f5e31fade1a4c3c3cf01c4124f2116bd3c83e6e89ac35168ab60899837e6f70,07/15/2025 12:09:00 AM,1,DRIVER,1,2008633,,JEEP,CHEROKEE,IN,2020,UNKNOWN,PASSENGER,PERSONAL,N,STRAIGHT AHEAD,,,2,,,,,Y,,,,,,,,,,Y,Y,,FRONT,,,,,,,,,,,,,,,,,,,,,,,,,,,,,,,,,
2106979,43f860afdf2c392beda28237a826c3b828f4f33a7e55409bc9e38b76138d0b1c7f5e31fade1a4c3c3cf01c4124f2116bd3c83e6e89ac35168ab60899837e6f70,07/15/2025 12:09:00 AM,2,DRIVER,2,2008635,,BMW,X3,IL,2018,UNKNOWN,PASSENGER,PERSONAL,N,STRAIGHT AHEAD,Y,,3,,,,,,,,,Y,Y,Y,,,,,,,REAR,,,,,,,,,,,,,,,,,,,,,,,,,,,,,,,,,
2106982,a0067ec151a2ddf15fdedd0a57e6a34d7291a7a159a2338c5579f91123d214bb7135eb71b25b9f3bbaee48bd20032d247d176c99e017fc71ae2c6f12aa7c7764,07/14/2025 11:59:00 PM,1,DRIVER,,2008636,,CHEVROLET,IMPALA,MS,2001,UNKNOWN,PASSENGER,UNKNOWN/NA,W,STRAIGHT AHEAD,Y,,1,,CTA,103RD/DOTY,,,,,,,,,,,Y,Y,Y,,FRONT-LEFT-CORNER,,,,,,,,,,,,,,,,,,,,,,,,,,,,,,,,,
2106973,b58198efab56b500e13a0154c5af62710930ac53595a9383b68ba2add4b090a1f64c71241e123f9acc4f8921bfe73a77b446c97f50174761ed24c4de13290bef,07/14/2025 11:50:00 PM,1,DRIVER,1,2008630,,CHEVROLET,CRUZE,IL,2014,UNKNOWN,PASSENGER,PERSONAL,E,TURNING RIGHT,Y,,2,,PERSONAL TOW,,,Y,Y,Y,,,,,,Y,Y,Y,Y,,FRONT,,,,,,,,,,,,,,,,,,,,,,,,,,,,,,,,,
2106974,b58198efab56b500e13a0154c5af62710930ac53595a9383b68ba2add4b090a1f64c71241e123f9acc4f8921bfe73a77b446c97f50174761ed24c4de13290bef,07/14/2025 11:50:00 PM,2,DRIVER,,2008631,,KIA,OPTIMA / K5,IL,2013,UNKNOWN,PASSENGER,PERSONAL,E,STRAIGHT AHEAD,,,1,,,,,N,N,Y,Y,Y,,,,,,,,,REAR-RIGHT-CORNER,,,,,,,,,,,,,,,,,,,,,,,,,,,,,,,,,
2106975,1532a3de03ae2ee072618e112afb8749637eb5c3dcb1be01bd50fcdaaedfb57a210fbfd8936dff8c45cc14bcd942c8b1827f217080ed5126f717da940aebd25c,07/14/2025 11:36:00 PM,1,DRIVER,,2008628,,FORD,TRANSIT,IL,2012,NONE,PASSENGER,PERSONAL,E,STRAIGHT AHEAD,Y,,1,,CITY OF CHICAGO,103RD SOUTH DOTY ROAD,,Y,,,,,,,,,Y,Y,Y,,FRONT-LEFT-CORNER,,,,,,,,,,,,,,,,,,,,,,,,,,,,,,,,,
2106965,d8ae1b46676ed8cc33f9fea445b5c151625db62bb796e8cd3366d8a4aa41f28cca792b459018671ce24d38ee11e2bb173539cb8d276d2f4fc220e48535099fda,07/14/2025 11:16:00 PM,1,DRIVER,,2008618,,UNKNOWN,OTHER (EXPLAIN IN NARRATIVE),,,UNKNOWN,UNKNOWN/NA,UNKNOWN/NA,S,STRAIGHT AHEAD,,,1,,,,,,,,,,,,,,,,,,UNKNOWN,,,,,,,,,,,,,,,,,,,,,,,,,,,,,,,,,
2106966,d8ae1b46676ed8cc33f9fea445b5c151625db62bb796e8cd3366d8a4aa41f28cca792b459018671ce24d38ee11e2bb173539cb8d276d2f4fc220e48535099fda,07/14/2025 11:16:00 PM,2,DRIVER,,2008620,,TOYOTA,SIENNA,IL,1998,UNKNOWN,UNKNOWN/NA,UNKNOWN/NA,S,STRAIGHT AHEAD,,,1,,,,,,,,,,,,,,,Y,,,FRONT-RIGHT-CORNER,,,,,,,,,,,,,,,,,,,,,,,,,,,,,,,,,
2106976,9d42b18409e6646c2fa10d757aa560cd7f5ad8114a6ab4e31ef1f335d8e2d5a3c9c1ed80ce07070924e2688892ac13f26bc6b589eb9a54e5254b04f921a64d10,07/14/2025 11:06:00 PM,1,DRIVER,,2008632,,HYUNDAI,SONATA,IL,2011,UNKNOWN,PASSENGER,PERSONAL,E,STRAIGHT AHEAD,Y,,2,,city of chicago,pound 6,,,,,,,,,,,,,,,,,,,,,,,,,,,,,,,,,,,,,,,,,,,,,,,,
2106977,9d42b18409e6646c2fa10d757aa560cd7f5ad8114a6ab4e31ef1f335d8e2d5a3c9c1ed80ce07070924e2688892ac13f26bc6b589eb9a54e5254b04f921a64d10,07/14/2025 11:06:00 PM,2,DRIVER,3,2008642,,INFINITI,QX60,IL,2019,UNKNOWN,PASSENGER,PERSONAL,W,STRAIGHT AHEAD,Y,,4,,PERSONAL TOW,PERSONAL DESTINATION,,,,,,,,,,,,Y,Y,,FRONT-LEFT-CORNER,,,,,,,,,,,,,,,,,,,,,,,,,,,,,,,,,
2106992,9d42b18409e6646c2fa10d757aa560cd7f5ad8114a6ab4e31ef1f335d8e2d5a3c9c1ed80ce07070924e2688892ac13f26bc6b589eb9a54e5254b04f921a64d10,07/14/2025 11:06:00 PM,1,DRIVER,1,2008645,,HYUNDAI,SONATA,IL,2011,NONE,PASSENGER,UNKNOWN/NA,E,UNKNOWN/NA,Y,,2,,CITY OF CHICAGO,POUND 6,,,,,,,,,,,,Y,Y,,FRONT-LEFT-CORNER,,,,,,,,,,,,,,,,,,,,,,,,,,,,,,,,,
2107070,4059d560df45948e1dacfb5e6a992f9bd407e6f06259a72d6acfd05449c6f86ac610e30be84687b164ce43506336bcd68c7b6981a8b87901d8191bbd102fe987,07/14/2025 11:00:00 PM,1,DRIVER,,2008722,,UNKNOWN,OTHER (EXPLAIN IN NARRATIVE),IL,,UNKNOWN,UNKNOWN/NA,UNKNOWN/NA,UNKNOWN,UNKNOWN/NA,,,1,,,,,,,,,,,,,,,,,Y,UNKNOWN,,,,,,,,,,,,,,,,,,,,,,,,,,,,,,,,,
2107071,4059d560df45948e1dacfb5e6a992f9bd407e6f06259a72d6acfd05449c6f86ac610e30be84687b164ce43506336bcd68c7b6981a8b87901d8191bbd102fe987,07/14/2025 11:00:00 PM,2,PARKED,,2008725,,FORD,FOCUS,,2016,NONE,PASSENGER,PERSONAL,UNKNOWN,PARKED,,,0,,,,,,,,,,,,,Y,Y,Y,,,SIDE-LEFT,,,,,,,,,,,,,,,,,,,,,,,,,,,,,,,,,
2106957,3f93e10a6b248e5b891dc71fe729d3d0af7c6261f1066482efeba6e7d59526e8a2c362066014ccc1de3f778f6082b30532ba2e7f5d1c55c5e359109f93487224,07/14/2025 10:31:00 PM,2,DRIVER,,2008614,,MITSUBISHI,OUTLANDER,IL,2006,NONE,PASSENGER,PERSONAL,W,STRAIGHT AHEAD,,,1,,,,,Y,Y,Y,,,,,,,,,,,SIDE-RIGHT-FRONT,,,,,,,,,,,,,,,,,,,,,,,,,,,,,,,,,
2106958,3f93e10a6b248e5b891dc71fe729d3d0af7c6261f1066482efeba6e7d59526e8a2c362066014ccc1de3f778f6082b30532ba2e7f5d1c55c5e359109f93487224,07/14/2025 10:31:00 PM,1,DRIVER,,2008621,,"GENERAL MOPED COMPANY (NEW YORK, NY)","GENERAL MOPED CO., NEW YORK, NY",IL,,NONE,UNKNOWN/NA,PERSONAL,N,STRAIGHT AHEAD,,,1,,,,,,,,,,,,,,,,Y,,FRONT,,,,,,,,,,,,,,,,,,,,,,,,,,,,,,,,,
2107435,3eae4a9e626314f46159d166c654814ee4aab9dec74204a8cd3a17c29d0f14b79864f496fb43b3194b4a405ebd07031d245fc2897642ccd2d78309114c53d4c5,07/14/2025 10:30:00 PM,1,DRIVER,,2009063,,JEEP,JEEP,IL,2015,NONE,SPORT UTILITY VEHICLE (SUV),UNKNOWN/NA,UNKNOWN,UNKNOWN/NA,,,1,,,,,,,,,,,,,,,,,Y,UNKNOWN,,,,,,,,,,,,,,,,,,,,,,,,,,,,,,,,,
2106970,1339929b57f6a1c282ee60154a9c427f65c363f85bee640a9d39ae053cf58784a3d5b95153c3855ef5a4f1ba9b511d80201d2da9c601187eddd47333ac5e5ae0,07/14/2025 10:24:00 PM,1,DRIVER,1,2008625,,DODGE,DURANGO,,,UNKNOWN,SPORT UTILITY VEHICLE (SUV),UNKNOWN/NA,S,BACKING,,,2,,,,,,,,,Y,Y,Y,,,,,,,REAR,,,,,,,,,,,,,,,,,,,,,,,,,,,,,,,,,
2106971,1339929b57f6a1c282ee60154a9c427f65c363f85bee640a9d39ae053cf58784a3d5b95153c3855ef5a4f1ba9b511d80201d2da9c601187eddd47333ac5e5ae0,07/14/2025 10:24:00 PM,2,PARKED,,2008626,,TOYOTA,TACOMA,IL,2003,UNKNOWN,PICKUP,PERSONAL,S,PARKED,,,0,,,,,Y,,,,,,,,,,,Y,,FRONT,,,,,,,,,,,,,,,,,,,,,,,,,,,,,,,,,
2111582,776f657d7d041212e1919925a76b9715ad1e5b6a23dadb012b377a85c355acfe6e8a77b5086e6b5493499ef977558763450360fcfd96146d8069bffff1d6c9bc,07/14/2025 10:15:00 PM,1,DRIVER,,2012975,,ACURA,TLX,IL,2000,NONE,PASSENGER,PERSONAL,S,STRAIGHT AHEAD,,,1,,,,,,,,,,,,,,,,Y,,FRONT,,,,,,,,,,,,,,,,,,,,,,,,,,,,,,,,,
2106961,cf0e888ed62253f6093f45d2529f07587155eecc0dc61e0e0d7b94f9e10b8a9dc83c5b894bab450a2348b29780dce1b744925c1fa60457d2b2a60f149758d41b,07/14/2025 10:02:00 PM,1,DRIVER,,2008616,,UNKNOWN,OTHER (EXPLAIN IN NARRATIVE),,,UNKNOWN,PASSENGER,UNKNOWN/NA,S,PASSING/OVERTAKING,,,1,,,,,,,,,,,,,,,,,Y,FRONT-RIGHT-CORNER,,,,,,,,,,,,,,,,,,,,,,,,,,,,,,,,,
2106962,cf0e888ed62253f6093f45d2529f07587155eecc0dc61e0e0d7b94f9e10b8a9dc83c5b894bab450a2348b29780dce1b744925c1fa60457d2b2a60f149758d41b,07/14/2025 10:02:00 PM,2,DRIVER,,2008617,,HYUNDAI,ELANTRA,IL,2016,UNKNOWN,PASSENGER,PERSONAL,S,SLOW/STOP IN TRAFFIC,,,1,,,,,,,,,,,,,,Y,Y,,,FRONT-LEFT-CORNER,,,,,,,,,,,,,,,,,,,,,,,,,,,,,,,,,
2107183,21038192168dea2c1919e21644f62b1f8be78b69a3d8e4b16db0542949edaba1b2d9f5a354a00275ca00ca588a16fb3a81d0a79212d1f7f21d3d7ffebb570b70,07/14/2025 10:00:00 PM,1,DRIVER,,2008824,,UNKNOWN,OTHER (EXPLAIN IN NARRATIVE),,,UNKNOWN,PASSENGER,PERSONAL,N,STRAIGHT AHEAD,,,1,,,,,,,,,,,,,,,,,,FRONT-RIGHT-CORNER,,,,,,,,,,,,,,,,,,,,,,,,,,,,,,,,,
2107184,21038192168dea2c1919e21644f62b1f8be78b69a3d8e4b16db0542949edaba1b2d9f5a354a00275ca00ca588a16fb3a81d0a79212d1f7f21d3d7ffebb570b70,07/14/2025 10:00:00 PM,2,PARKED,,2008828,,BUICK,ENVISION,IL,2021,UNKNOWN,PASSENGER,NOT IN USE,N,PARKED,Y,,0,,,,,,,,,,Y,Y,,,,,,,REAR-LEFT-CORNER,,,,,,,,,,,,,,,,,,,,,,,,,,,,,,,,,
2107580,490e969d222c8498506e0c1204e66a78377d9b2687c5d81eccb9f518a69b16e83379b39769d04ef49fa501a2d2ea646813a47ab7c21d2edbf46a698c7cbf2268,07/14/2025 10:00:00 PM,1,DRIVER,,2009214,,HYUNDAI,SANTA FE,IL,2007,NONE,PASSENGER,PERSONAL,N,CHANGING LANES,,,1,,,,,,,,,,,,,N,Y,Y,,,FRONT-LEFT-CORNER,,,,,,,,,,,,,,,,,,,,,,,,,,,,,,,,,
2107581,490e969d222c8498506e0c1204e66a78377d9b2687c5d81eccb9f518a69b16e83379b39769d04ef49fa501a2d2ea646813a47ab7c21d2edbf46a698c7cbf2268,07/14/2025 10:00:00 PM,2,DRIVER,,2009220,,PORSCHE,TAYCAN,IL,2025,UNKNOWN,PASSENGER,PERSONAL,N,STRAIGHT AHEAD,,,1,,,,,,,Y,Y,,,,,,,,,,SIDE-RIGHT,,,,,,,,,,,,,,,,,,,,,,,,,,,,,,,,,
2106959,b851e868d9af413110601b56894d3f7f58a3ba326c7770212c36ec91a7b2f69e4082501e6352b836a0a964887f6741b402dc9388637c7b751fd8bc2dad3acaa2,07/14/2025 09:53:00 PM,1,DRIVER,2,2008613,,TOYOTA,COROLLA,IL,2020,NONE,PASSENGER,PERSONAL,E,BACKING,,,3,,,,,Y,,,,,Y,Y,Y,Y,Y,Y,Y,,FRONT-LEFT-CORNER,,,,,,,,,,,,,,,,,,,,,,,,,,,,,,,,,
2106960,b851e868d9af413110601b56894d3f7f58a3ba326c7770212c36ec91a7b2f69e4082501e6352b836a0a964887f6741b402dc9388637c7b751fd8bc2dad3acaa2,07/14/2025 09:53:00 PM,2,PARKED,,2008615,,JEEP,CHEROKEE,IL,2019,NONE,PASSENGER,NOT IN USE,UNKNOWN,PARKED,,,0,,,,,,,,,,,,Y,Y,Y,,,,SIDE-LEFT,,,,,,,,,,,,,,,,,,,,,,,,,,,,,,,,,
2107288,f75cba6e58d857ccee92b1dbf7dea858cf20a494ae2bf02f30c6c7fa1768aeb69136cb02611320f2fb4d5b9fc9c64bc87131a67982dfbafd7d465c3e97b89a09,07/14/2025 09:40:00 PM,1,DRIVER,,2008931,,INFINITI,QX50,IL,2019,UNKNOWN,PASSENGER,PERSONAL,S,BACKING,,,1,,,,,,,,,,,,,,,,,Y,REAR,,,,,,,,,,,,,,,,,,,,,,,,,,,,,,,,,
2107289,f75cba6e58d857ccee92b1dbf7dea858cf20a494ae2bf02f30c6c7fa1768aeb69136cb02611320f2fb4d5b9fc9c64bc87131a67982dfbafd7d465c3e97b89a09,07/14/2025 09:40:00 PM,2,DRIVER,,2008933,,CHEVROLET,TRAX,IL,2017,UNKNOWN,PASSENGER,PERSONAL,SE,TURNING RIGHT,,,1,,,,,,Y,Y,Y,,,,,,,,,,SIDE-RIGHT,,,,,,,,,,,,,,,,,,,,,,,,,,,,,,,,,