CRASH_UNIT_ID,CRASH_RECORD_ID,CRASH_DATE,UNIT_NO,UNIT_TYPE,NUM_PASSENGERS,VEHICLE_ID,CMRC_VEH_I,MAKE,MODEL,LIC_PLATE_STATE,VEHICLE_YEAR,VEHICLE_DEFECT,VEHICLE_TYPE,VEHICLE_USE,TRAVEL_DIRECTION,MANEUVER,TOWED_I,FIRE_I,OCCUPANT_CNT,EXCEED_SPEED_LIMIT_I,TOWED_BY,TOWED_TO,AREA_00_I,AREA_01_I,AREA_02_I,AREA_03_I,AREA_04_I,AREA_05_I,AREA_06_I,AREA_07_I,AREA_08_I,AREA_09_I,AREA_10_I,AREA_11_I,AREA_12_I,AREA_99_I,FIRST_CONTACT_POINT,CMV_ID,USDOT_NO,CCMC_NO,ILCC_NO,COMMERCIAL_SRC,GVWR,CARRIER_NAME,CARRIER_STATE,CARRIER_CITY,HAZMAT_PLACARDS_I,HAZMAT_NAME,UN_NO,HAZMAT_PRESENT_I,HAZMAT_REPORT_I,HAZMAT_REPORT_NO,MCS_REPORT_I,MCS_REPORT_NO,HAZMAT_VIO_CAUSE_CRASH_I,MCS_VIO_CAUSE_CRASH_I,IDOT_PERMIT_NO,WIDE_LOAD_I,TRAILER1_WIDTH,TRAILER2_WIDTH,TRAILER1_LENGTH,TRAILER2_LENGTH,TOTAL_VEHICLE_LENGTH,AXLE_CNT,VEHICLE_CONFIG,CARGO_BODY_TYPE,LOAD_TYPE,HAZMAT_OUT_OF_SERVICE_I,MCS_OUT_OF_SERVICE_I,HAZMAT_CLASS
2106948,4fdaac44c52618829a30baf099c084777f01813fcedfe965cdba7854956b2d904c3a4f0cb1dbf41779d57dbe78304d20b49bef020a84e3846979fe90f617a827,07/14/2025 09:37:00 PM,1,DRIVER,,2008604,,HONDA,CIVIC,IL,2006,UNKNOWN,PASSENGER,PERSONAL,N,STRAIGHT AHEAD,,,1,,,,,Y,Y,,,,,,,,Y,Y,Y,,FRONT-LEFT-CORNER,,,,,,,,,,,,,,,,,,,,,,,,,,,,,,,,,
2106949,4fdaac44c52618829a30baf099c084777f01813fcedfe965cdba7854956b2d904c3a4f0cb1dbf41779d57dbe78304d20b49bef020a84e3846979fe90f617a827,07/14/2025 09:37:00 PM,2,DRIVER,,2008606,,LINCOLN,AVIATOR,IL,2003,NONE,PASSENGER,PERSONAL,S,TURNING LEFT,Y,,1,,personal,residence,,Y,Y,,,,,,,,,,,,FRONT-RIGHT-CORNER,,,,,,,,,,,,,,,,,,,,,,,,,,,,,,,,,
2106969,692684680b00a2fefc8256b3727de5b1bc94acb522a1841ea714b27c2305640b98356f1f8b10eac4bcd3804bbf98590d226b809100c56cf8f4a70343390e6d8f,07/14/2025 09:30:00 PM,1,DRIVER,,2008629,,BUICK,OTHER (EXPLAIN IN NARRATIVE),IL,2003,UNKNOWN,PASSENGER,UNKNOWN/NA,S,STRAIGHT AHEAD,,,1,,,,,,,,,,,,,,,,Y,,FRONT,,,,,,,,,,,,,,,,,,,,,,,,,,,,,,,,,
2106972,692684680b00a2fefc8256b3727de5b1bc94acb522a1841ea714b27c2305640b98356f1f8b10eac4bcd3804bbf98590d226b809100c56cf8f4a70343390e6d8f,07/14/2025 09:30:00 PM,2,DRIVER,,2008627,,NISSAN,ROGUE,IL,2023,UNKNOWN,PASSENGER,PERSONAL,S,STRAIGHT AHEAD,,,1,,,,,,,,,,Y,,,,,,,,REAR,,,,,,,,,,,,,,,,,,,,,,,,,,,,,,,,,
2107840,c67ab64c5fcf038532ba3c1eba116c8bc2755e4dbf90168bde64ff08a86d1d72dee307ade4ceb98fc11784bbc5786b6000ea20ca99c682559ada4ffd29a82929,07/14/2025 09:30:00 PM,1,DRIVER,1,2009459,,JEEP,JEEP,IL,2024,NONE,PASSENGER,PERSONAL,N,STRAIGHT AHEAD,Y,,2,,personal tow,,,N,,Y,Y,,,,,,,,,,SIDE-RIGHT,,,,,,,,,,,,,,,,,,,,,,,,,,,,,,,,,
2107841,c67ab64c5fcf038532ba3c1eba116c8bc2755e4dbf90168bde64ff08a86d1d72dee307ade4ceb98fc11784bbc5786b6000ea20ca99c682559ada4ffd29a82929,07/14/2025 09:30:00 PM,2,DRIVER,2,2009460,,LEXUS,GS300,IL,2006,NONE,PASSENGER,PERSONAL,W,STRAIGHT AHEAD,Y,,3,,personal tow,,,,,,,,,,,,,,Y,,FRONT,,,,,,,,,,,,,,,,,,,,,,,,,,,,,,,,,
2106953,d77517044e5f7859887e76485137a1a265008f1b0e042d7821cb0e2e28f99669712f047203072d000b5a1debc2679b5a469b50f5eacd99da82a2dd692f1be1a3,07/14/2025 09:25:00 PM,1,DRIVER,1,2008607,,SUBARU,OUTBACK,IL,2015,NONE,PASSENGER,PERSONAL,W,PASSING/OVERTAKING,,,2,,,,,,,,,,,Y,Y,,,Y,,,FRONT-LEFT-CORNER,,,,,,,,,,,,,,,,,,,,,,,,,,,,,,,,,
2106954,d77517044e5f7859887e76485137a1a265008f1b0e042d7821cb0e2e28f99669712f047203072d000b5a1debc2679b5a469b50f5eacd99da82a2dd692f1be1a3,07/14/2025 09:25:00 PM,2,DRIVER,2,2008611,,DODGE,MAGNUM,IL,2007,NONE,PASSENGER,PERSONAL,W,TURNING RIGHT,,,3,,,,,Y,Y,,,,,,,,,,,,FRONT-RIGHT-CORNER,,,,,,,,,,,,,,,,,,,,,,,,,,,,,,,,,
2106940,5f108d39f388995ef592bb2868641bc5623678302aef02f5742ceed785d2bbc4b7765260a3e5728724a61f5797799b0d3eea192c35d6b1f7d4d3c16e9a9522a1,07/14/2025 09:16:00 PM,1,DRIVER,,2008598,,FORD,F150,IL,2010,UNKNOWN,PICKUP,UNKNOWN/NA,S,STRAIGHT AHEAD,Y,,1,,cpd,tow yard,,Y,Y,Y,Y,,,,,,,,,,FRONT-RIGHT-CORNER,,,,,,,,,,,,,,,,,,,,,,,,,,,,,,,,,
2106941,5f108d39f388995ef592bb2868641bc5623678302aef02f5742ceed785d2bbc4b7765260a3e5728724a61f5797799b0d3eea192c35d6b1f7d4d3c16e9a9522a1,07/14/2025 09:16:00 PM,2,PARKED,,2008600,,FORD,EXPLORER,IL,2022,UNKNOWN,PASSENGER,PERSONAL,S,PARKED,,,0,,,,,,,,,,,,Y,Y,Y,Y,,,SIDE-LEFT,,,,,,,,,,,,,,,,,,,,,,,,,,,,,,,,,
2106944,032eb681f8336054f07cae4306629320caa97ee6bd3badfa5aa8320e2aae2c4c05a7f301286d59c667578e0489d2f809f075333cd7126bfe54728f678fa54a4b,07/14/2025 09:15:00 PM,1,DRIVER,,2008602,,TOYOTA,PRIUS,IL,2010,NONE,PASSENGER,PERSONAL,S,TURNING LEFT,,,1,,,,,,Y,Y,Y,,,,,,,,,,SIDE-RIGHT,,,,,,,,,,,,,,,,,,,,,,,,,,,,,,,,,
2106945,032eb681f8336054f07cae4306629320caa97ee6bd3badfa5aa8320e2aae2c4c05a7f301286d59c667578e0489d2f809f075333cd7126bfe54728f678fa54a4b,07/14/2025 09:15:00 PM,2,DRIVER,,2008603,,HONDA,OTHER (EXPLAIN IN NARRATIVE),IL,2018,UNKNOWN,PASSENGER,PERSONAL,UNKNOWN,OTHER,,,1,,,,,,,,,,,,,,,,,,FRONT,,,,,,,,,,,,,,,,,,,,,,,,,,,,,,,,,
2106963,5680771181a5badb224530a4b8e52d93dcd113028d0daa9ed448558f5f0304856c4b48c2276fa90016fa448c52e38905fd420e501622a8244e3e42d102129c9b,07/14/2025 09:10:00 PM,1,DRIVER,,2008619,,HONDA,CIVIC,,,UNKNOWN,UNKNOWN/NA,UNKNOWN/NA,N,STRAIGHT AHEAD,,,1,,,,,,,,,,,,,,,,,,UNKNOWN,,,,,,,,,,,,,,,,,,,,,,,,,,,,,,,,,
2106964,5680771181a5badb224530a4b8e52d93dcd113028d0daa9ed448558f5f0304856c4b48c2276fa90016fa448c52e38905fd420e501622a8244e3e42d102129c9b,07/14/2025 09:10:00 PM,2,DRIVER,,2008622,,MAZDA,CX-30,IL,2020,NONE,PASSENGER,PERSONAL,N,SLOW/STOP IN TRAFFIC,,,1,,,,,Y,Y,,,,,,,,,,,,FRONT-RIGHT-CORNER,,,,,,,,,,,,,,,,,,,,,,,,,,,,,,,,,
2109633,0720e1134c6092271c17a57a7aea202ff007478ed577e6f27cce6d9130bf44205b183c024c719d32e44bd28823ecf79ead7191dde58fdf729b28e427ff51dbe3,07/14/2025 09:00:00 PM,2,DRIVER,,2011155,,JEEP,WRANGLER,IL,2018,NONE,PASSENGER,PERSONAL,N,STRAIGHT AHEAD,,,1,,,,,,,,,,,,,,Y,Y,,,SIDE-LEFT-FRONT,,,,,,,,,,,,,,,,,,,,,,,,,,,,,,,,,
2109634,0720e1134c6092271c17a57a7aea202ff007478ed577e6f27cce6d9130bf44205b183c024c719d32e44bd28823ecf79ead7191dde58fdf729b28e427ff51dbe3,07/14/2025 09:00:00 PM,1,DRIVER,,2011149,,KIA,SPORTAGE,IL,2021,NONE,PASSENGER,PERSONAL,N,STRAIGHT AHEAD,,,1,,,,,Y,Y,,,,,,,,,,,,SIDE-RIGHT-FRONT,,,,,,,,,,,,,,,,,,,,,,,,,,,,,,,,,
2108287,300545267eecfa36d75195c556a7bda8cba8ce774993ea4339a82f9d08446b41c6f62fe815c84d35815aca28e55cd80e5c23f77d157a020b221947ab2175be9a,07/14/2025 09:00:00 PM,1,DRIVER,,2009868,,FORD,ESCAPE,IL,2012,UNKNOWN,SPORT UTILITY VEHICLE (SUV),PERSONAL,N,STRAIGHT AHEAD,,,1,,,,,Y,,,,,,,,,,Y,Y,Y,FRONT,,,,,,,,,,,,,,,,,,,,,,,,,,,,,,,,,
2108288,300545267eecfa36d75195c556a7bda8cba8ce774993ea4339a82f9d08446b41c6f62fe815c84d35815aca28e55cd80e5c23f77d157a020b221947ab2175be9a,07/14/2025 09:00:00 PM,2,DRIVER,,2009874,,KIA,FORTE,IL,2014,UNKNOWN,PASSENGER,PERSONAL,N,STRAIGHT AHEAD,,,1,,,,,,,,,Y,Y,Y,,,,,,,REAR,,,,,,,,,,,,,,,,,,,,,,,,,,,,,,,,,
2107292,b265be0000b392302797ed6fef7102711eaa24f53d219aca2f4f2a0658ee505f3231c152f2770b5ea7852386e77d779dabe7ab8c8a50032270d78c7975ef5920,07/14/2025 08:58:00 PM,1,BICYCLE,,,,,,,,,,,,,,,,,,,,,,,,,,,,,,,,,,,,,,,,,,,,,,,,,,,,,,,,,,,,,,,,,,
2107293,b265be0000b392302797ed6fef7102711eaa24f53d219aca2f4f2a0658ee505f3231c152f2770b5ea7852386e77d779dabe7ab8c8a50032270d78c7975ef5920,07/14/2025 08:58:00 PM,2,DRIVER,,2008938,,NOVA BUS,OTHER (EXPLAIN IN NARRATIVE),IL,,UNKNOWN,BUS OVER 15 PASS.,CTA,E,STRAIGHT AHEAD,,,1,,,,,,,,,,,,Y,,,,,,SIDE-LEFT-REAR,,,,,,,,,,,,,,,,,,,,,,,,,,,,,,,,,
2106934,64e4f6936e2e84ea7e38ca7711b782d267f8c27bde3d2c2b7e6ce139a3146d5f6f8e82869d6a6df37d8f5a33f62211275fff65ad262f04f98a12f84c846e1b40,07/14/2025 08:53:00 PM,1,DRIVER,,2008588,,GENERAL MOTORS CORPORATION (GMC),SAFARI,IL,2002,UNKNOWN,VAN/MINI-VAN,UNKNOWN/NA,S,STRAIGHT AHEAD,,,1,,,,,,,,,,,,,,,,,,UNKNOWN,,,,,,,,,,,,,,,,,,,,,,,,,,,,,,,,,
2106935,64e4f6936e2e84ea7e38ca7711b782d267f8c27bde3d2c2b7e6ce139a3146d5f6f8e82869d6a6df37d8f5a33f62211275fff65ad262f04f98a12f84c846e1b40,07/14/2025 08:53:00 PM,2,PARKED,,2008593,,CHEVROLET,TRAVERSE,IL,2023,NONE,SPORT UTILITY VEHICLE (SUV),PERSONAL,S,PARKED,,,0,,,,N,,,,,,,Y,Y,Y,Y,,,,SIDE-LEFT,,,,,,,,,,,,,,,,,,,,,,,,,,,,,,,,,
2106936,64e4f6936e2e84ea7e38ca7711b782d267f8c27bde3d2c2b7e6ce139a3146d5f6f8e82869d6a6df37d8f5a33f62211275fff65ad262f04f98a12f84c846e1b40,07/14/2025 08:53:00 PM,3,PARKED,,2008597,,ACURA,ADX,IN,2010,NONE,SPORT UTILITY VEHICLE (SUV),PERSONAL,S,PARKED,,,0,,,,,,,,,,,Y,Y,Y,,,,,SIDE-LEFT-REAR,,,,,,,,,,,,,,,,,,,,,,,,,,,,,,,,,
2106917,187578aab90f4e40f30b37868c36261738856a546662befa9722cbc4e56b15aa8d5c04fb763ac39a8d9326a6a68faee38cc4469c76cc6329d4aef6cb90e5e362,07/14/2025 08:45:00 PM,1,DRIVER,,2008575,,GENERAL MOTORS CORPORATION (GMC),SAVANNAH,AZ,2025,NONE,TRUCK - SINGLE UNIT,COMMERCIAL - SINGLE UNIT,E,STRAIGHT AHEAD,,,1,,,,,,,,,,,,,,,,,,REAR-RIGHT-CORNER,,,,,,,,,,,,,,,,,,,,,,,,,,,,,,,,,
2106918,187578aab90f4e40f30b37868c36261738856a546662befa9722cbc4e56b15aa8d5c04fb763ac39a8d9326a6a68faee38cc4469c76cc6329d4aef6cb90e5e362,07/14/2025 08:45:00 PM,2,PARKED,,2008578,,KIA,OPTIMA / K5,IL,2013,NONE,PASSENGER,PERSONAL,E,PARKED,,,0,,,,,Y,,,,,,,,,,Y,Y,,FRONT-LEFT-CORNER,,,,,,,,,,,,,,,,,,,,,,,,,,,,,,,,,
2106937,02d9feaa82da71d62b8577b60307f5c2d5f45b799cfa27a6eb6c01d7ad3e38fc36aac90ddf834ced8785163d01630f8a5971acd6fc4b2a162992d6369758092c,07/14/2025 08:30:00 PM,1,DRIVER,,2008591,,TOYOTA,TUNDRA,IL,2020,UNKNOWN,PICKUP,UNKNOWN/NA,W,STRAIGHT AHEAD,Y,,1,,OWNER,,,Y,Y,Y,,,,,,,Y,Y,Y,,SIDE-RIGHT-FRONT,,,,,,,,,,,,,,,,,,,,,,,,,,,,,,,,,
2106922,6cf7b1cc594569ecb56bffb94d32c09eb91aaca56d5f3c0746dc204ede93899c2293e2e59ff7f59f8f2dbbd4c2e6bec1f9a4bd45d5078946de75807fe305ad3d,07/14/2025 08:30:00 PM,1,DRIVER,,2008582,,FLEET-AIRE CAMPER COMPANY,FLEET-AIRE CAMPER CO.,IL,2009,NONE,BUS OVER 15 PASS.,OTHER,S,STRAIGHT AHEAD,,,1,,,,Y,,,,,,,,,,,,,,FRONT-RIGHT-CORNER,,,,,,,,,,,,,,,,,,,,,,,,,,,,,,,,,
2106923,6cf7b1cc594569ecb56bffb94d32c09eb91aaca56d5f3c0746dc204ede93899c2293e2e59ff7f59f8f2dbbd4c2e6bec1f9a4bd45d5078946de75807fe305ad3d,07/14/2025 08:30:00 PM,2,DRIVER,,2008586,,VOLKSWAGEN,TIGUAN,IL,2024,NONE,PASSENGER,PERSONAL,S,STRAIGHT AHEAD,,,1,,,,,,,,,,,,,,Y,Y,,,FRONT-LEFT-CORNER,,,,,,,,,,,,,,,,,,,,,,,,,,,,,,,,,
2106924,2966d6eb86b2893c62bb2c69a1f970f013f852924165c8633240a1b3a016304850b395d9675b3d8c3e3e37e6b8867bbd09adc840c1b6fdb77287b96968816759,07/14/2025 08:20:00 PM,1,DRIVER,,2008585,,TOYOTA,PRIUS,IL,2013,NONE,PASSENGER,PERSONAL,N,OTHER,,,1,,,,,,,,,,,,,,,Y,,,FRONT-LEFT-CORNER,,,,,,,,,,,,,,,,,,,,,,,,,,,,,,,,,
2106925,2966d6eb86b2893c62bb2c69a1f970f013f852924165c8633240a1b3a016304850b395d9675b3d8c3e3e37e6b8867bbd09adc840c1b6fdb77287b96968816759,07/14/2025 08:20:00 PM,2,DRIVER,,2008589,,TOYOTA,CAMRY,IL,2014,UNKNOWN,PASSENGER,PERSONAL,N,STRAIGHT AHEAD,,,1,,,,,Y,Y,Y,,,,,,,,,,,SIDE-RIGHT-FRONT,,,,,,,,,,,,,,,,,,,,,,,,,,,,,,,,,
2106915,524d63c744e74ce61fdd5d6346c8f5acef50a07384fa33d3f2c966a87f4c004c59ae69f1ea277927aea946a66fb817cbcb6565337b42bee7b9d0bff96a8472df,07/14/2025 08:10:00 PM,1,DRIVER,1,2008577,,FORD,FUSION,IL,2010,NONE,PASSENGER,PERSONAL,W,STRAIGHT AHEAD,Y,,2,,PRIVATE TOW,,,,,,,,,,,,,,Y,,FRONT,,,,,,,,,,,,,,,,,,,,,,,,,,,,,,,,,
2106916,524d63c744e74ce61fdd5d6346c8f5acef50a07384fa33d3f2c966a87f4c004c59ae69f1ea277927aea946a66fb817cbcb6565337b42bee7b9d0bff96a8472df,07/14/2025 08:10:00 PM,2,DRIVER,,2008574,,VOLKSWAGEN,JETTA,IL,2009,NONE,PASSENGER,PERSONAL,W,SLOW/STOP IN TRAFFIC,,,1,,,,,,,,,,Y,,,,,,,,REAR,,,,,,,,,,,,,,,,,,,,,,,,,,,,,,,,,
2106919,120f182ec384068328df79a8b81f2c7c33592702747158ab42f8be2f39503ebbd2e36d130b1aad4cdd7a34e81e8b7cfaf66c772c59d5cb9a27e547ab461c5fe7,07/14/2025 08:03:00 PM,1,DRIVER,,2008576,,FORD,EXPLORER,IL,2007,UNKNOWN,PICKUP,UNKNOWN/NA,UNKNOWN,OTHER,,,1,,,,,Y,,,,Y,Y,Y,,,,Y,Y,,UNKNOWN,,,,,,,,,,,,,,,,,,,,,,,,,,,,,,,,,
2106920,120f182ec384068328df79a8b81f2c7c33592702747158ab42f8be2f39503ebbd2e36d130b1aad4cdd7a34e81e8b7cfaf66c772c59d5cb9a27e547ab461c5fe7,07/14/2025 08:03:00 PM,2,PARKED,,2008579,,HONDA,HR-V,IL,2019,UNKNOWN,PASSENGER,PERSONAL,UNKNOWN,PARKED,,,0,,,,,,,,,,Y,Y,,,,,,,REAR,,,,,,,,,,,,,,,,,,,,,,,,,,,,,,,,,
2106921,120f182ec384068328df79a8b81f2c7c33592702747158ab42f8be2f39503ebbd2e36d130b1aad4cdd7a34e81e8b7cfaf66c772c59d5cb9a27e547ab461c5fe7,07/14/2025 08:03:00 PM,3,PARKED,,2008580,,BMW,X3,IL,2019,UNKNOWN,SPORT UTILITY VEHICLE (SUV),PERSONAL,UNKNOWN,PARKED,,,0,,,,,Y,,,,,,,,,,Y,Y,,FRONT,,,,,,,,,,,,,,,,,,,,,,,,,,,,,,,,,
2106942,459c9ea3ba6901e8221083b37be03e92dcbaeec378b2b62efcbc52317e6ef032d0ffb40e2f987bf31485814d3558749ace4533ba4b4e3a40420fd27e2d7dd2c3,07/14/2025 08:02:00 PM,1,DRIVER,,2008599,,FORD,EDGE,IL,2009,UNKNOWN,PASSENGER,PERSONAL,W,STRAIGHT AHEAD,,,1,,,,,Y,Y,Y,,,,,,,,,Y,Y,FRONT-RIGHT-CORNER,,,,,,,,,,,,,,,,,,,,,,,,,,,,,,,,,
2106943,459c9ea3ba6901e8221083b37be03e92dcbaeec378b2b62efcbc52317e6ef032d0ffb40e2f987bf31485814d3558749ace4533ba4b4e3a40420fd27e2d7dd2c3,07/14/2025 08:02:00 PM,2,PARKED,,2008601,,LINCOLN,MKS,IL,2017,UNKNOWN,PASSENGER,PERSONAL,W,PARKED,,,0,,,,,,,,,,Y,Y,Y,Y,Y,Y,Y,Y,SIDE-LEFT,,,,,,,,,,,,,,,,,,,,,,,,,,,,,,,,,
2106928,5c809780ee59270f8e68ca05734032dc9fca1456a1ad8a387b05bca5fe134abffcdc8107fdd75ae5f2d0d3450c2d81f574997d17b813a061d875818c5a24b540,07/14/2025 08:00:00 PM,1,DRIVER,2,2008584,,JEEP,PATRIOT,IL,2017,NONE,PASSENGER,PERSONAL,N,STRAIGHT AHEAD,,,3,,,,,,,Y,Y,,,,,,,,,,SIDE-RIGHT,,,,,,,,,,,,,,,,,,,,,,,,,,,,,,,,,
2106929,5c809780ee59270f8e68ca05734032dc9fca1456a1ad8a387b05bca5fe134abffcdc8107fdd75ae5f2d0d3450c2d81f574997d17b813a061d875818c5a24b540,07/14/2025 08:00:00 PM,2,DRIVER,,2008590,,KIA,FORTE,IL,2018,NONE,PASSENGER,PERSONAL,W,STRAIGHT AHEAD,,,1,,,,,Y,,,,,,,,Y,Y,Y,Y,,FRONT,,,,,,,,,,,,,,,,,,,,,,,,,,,,,,,,,
2114518,78af9d4289679d191b604ddd8c4e2dc6929abc3e501761e9ac679e46e99de4a11c21794f845e68254bb5319ea8161c6c84a45b87dbbfb52dcbbf52c3e2c2fdbb,07/14/2025 08:00:00 PM,1,DRIVER,,2015795,,HONDA,ACCORD,IL,2022,UNKNOWN,PASSENGER,PERSONAL,S,STRAIGHT AHEAD,,,1,,,,,Y,,,,,,,,,,Y,Y,,FRONT,,,,,,,,,,,,,,,,,,,,,,,,,,,,,,,,,
2114519,78af9d4289679d191b604ddd8c4e2dc6929abc3e501761e9ac679e46e99de4a11c21794f845e68254bb5319ea8161c6c84a45b87dbbfb52dcbbf52c3e2c2fdbb,07/14/2025 08:00:00 PM,2,PARKED,,2015808,,HONDA,ACCORD,IL,2006,UNKNOWN,SPORT UTILITY VEHICLE (SUV),PERSONAL,S,PARKED,,,0,,,,,,,,,Y,Y,Y,,,,,,Y,REAR,,,,,,,,,,,,,,,,,,,,,,,,,,,,,,,,,
2106930,8f12525581ac1db32ea2843161e420c607ac439ed70c21323b6a4a3c7860e9e876cb4bb4197bd5ec03f9968dec8ee8e1a7e2eccfce5add30b77e5d0de5f9aa75,07/14/2025 08:00:00 PM,1,DRIVER,,2008581,,UNKNOWN,MOTORIZED,,,NONE,PASSENGER,UNKNOWN/NA,W,STRAIGHT AHEAD,,,1,,,,,,Y,Y,,,,,,,,,,,SIDE-RIGHT,,,,,,,,,,,,,,,,,,,,,,,,,,,,,,,,,
2106931,8f12525581ac1db32ea2843161e420c607ac439ed70c21323b6a4a3c7860e9e876cb4bb4197bd5ec03f9968dec8ee8e1a7e2eccfce5add30b77e5d0de5f9aa75,07/14/2025 08:00:00 PM,2,BICYCLE,,,,,,,,,,,,,,,,,,,,,,,,,,,,,,,,,,,,,,,,,,,,,,,,,,,,,,,,,,,,,,,,,,
2106911,b66ca4da992283bb66af76d337f42375d7920735ba91d50ce727df98f9e2e92778de46dcb059d1e830546eb80da5ca1a2e2db8255d139ac4fa03a2464b56f74f,07/14/2025 07:53:00 PM,2,DRIVER,1,2008568,,INFINITI,G37,IL,2009,NONE,PASSENGER,PERSONAL,W,OTHER,,,2,,,,,,,Y,Y,Y,,,,,,,,,SIDE-RIGHT,,,,,,,,,,,,,,,,,,,,,,,,,,,,,,,,,
2106912,b66ca4da992283bb66af76d337f42375d7920735ba91d50ce727df98f9e2e92778de46dcb059d1e830546eb80da5ca1a2e2db8255d139ac4fa03a2464b56f74f,07/14/2025 07:53:00 PM,1,DRIVER,1,2008570,,KIA,TELLURIDE,IL,2022,NONE,PASSENGER,PERSONAL,S,OTHER,,,2,,,,,Y,,,,,,,,,,Y,Y,,FRONT,,,,,,,,,,,,,,,,,,,,,,,,,,,,,,,,,
2106913,bdce4c9e382db77ffd4123e6b4a9ab4715ebd0a3c0fb35a6de643a5db77b539509b7c1e901e401bfec98b4ab7f5c51a39c0e1127d2ed69aedaae3164613b612a,07/14/2025 07:36:00 PM,1,DRIVER,,2008569,,UNKNOWN,MOTORIZED,XX,,UNKNOWN,PASSENGER,UNKNOWN/NA,N,STRAIGHT AHEAD,,,1,,,,,,,,,,,,,,,,,,UNKNOWN,,,,,,,,,,,,,,,,,,,,,,,,,,,,,,,,,
2106914,bdce4c9e382db77ffd4123e6b4a9ab4715ebd0a3c0fb35a6de643a5db77b539509b7c1e901e401bfec98b4ab7f5c51a39c0e1127d2ed69aedaae3164613b612a,07/14/2025 07:36:00 PM,2,DRIVER,,2008572,,KIA,OPTIMA / K5,IL,,NONE,PASSENGER,PERSONAL,N,STRAIGHT AHEAD,,,1,,,,,,Y,,,,,,,Y,Y,Y,,,SIDE-LEFT,,,,,,,,,,,,,,,,,,,,,,,,,,,,,,,,,
2107947,2c91a6b79c02a64243a4e1ef7d119325d1037f5302ba6916f192ff7271744badb58c6bef46334e046f532985c3bf5f2c0a8838b71a81288b405de0a154264b74,07/14/2025 07:30:00 PM,1,DRIVER,,2009559,,UNKNOWN,MOTORIZED,,,NONE,UNKNOWN/NA,UNKNOWN/NA,N,STRAIGHT AHEAD,,,1,,,,,,,,,,,,,,,,,Y,UNKNOWN,,,,,,,,,,,,,,,,,,,,,,,,,,,,,,,,,
2107948,2c91a6b79c02a64243a4e1ef7d119325d1037f5302ba6916f192ff7271744badb58c6bef46334e046f532985c3bf5f2c0a8838b71a81288b405de0a154264b74,07/14/2025 07:30:00 PM,2,PARKED,,2009562,,NISSAN,MURANO,IL,2023,NONE,PASSENGER,NOT IN USE,N,PARKED,,,0,,,,,,,,,,,Y,Y,Y,Y,Y,,,SIDE-LEFT,,,,,,,,,,,,,,,,,,,,,,,,,,,,,,,,,
2106887,8d7342c06c50acd1f16248f5626d776e8b57fe7b3ee56e598faeab31f364d4731f6687486a3b903370168510fa0b293839e84811e40ec4aa12b7c03647b3abf6,07/14/2025 07:30:00 PM,1,DRIVER,,2008537,,JEEP,GRAND CHEROKEE,IL,,NONE,PASSENGER,PERSONAL,W,CHANGING LANES,,,1,,,,,,Y,Y,,,,,,,,,,,SIDE-RIGHT-REAR,,,,,,,,,,,,,,,,,,,,,,,,,,,,,,,,,
2106888,8d7342c06c50acd1f16248f5626d776e8b57fe7b3ee56e598faeab31f364d4731f6687486a3b903370168510fa0b293839e84811e40ec4aa12b7c03647b3abf6,07/14/2025 07:30:00 PM,2,DRIVER,,2008546,,KIA,SORENTO,IN,,NONE,PASSENGER,PERSONAL,W,STRAIGHT AHEAD,,,1,,,,Y,,,,,,,,,,,Y,,,FRONT-LEFT-CORNER,,,,,,,,,,,,,,,,,,,,,,,,,,,,,,,,,
2106889,4e3a6ae529527ff944e98cecdcc61de4e881083ed8b1624ebcefeb14d639e100f7d5bbe025b6ea7c70171ce1c578c08527757aa2edc16feb9c15a00f373ce884,07/14/2025 07:25:00 PM,1,DRIVER,,2008544,,BMW,OTHER (EXPLAIN IN NARRATIVE),IL,2021,NONE,PASSENGER,PERSONAL,NW,TURNING RIGHT,,,1,,,,,,,,,,,,,,,Y,,,FRONT-LEFT-CORNER,,,,,,,,,,,,,,,,,,,,,,,,,,,,,,,,,
2106890,4e3a6ae529527ff944e98cecdcc61de4e881083ed8b1624ebcefeb14d639e100f7d5bbe025b6ea7c70171ce1c578c08527757aa2edc16feb9c15a00f373ce884,07/14/2025 07:25:00 PM,2,DRIVER,,2008547,,FORD,F150,IL,2014,NONE,PICKUP,PERSONAL,W,STRAIGHT AHEAD,,,1,,,,Y,,,,,,,,,,,,,,SIDE-LEFT-REAR,,,,,,,,,,,,,,,,,,,,,,,,,,,,,,,,,
2106881,d170675591ff9584f99c8927a6b8cd7d513fb486c839107efda2ba33a8ecaaa9d5a96a4e1db00b6e29da0afce9b25a3be0b827932e6a60d735e20c89d0424a5e,07/14/2025 07:15:00 PM,1,DRIVER,,2008541,,DODGE,CARAVAN,IL,1995,NONE,PASSENGER,PERSONAL,N,STRAIGHT AHEAD,Y,,1,,PERSONAL TOW,,,Y,Y,,,,,,,,Y,Y,Y,,FRONT,,,,,,,,,,,,,,,,,,,,,,,,,,,,,,,,,