CRASH_UNIT_ID,CRASH_RECORD_ID,CRASH_DATE,UNIT_NO,UNIT_TYPE,NUM_PASSENGERS,VEHICLE_ID,CMRC_VEH_I,MAKE,MODEL,LIC_PLATE_STATE,VEHICLE_YEAR,VEHICLE_DEFECT,VEHICLE_TYPE,VEHICLE_USE,TRAVEL_DIRECTION,MANEUVER,TOWED_I,FIRE_I,OCCUPANT_CNT,EXCEED_SPEED_LIMIT_I,TOWED_BY,TOWED_TO,AREA_00_I,AREA_01_I,AREA_02_I,AREA_03_I,AREA_04_I,AREA_05_I,AREA_06_I,AREA_07_I,AREA_08_I,AREA_09_I,AREA_10_I,AREA_11_I,AREA_12_I,AREA_99_I,FIRST_CONTACT_POINT,CMV_ID,USDOT_NO,CCMC_NO,ILCC_NO,COMMERCIAL_SRC,GVWR,CARRIER_NAME,CARRIER_STATE,CARRIER_CITY,HAZMAT_PLACARDS_I,HAZMAT_NAME,UN_NO,HAZMAT_PRESENT_I,HAZMAT_REPORT_I,HAZMAT_REPORT_NO,MCS_REPORT_I,MCS_REPORT_NO,HAZMAT_VIO_CAUSE_CRASH_I,MCS_VIO_CAUSE_CRASH_I,IDOT_PERMIT_NO,WIDE_LOAD_I,TRAILER1_WIDTH,TRAILER2_WIDTH,TRAILER1_LENGTH,TRAILER2_LENGTH,TOTAL_VEHICLE_LENGTH,AXLE_CNT,VEHICLE_CONFIG,CARGO_BODY_TYPE,LOAD_TYPE,HAZMAT_OUT_OF_SERVICE_I,MCS_OUT_OF_SERVICE_I,HAZMAT_CLASS
2106882,d170675591ff9584f99c8927a6b8cd7d513fb486c839107efda2ba33a8ecaaa9d5a96a4e1db00b6e29da0afce9b25a3be0b827932e6a60d735e20c89d0424a5e,07/14/2025 07:15:00 PM,2,PARKED,,2008545,,TOYOTA,COROLLA,IL,2016,NONE,PASSENGER,PERSONAL,N,PARKED,Y,,0,,PERSONAL TOW,,,Y,,,,,Y,Y,Y,Y,Y,Y,,,SIDE-RIGHT,,,,,,,,,,,,,,,,,,,,,,,,,,,,,,,,,
2106883,d170675591ff9584f99c8927a6b8cd7d513fb486c839107efda2ba33a8ecaaa9d5a96a4e1db00b6e29da0afce9b25a3be0b827932e6a60d735e20c89d0424a5e,07/14/2025 07:15:00 PM,3,DRIVER,,2008571,,HONDA,CR-V,IL,2014,NONE,PASSENGER,PERSONAL,S,STRAIGHT AHEAD,Y,,1,,PERSONAL TOW,,,,,Y,Y,,,Y,Y,Y,Y,Y,,,SIDE-RIGHT,,,,,,,,,,,,,,,,,,,,,,,,,,,,,,,,,
2106884,d170675591ff9584f99c8927a6b8cd7d513fb486c839107efda2ba33a8ecaaa9d5a96a4e1db00b6e29da0afce9b25a3be0b827932e6a60d735e20c89d0424a5e,07/14/2025 07:15:00 PM,4,PARKED,,2008573,,FORD,ESCAPE,IL,2012,NONE,PASSENGER,PERSONAL,S,PARKED,,,0,,,,,,,,,,,Y,Y,N,,,,,REAR,,,,,,,,,,,,,,,,,,,,,,,,,,,,,,,,,
2106899,81e67ecaf65dd1bbcae20f7398b8b90377841d1ac86ff4bdda7a93ae7a9c07aec38c50940b2ba3af91151ce62adf5f2777f1c99a6d6619d336a1c2530071243d,07/14/2025 07:10:00 PM,1,DRIVER,,2008555,,HYUNDAI,TUCSON,,2022,UNKNOWN,PASSENGER,PERSONAL,E,STRAIGHT AHEAD,,,1,,,,,,,,,,,,,,Y,Y,Y,,FRONT-LEFT-CORNER,,,,,,,,,,,,,,,,,,,,,,,,,,,,,,,,,
2106900,81e67ecaf65dd1bbcae20f7398b8b90377841d1ac86ff4bdda7a93ae7a9c07aec38c50940b2ba3af91151ce62adf5f2777f1c99a6d6619d336a1c2530071243d,07/14/2025 07:10:00 PM,2,DRIVER,1,2008564,,CHEVROLET,TRUCK,IL,2003,NONE,PICKUP,PERSONAL,W,TURNING LEFT,,,2,,,,,,,,,,,,Y,Y,Y,Y,,,SIDE-LEFT,,,,,,,,,,,,,,,,,,,,,,,,,,,,,,,,,
2137138,36ee30021c93e8833df7df58d8719c36ea179acd3a36ab82397c2b34e6d43f39d4a6b41d2653f5ca8c14d87ec66421185be6db91b00c4859730f928125ac6e5a,07/14/2025 07:00:00 PM,1,DRIVER,,2037283,,FORD,OTHER (EXPLAIN IN NARRATIVE),IL,2012,UNKNOWN,PASSENGER,PERSONAL,E,OTHER,,,1,,,,,Y,,,,,,,,,,Y,Y,,FRONT,,,,,,,,,,,,,,,,,,,,,,,,,,,,,,,,,
2137139,36ee30021c93e8833df7df58d8719c36ea179acd3a36ab82397c2b34e6d43f39d4a6b41d2653f5ca8c14d87ec66421185be6db91b00c4859730f928125ac6e5a,07/14/2025 07:00:00 PM,2,DRIVER,,2037284,,HONDA,CIVIC,IL,2006,UNKNOWN,PASSENGER,PERSONAL,E,SLOW/STOP IN TRAFFIC,,,1,,,,,,,,,Y,Y,Y,,,,,,,REAR,,,,,,,,,,,,,,,,,,,,,,,,,,,,,,,,,
2106910,fb0bbb9dfeb5c99374b80d5c650fca722b29fb3ac88f9141a24b8f722ae082c7c759c1bbe2d41610069c8d39806bda8fa81d4c83289df86b63fd6a169e536dc7,07/14/2025 07:00:00 PM,1,DRIVER,,2008567,,HARLEY-DAVIDSON,HARLEY-DAVIDSON,,1999,NONE,MOTORCYCLE (OVER 150CC),PERSONAL,W,STRAIGHT AHEAD,,,1,,,,,,,,,,,Y,Y,Y,Y,Y,,,SIDE-LEFT,,,,,,,,,,,,,,,,,,,,,,,,,,,,,,,,,
2106873,53a957eb110f94f88f6c551b83487452efd0356b376039b3e48c941b36509847b1613f6e35b9455fa0f92b13dc514bf3e8b207abe0eaa20c944d8eb5c5cde508,07/14/2025 06:50:00 PM,1,DRIVER,,2008527,,UNKNOWN,MOTORIZED,,,NONE,TRUCK - SINGLE UNIT,STATE OWNED,E,STRAIGHT AHEAD,,,1,,,,,Y,Y,Y,,,,,,,,,,,SIDE-RIGHT,,,,,,,,,,,,,,,,,,,,,,,,,,,,,,,,,
2106874,53a957eb110f94f88f6c551b83487452efd0356b376039b3e48c941b36509847b1613f6e35b9455fa0f92b13dc514bf3e8b207abe0eaa20c944d8eb5c5cde508,07/14/2025 06:50:00 PM,2,DRIVER,,2008534,,CHEVROLET,TRAX,IL,2019,NONE,PASSENGER,PERSONAL,E,STRAIGHT AHEAD,,,1,,,,,,,,,,,,,Y,Y,,,,SIDE-LEFT,,,,,,,,,,,,,,,,,,,,,,,,,,,,,,,,,
2121379,a6c96679d38bdefc9bbfa604e808f7717e08482e92305ab335d2e46cfbc9e3bfbe7012a9fb2a8f9c9ce5e4d42708091415613291033f42b37ee8f598e1d3f575,07/14/2025 06:49:00 PM,1,DRIVER,,2022319,,DODGE,DART,IL,2013,UNKNOWN,PASSENGER,UNKNOWN/NA,E,STRAIGHT AHEAD,,,1,,,,,,,,,,,,,,,,,Y,REAR-RIGHT-CORNER,,,,,,,,,,,,,,,,,,,,,,,,,,,,,,,,,
2121380,a6c96679d38bdefc9bbfa604e808f7717e08482e92305ab335d2e46cfbc9e3bfbe7012a9fb2a8f9c9ce5e4d42708091415613291033f42b37ee8f598e1d3f575,07/14/2025 06:49:00 PM,2,PEDESTRIAN,,,,,,,,,,,,,,,,,,,,,,,,,,,,,,,,,,,,,,,,,,,,,,,,,,,,,,,,,,,,,,,,,,
2106865,786eb003190c2ff0f555983337c87e7339ef0621627cc8913bb88a69408016b3cba50dd5dfcd925b177523b8b038b64911843862a757c4c3e29f1eede77b1755,07/14/2025 06:46:00 PM,1,DRIVER,,2008522,,NOVA BUS,OTHER (EXPLAIN IN NARRATIVE),IL,2023,NONE,BUS OVER 15 PASS.,CTA,N,STRAIGHT AHEAD,,,1,,,,,,,,Y,Y,,,,,,,,,SIDE-RIGHT-REAR,,,,,,,,,,,,,,,,,,,,,,,,,,,,,,,,,
2106866,786eb003190c2ff0f555983337c87e7339ef0621627cc8913bb88a69408016b3cba50dd5dfcd925b177523b8b038b64911843862a757c4c3e29f1eede77b1755,07/14/2025 06:46:00 PM,2,PARKED,,2008529,,HONDA,ODYSSEY,IL,2013,NONE,VAN/MINI-VAN,PERSONAL,N,PARKED,,,0,,,,,,,,,,,,,,Y,Y,Y,,FRONT-LEFT-CORNER,,,,,,,,,,,,,,,,,,,,,,,,,,,,,,,,,
2106869,87e8cf97458b0a7d479ce2f2bf1016d74ca36ef0d19d6a911d5ae3a7d3dde0e44c0fc97deb538ccc29d684872fd1b59395808f94530aa092cc8d89e886af9385,07/14/2025 06:46:00 PM,1,DRIVER,,2008519,,UNKNOWN,OTHER (EXPLAIN IN NARRATIVE),,,UNKNOWN,UNKNOWN/NA,UNKNOWN/NA,UNKNOWN,UNKNOWN/NA,,,1,,,,,,,,,,,,,,,,,Y,REAR,,,,,,,,,,,,,,,,,,,,,,,,,,,,,,,,,
2106870,87e8cf97458b0a7d479ce2f2bf1016d74ca36ef0d19d6a911d5ae3a7d3dde0e44c0fc97deb538ccc29d684872fd1b59395808f94530aa092cc8d89e886af9385,07/14/2025 06:46:00 PM,2,PARKED,,2008524,,JEEP,CHEROKEE,IL,2020,UNKNOWN,SPORT UTILITY VEHICLE (SUV),PERSONAL,UNKNOWN,PARKED,Y,,0,,PRIVATE TOW,,,Y,,,,,,,,,,Y,Y,,FRONT,,,,,,,,,,,,,,,,,,,,,,,,,,,,,,,,,
2108219,bb0d1444e3c92d7c830a03597c10f946be82ca8cda95be116a44355d3e181033653f2fc8c8c52d2d274067817baa7cbbb747ba9734352cb92365a4f58a96bcd1,07/14/2025 06:45:00 PM,1,DRIVER,,2009791,,UNKNOWN,OTHER (EXPLAIN IN NARRATIVE),,,UNKNOWN,PASSENGER,UNKNOWN/NA,S,MERGING,,,1,,,,,,,,,,,,,,,,,Y,FRONT-LEFT-CORNER,,,,,,,,,,,,,,,,,,,,,,,,,,,,,,,,,
2108220,bb0d1444e3c92d7c830a03597c10f946be82ca8cda95be116a44355d3e181033653f2fc8c8c52d2d274067817baa7cbbb747ba9734352cb92365a4f58a96bcd1,07/14/2025 06:45:00 PM,2,DRIVER,,2009798,,AUDI,A4,IL,2021,NONE,PASSENGER,UNKNOWN/NA,S,MERGING,,,1,,,,,Y,,,,,,,,,,,Y,,FRONT-RIGHT-CORNER,,,,,,,,,,,,,,,,,,,,,,,,,,,,,,,,,
2106877,3889a7f83e1139fd39872097285c7867dc8fa5c3aeb6bc40510c4ae8b622b169010cb0e8db11f7c1ebc38acbbfe7efb12fbe3a47415087ec1571a12b54319f43,07/14/2025 06:35:00 PM,1,DRIVER,,2008532,,TOYOTA,COROLLA,IL,2024,NONE,PASSENGER,UNKNOWN/NA,W,STRAIGHT AHEAD,,,1,,,,,,,,,Y,Y,Y,,,,,,Y,REAR,,,,,,,,,,,,,,,,,,,,,,,,,,,,,,,,,
2106878,3889a7f83e1139fd39872097285c7867dc8fa5c3aeb6bc40510c4ae8b622b169010cb0e8db11f7c1ebc38acbbfe7efb12fbe3a47415087ec1571a12b54319f43,07/14/2025 06:35:00 PM,2,DRIVER,,2008540,Y,VOLVO,OTHER (EXPLAIN IN NARRATIVE),IL,2006,NONE,TRACTOR W/ SEMI-TRAILER,COMMERCIAL - MULTI-UNIT,W,STRAIGHT AHEAD,,,1,,,,,Y,,,,,,,,,,Y,Y,Y,FRONT,"21,815",1174841,,,DRIVER,,EJY TRUCKING CORP,IL,CHICAGO,,,,U,U,,U,,U,U,,,,,,,,,"SINGLE UNIT TRUCK, 2 AXLES, 6 TIRES",OTHER,UNKNOWN,N,N,
2106833,ba0b2eb3044d6efd773394fb5523574fd557556f2a9991ca4c5e077e9948f3d3a129a2e7e3a9159b54fe5c069a4042109021653ed1bcf454b8a432a02d9d44de,07/14/2025 06:30:00 PM,1,DRIVER,,2008491,,NISSAN,VERSA,IL,2014,NONE,PASSENGER,PERSONAL,S,STRAIGHT AHEAD,,,1,,,,,Y,,,,,,,,,,Y,Y,,FRONT,,,,,,,,,,,,,,,,,,,,,,,,,,,,,,,,,
2106834,ba0b2eb3044d6efd773394fb5523574fd557556f2a9991ca4c5e077e9948f3d3a129a2e7e3a9159b54fe5c069a4042109021653ed1bcf454b8a432a02d9d44de,07/14/2025 06:30:00 PM,2,DRIVER,1,2008496,,JEEP,CHEROKEE,IL,2016,NONE,PASSENGER,PERSONAL,S,SLOW/STOP IN TRAFFIC,,,2,,,,,,,,,Y,Y,Y,,,,,,,REAR,,,,,,,,,,,,,,,,,,,,,,,,,,,,,,,,,
2108800,1d3ffaf017f9cb5dc3db0adfce27dcb8f910115c35d03df3163b8480bb89a034d264a7058bccafe28a1700797ccea33a5ed86072537dc14e74ea694220e6d407,07/14/2025 06:20:00 PM,1,DRIVER,,2010388,,MAZDA,MAZDA3,IL,2007,NONE,PASSENGER,PERSONAL,S,MERGING,,,1,,,,,,,,,,,,,,,Y,Y,,FRONT-LEFT-CORNER,,,,,,,,,,,,,,,,,,,,,,,,,,,,,,,,,
2108801,1d3ffaf017f9cb5dc3db0adfce27dcb8f910115c35d03df3163b8480bb89a034d264a7058bccafe28a1700797ccea33a5ed86072537dc14e74ea694220e6d407,07/14/2025 06:20:00 PM,2,DRIVER,,2010391,,SUBARU,IMPREZA,IL,2015,NONE,PASSENGER,PERSONAL,S,STRAIGHT AHEAD,,,1,,,,,Y,Y,Y,,,,,,,,,,,SIDE-RIGHT,,,,,,,,,,,,,,,,,,,,,,,,,,,,,,,,,
2106861,24aaa446039ef89fd620101c18b3d74f622dc00b217c651fd39b1a8887e5e15f09cf76ca3db4577109289a630693f89e27e9cf6aa805f8665231a859255c8270,07/14/2025 06:20:00 PM,1,DRIVER,,2008543,,MITSUBISHI,OUTLANDER,IL,2015,NONE,SPORT UTILITY VEHICLE (SUV),PERSONAL,E,LEAVING TRAFFIC LANE TO PARK,,,1,,,,,,,,,,,,,,,Y,,,SIDE-LEFT,,,,,,,,,,,,,,,,,,,,,,,,,,,,,,,,,
2106862,24aaa446039ef89fd620101c18b3d74f622dc00b217c651fd39b1a8887e5e15f09cf76ca3db4577109289a630693f89e27e9cf6aa805f8665231a859255c8270,07/14/2025 06:20:00 PM,2,PARKED,,2008558,,HYUNDAI,VERACRUZ,IL,2011,NONE,SPORT UTILITY VEHICLE (SUV),PERSONAL,E,PARKED,,,0,,,,,,,Y,Y,,,,,,,,,,SIDE-RIGHT,,,,,,,,,,,,,,,,,,,,,,,,,,,,,,,,,
2106815,60f8fcad89e74db70a3014809ef87134568250e3970f164a0872853615888631d482c6194d766cecf22116a1d7d58e4f115175771210fb8d5974a9ba9da2ab7f,07/14/2025 06:20:00 PM,1,DRIVER,,2008479,,HYUNDAI,TUCSON,IL,2017,UNKNOWN,PASSENGER,PERSONAL,E,BACKING,,,1,,,,,,,,,Y,Y,Y,,,,,,,REAR,,,,,,,,,,,,,,,,,,,,,,,,,,,,,,,,,
2106816,60f8fcad89e74db70a3014809ef87134568250e3970f164a0872853615888631d482c6194d766cecf22116a1d7d58e4f115175771210fb8d5974a9ba9da2ab7f,07/14/2025 06:20:00 PM,2,DRIVER,,2008472,,SUBARU,IMPREZA,IL,2014,UNKNOWN,PASSENGER,PERSONAL,E,SLOW/STOP IN TRAFFIC,,,1,,,,,Y,,,,,,,,,,Y,Y,,FRONT,,,,,,,,,,,,,,,,,,,,,,,,,,,,,,,,,
2106831,8f86a8115f5e2263600e36e2be3927fa9d37465dd0a6b753579d27af9bfdb05dd18962384c6b83e41f3913bc4df6fe2b3cc8dcddbe15a82a1d166da394bdf74d,07/14/2025 06:12:00 PM,1,DRIVER,,2008490,,HONDA,ACCORD,IL,2021,UNKNOWN,PASSENGER,PERSONAL,S,STRAIGHT AHEAD,,,1,,,,,Y,,,,,,,,,,Y,Y,,FRONT,,,,,,,,,,,,,,,,,,,,,,,,,,,,,,,,,
2106832,8f86a8115f5e2263600e36e2be3927fa9d37465dd0a6b753579d27af9bfdb05dd18962384c6b83e41f3913bc4df6fe2b3cc8dcddbe15a82a1d166da394bdf74d,07/14/2025 06:12:00 PM,2,DRIVER,,2008495,,TOYOTA,CAMRY,IN,2020,UNKNOWN,PASSENGER,PERSONAL,S,STRAIGHT AHEAD,,,1,,,,,,,,,Y,Y,Y,,,,,,,REAR,,,,,,,,,,,,,,,,,,,,,,,,,,,,,,,,,
2106863,47616804fc7dab70b16b585b44b7c249d5001c86b0c5cd41a524199fe7076e3cd8ef43d93bf4ef441a47deb10df4f838b0bec86496af5d7b85c7ba43327842fe,07/14/2025 06:05:00 PM,1,DRIVER,,2008521,,HONDA,CR-V,IL,2005,UNKNOWN,SPORT UTILITY VEHICLE (SUV),UNKNOWN/NA,N,TURNING RIGHT,,,1,,,,,,,,,,,,,,,,,Y,UNKNOWN,,,,,,,,,,,,,,,,,,,,,,,,,,,,,,,,,
2106864,47616804fc7dab70b16b585b44b7c249d5001c86b0c5cd41a524199fe7076e3cd8ef43d93bf4ef441a47deb10df4f838b0bec86496af5d7b85c7ba43327842fe,07/14/2025 06:05:00 PM,2,DRIVER,,2008528,,TOYOTA,COROLLA,IL,2019,NONE,PASSENGER,PERSONAL,E,STRAIGHT AHEAD,,,1,,,,,Y,Y,Y,,,,,,,,,,,SIDE-RIGHT-FRONT,,,,,,,,,,,,,,,,,,,,,,,,,,,,,,,,,
2106980,3feee480fabee4f8c365feabc7474e96778d9c421bdb3f4c206a38018e39818031469b59e15f181061c143418d31293eaaf86fc647e7eb4e30b2914b3f55ee54,07/14/2025 06:00:00 PM,1,DRIVER,,2008634,,FORD,ESCAPE,IL,2011,UNKNOWN,PASSENGER,UNKNOWN/NA,E,STRAIGHT AHEAD,,,1,,,,,,,,,,,,,,,,,Y,SIDE-RIGHT-FRONT,,,,,,,,,,,,,,,,,,,,,,,,,,,,,,,,,
2106981,3feee480fabee4f8c365feabc7474e96778d9c421bdb3f4c206a38018e39818031469b59e15f181061c143418d31293eaaf86fc647e7eb4e30b2914b3f55ee54,07/14/2025 06:00:00 PM,2,DRIVER,1,2008638,,HONDA,CIVIC,IL,2018,NONE,PASSENGER,PERSONAL,E,STRAIGHT AHEAD,,,2,,,,,,,,,,,Y,Y,,,,,,REAR-LEFT-CORNER,,,,,,,,,,,,,,,,,,,,,,,,,,,,,,,,,
2106851,ac6673ae6651fd2b516151ea3341f7ebbfaf9c12d5a15fa6fd0d26e645fd15861af9690322d90932c095d64520b9b9dce479e05bec832b72d3983db1415653ed,07/14/2025 06:00:00 PM,1,DRIVER,,2008536,,CHEVROLET,OTHER (EXPLAIN IN NARRATIVE),IL,2021,UNKNOWN,SPORT UTILITY VEHICLE (SUV),PERSONAL,UNKNOWN,AVOIDING VEHICLES/OBJECTS,,,1,,,,,,,,,,,,,,,Y,,,FRONT-LEFT-CORNER,,,,,,,,,,,,,,,,,,,,,,,,,,,,,,,,,
2106852,ac6673ae6651fd2b516151ea3341f7ebbfaf9c12d5a15fa6fd0d26e645fd15861af9690322d90932c095d64520b9b9dce479e05bec832b72d3983db1415653ed,07/14/2025 06:00:00 PM,2,DRIVER,3,2008520,,HONDA,OTHER (EXPLAIN IN NARRATIVE),IL,2019,UNKNOWN,SPORT UTILITY VEHICLE (SUV),PERSONAL,N,TURNING LEFT,,,4,,,,,Y,,,,,,,,,,,,,FRONT-RIGHT-CORNER,,,,,,,,,,,,,,,,,,,,,,,,,,,,,,,,,
2106849,39090d940531d13ca51181424dc9cd3bd307604c26b9cae7ab98e87432f725da52ba20bd80fb030bb311fe35cef5a0c4888a120331cf194190f2e15b5698d07d,07/14/2025 05:50:00 PM,1,DRIVER,,2008506,,HONDA,INSIGHT,IL,2010,UNKNOWN,UNKNOWN/NA,UNKNOWN/NA,N,UNKNOWN/NA,,,1,,,,,,,,,,,,,,,,Y,,FRONT,,,,,,,,,,,,,,,,,,,,,,,,,,,,,,,,,
2106850,39090d940531d13ca51181424dc9cd3bd307604c26b9cae7ab98e87432f725da52ba20bd80fb030bb311fe35cef5a0c4888a120331cf194190f2e15b5698d07d,07/14/2025 05:50:00 PM,2,DRIVER,1,2008517,,HONDA,CR-V,IL,2004,UNKNOWN,SPORT UTILITY VEHICLE (SUV),UNKNOWN/NA,N,UNKNOWN/NA,,,2,,,,,,,,,,Y,,,,,,,,REAR,,,,,,,,,,,,,,,,,,,,,,,,,,,,,,,,,
2106813,86e5f482444bf577f876de957b05fafd9aeb48a5ec5ad3e93b9a6c608334d61d42548fa52b2b452a92d4a32671b24c9fd6f5d6ca2c2509cba14e7801699c9288,07/14/2025 05:50:00 PM,1,DRIVER,,2008492,,UNKNOWN,OTHER (EXPLAIN IN NARRATIVE),,,UNKNOWN,PASSENGER,UNKNOWN/NA,W,STRAIGHT AHEAD,,,1,,,,,,,,,,,,,,,Y,Y,,FRONT-LEFT-CORNER,,,,,,,,,,,,,,,,,,,,,,,,,,,,,,,,,
2106814,86e5f482444bf577f876de957b05fafd9aeb48a5ec5ad3e93b9a6c608334d61d42548fa52b2b452a92d4a32671b24c9fd6f5d6ca2c2509cba14e7801699c9288,07/14/2025 05:50:00 PM,2,NON-MOTOR VEHICLE,,,,,,,,,,,,,,,,,,,,,,,,,,,,,,,,,,,,,,,,,,,,,,,,,,,,,,,,,,,,,,,,,,
2106845,73117f3b80d440adfc64562f628d30425770105272055de4215c871dd0f25ec81f631d2ccf07e325a3eb8d2493127302ea3f33672a6b29eec36286fa13388ba4,07/14/2025 05:46:00 PM,1,DRIVER,1,2008499,,NISSAN,ALTIMA,IL,2021,NONE,PASSENGER,PERSONAL,N,STRAIGHT AHEAD,Y,,2,,AAA,OWNER'S CHOICE,,Y,Y,Y,Y,Y,,,,,Y,Y,,,SIDE-RIGHT,,,,,,,,,,,,,,,,,,,,,,,,,,,,,,,,,
2106846,73117f3b80d440adfc64562f628d30425770105272055de4215c871dd0f25ec81f631d2ccf07e325a3eb8d2493127302ea3f33672a6b29eec36286fa13388ba4,07/14/2025 05:46:00 PM,2,DRIVER,,2008504,,FORD,F150,IL,2015,NONE,PICKUP,PERSONAL,W,STRAIGHT AHEAD,,,1,,,,,,,,,,,,,,Y,Y,,,FRONT-LEFT-CORNER,,,,,,,,,,,,,,,,,,,,,,,,,,,,,,,,,
2106803,0b76de34b4974d81a3364b302502fba80c9eb4086fc3e9cae5f6f4b3854214a4eb2f25450f4be70440f66a1db5a7804dde14d44d01c9b7db5f489b3b01f6054a,07/14/2025 05:44:00 PM,1,DRIVER,,2008465,,HONDA,ACCORD,,2018,NONE,PASSENGER,PERSONAL,N,STRAIGHT AHEAD,,,1,,,,,N,Y,Y,,,,,,,,,,,SIDE-RIGHT,,,,,,,,,,,,,,,,,,,,,,,,,,,,,,,,,
2106804,0b76de34b4974d81a3364b302502fba80c9eb4086fc3e9cae5f6f4b3854214a4eb2f25450f4be70440f66a1db5a7804dde14d44d01c9b7db5f489b3b01f6054a,07/14/2025 05:44:00 PM,2,DRIVER,,2008468,,NISSAN,ALTIMA,IL,2021,NONE,PASSENGER,PERSONAL,N,PASSING/OVERTAKING,,,1,,,,,,,,,,,,,,Y,Y,,,FRONT-LEFT-CORNER,,,,,,,,,,,,,,,,,,,,,,,,,,,,,,,,,
2106926,171f10a26e652d2fab8bd2dd5afba5766279839de7416c3593b595730992d1b46b3acb3c7d317ce3dc7df5a6c34b4fc06596ac065f5c96cb50d068ffa754e75d,07/14/2025 05:42:00 PM,1,DRIVER,1,2008583,,CHEVROLET,EQUINOX,IL,2010,UNKNOWN,SPORT UTILITY VEHICLE (SUV),UNKNOWN/NA,E,STRAIGHT AHEAD,,,2,,,,,Y,,,,,,,,,,Y,Y,,FRONT,,,,,,,,,,,,,,,,,,,,,,,,,,,,,,,,,
2106927,171f10a26e652d2fab8bd2dd5afba5766279839de7416c3593b595730992d1b46b3acb3c7d317ce3dc7df5a6c34b4fc06596ac065f5c96cb50d068ffa754e75d,07/14/2025 05:42:00 PM,2,DRIVER,,2008587,,TOYOTA,RAV4,IL,2022,NONE,SPORT UTILITY VEHICLE (SUV),PERSONAL,E,STRAIGHT AHEAD,,,1,,,,,,,,,Y,Y,Y,,,,,,,REAR,,,,,,,,,,,,,,,,,,,,,,,,,,,,,,,,,
2106827,95b08d5c01637d07bd4f638c24f79892e71923743a5da26aa681ab3cae9473b68b48214ef236c43cd6471e1fe06c2bd04f5096e68f4599b5a22ab456aad0bd55,07/14/2025 05:38:00 PM,1,DRIVER,,2008494,,UNKNOWN,OTHER (EXPLAIN IN NARRATIVE),IL,,UNKNOWN,SPORT UTILITY VEHICLE (SUV),PERSONAL,S,STRAIGHT AHEAD,,,1,,,,,Y,,,,,,,,,,Y,Y,,FRONT,,,,,,,,,,,,,,,,,,,,,,,,,,,,,,,,,
2106828,95b08d5c01637d07bd4f638c24f79892e71923743a5da26aa681ab3cae9473b68b48214ef236c43cd6471e1fe06c2bd04f5096e68f4599b5a22ab456aad0bd55,07/14/2025 05:38:00 PM,2,DRIVER,,2008501,,HONDA,CR-V,IL,2018,UNKNOWN,SPORT UTILITY VEHICLE (SUV),PERSONAL,E,STRAIGHT AHEAD,,,1,,,,,,,,,,,Y,Y,Y,Y,,,,SIDE-LEFT,,,,,,,,,,,,,,,,,,,,,,,,,,,,,,,,,
2106839,61968a5fcf1afd1d6688174b082e6bf34f4c4eaed7840eff6b86455c45698c4db7049007c5ec6b38fbc61ddc24165566f136076cfb6a6c7132afa19dde1fb2e5,07/14/2025 05:35:00 PM,1,DRIVER,,2008538,,CHEVROLET,VAN,IL,2009,UNKNOWN,VAN/MINI-VAN,PERSONAL,S,STRAIGHT AHEAD,,,1,,,,,Y,,,,,,,,,,Y,Y,,FRONT,,,,,,,,,,,,,,,,,,,,,,,,,,,,,,,,,
2106840,61968a5fcf1afd1d6688174b082e6bf34f4c4eaed7840eff6b86455c45698c4db7049007c5ec6b38fbc61ddc24165566f136076cfb6a6c7132afa19dde1fb2e5,07/14/2025 05:35:00 PM,2,DRIVER,1,2008556,,VOLVO,XC90,IL,2017,UNKNOWN,PASSENGER,PERSONAL,E,STRAIGHT AHEAD,Y,,2,,UNKNOWN,UNKNOWN,,,,,,,,,Y,Y,Y,Y,,,FRONT-LEFT-CORNER,,,,,,,,,,,,,,,,,,,,,,,,,,,,,,,,,
2106785,29128ea103c727f17c3e20bf37ccc2f52a6611d1b6dda78da61e1bf4d8fc611817777cc56f446765c2cf767358dd3ef268064572532bffc2541d0ad512ddd913,07/14/2025 05:30:00 PM,1,DRIVER,,2008441,,UNKNOWN,MOTORIZED,IL,,UNKNOWN,PASSENGER,PERSONAL,E,STRAIGHT AHEAD,,,1,,,,,Y,Y,Y,,,,,,,,,,,SIDE-RIGHT,,,,,,,,,,,,,,,,,,,,,,,,,,,,,,,,,
2106786,29128ea103c727f17c3e20bf37ccc2f52a6611d1b6dda78da61e1bf4d8fc611817777cc56f446765c2cf767358dd3ef268064572532bffc2541d0ad512ddd913,07/14/2025 05:30:00 PM,2,DRIVER,,2008446,,YAMAHA,OTHER (EXPLAIN IN NARRATIVE),IL,2003,UNKNOWN,MOTORCYCLE (OVER 150CC),PERSONAL,E,STRAIGHT AHEAD,,,1,,,,,,,,,,,,,Y,Y,,,,SIDE-LEFT,,,,,,,,,,,,,,,,,,,,,,,,,,,,,,,,,
2106780,4ae4448321d0f6c0105ed672e7fca3148a9851918349b2c8f36b81be60b9bf8bbcddb3371674b5a2d353ca8fbb2496b97283afe0dfd79e5ab5adecda771d6aab,07/14/2025 05:25:00 PM,1,DRIVER,1,2008453,,NISSAN,MURANO,IL,2017,NONE,PASSENGER,PERSONAL,W,STRAIGHT AHEAD,Y,,2,,PRIVATE,,,Y,,,,,,,,,,Y,Y,,FRONT,,,,,,,,,,,,,,,,,,,,,,,,,,,,,,,,,
2106797,e004ef988ddff0d541401b3acd1aa96bb3d610ff0e6aad171dceb6fbd61b481090b7827b3d1714155006f07d13305f6ddaf0c9c696d0cd01c4e53dbced943653,07/14/2025 05:25:00 PM,1,DRIVER,,2008455,,NOVA BUS,LFS,IL,2022,NONE,UNKNOWN/NA,CTA,W,STRAIGHT AHEAD,,,1,,,,,Y,,,,,,,,,,Y,Y,,FRONT,,,,,,,,,,,,,,,,,,,,,,,,,,,,,,,,,