CRASH_UNIT_ID,CRASH_RECORD_ID,CRASH_DATE,UNIT_NO,UNIT_TYPE,NUM_PASSENGERS,VEHICLE_ID,CMRC_VEH_I,MAKE,MODEL,LIC_PLATE_STATE,VEHICLE_YEAR,VEHICLE_DEFECT,VEHICLE_TYPE,VEHICLE_USE,TRAVEL_DIRECTION,MANEUVER,TOWED_I,FIRE_I,OCCUPANT_CNT,EXCEED_SPEED_LIMIT_I,TOWED_BY,TOWED_TO,AREA_00_I,AREA_01_I,AREA_02_I,AREA_03_I,AREA_04_I,AREA_05_I,AREA_06_I,AREA_07_I,AREA_08_I,AREA_09_I,AREA_10_I,AREA_11_I,AREA_12_I,AREA_99_I,FIRST_CONTACT_POINT,CMV_ID,USDOT_NO,CCMC_NO,ILCC_NO,COMMERCIAL_SRC,GVWR,CARRIER_NAME,CARRIER_STATE,CARRIER_CITY,HAZMAT_PLACARDS_I,HAZMAT_NAME,UN_NO,HAZMAT_PRESENT_I,HAZMAT_REPORT_I,HAZMAT_REPORT_NO,MCS_REPORT_I,MCS_REPORT_NO,HAZMAT_VIO_CAUSE_CRASH_I,MCS_VIO_CAUSE_CRASH_I,IDOT_PERMIT_NO,WIDE_LOAD_I,TRAILER1_WIDTH,TRAILER2_WIDTH,TRAILER1_LENGTH,TRAILER2_LENGTH,TOTAL_VEHICLE_LENGTH,AXLE_CNT,VEHICLE_CONFIG,CARGO_BODY_TYPE,LOAD_TYPE,HAZMAT_OUT_OF_SERVICE_I,MCS_OUT_OF_SERVICE_I,HAZMAT_CLASS
2106798,e004ef988ddff0d541401b3acd1aa96bb3d610ff0e6aad171dceb6fbd61b481090b7827b3d1714155006f07d13305f6ddaf0c9c696d0cd01c4e53dbced943653,07/14/2025 05:25:00 PM,2,DRIVER,,2008462,,PONTIAC,GRAND PRIX,IL,2008,UNKNOWN,PASSENGER,PERSONAL,W,STRAIGHT AHEAD,,,1,,,,,,,,,Y,Y,Y,,,,,,,REAR,,,,,,,,,,,,,,,,,,,,,,,,,,,,,,,,,
2106857,af917e61f3c94180081f089fb59e1e10f3c1a8a5aad6f4e3168841fabd42adb27f5ee702500b9a04b7154f0a9e9b276e3bf84a3020a4124f7b0b2574f6153d6a,07/14/2025 05:13:00 PM,1,DRIVER,,2008515,,JEEP,PATRIOT,IL,2015,UNKNOWN,SPORT UTILITY VEHICLE (SUV),PERSONAL,UNKNOWN,BACKING,,,1,,,,,,,,,Y,Y,Y,,,,,,,REAR,,,,,,,,,,,,,,,,,,,,,,,,,,,,,,,,,
2106858,af917e61f3c94180081f089fb59e1e10f3c1a8a5aad6f4e3168841fabd42adb27f5ee702500b9a04b7154f0a9e9b276e3bf84a3020a4124f7b0b2574f6153d6a,07/14/2025 05:13:00 PM,2,DRIVER,,2008518,,TESLA,MODEL Y,IL,2026,NONE,SPORT UTILITY VEHICLE (SUV),PERSONAL,UNKNOWN,SLOW/STOP IN TRAFFIC,,,1,,,,,Y,,,,,,,,,,Y,Y,,FRONT,,,,,,,,,,,,,,,,,,,,,,,,,,,,,,,,,
2106789,ec42f9115c2b51ba8ead2a905f78845f87600074282a12384ce9a731487ef20145955b9fdc9d0d9d9cea1e26b3f427e88e230dbc5c3c2f4404b1f61a762b0ce7,07/14/2025 05:11:00 PM,1,DRIVER,1,2008449,,TOYOTA,COROLLA,IL,2003,UNKNOWN,PASSENGER,UNKNOWN/NA,E,STRAIGHT AHEAD,,,2,,,,,Y,Y,,,,,,,,,,,,SIDE-RIGHT-FRONT,,,,,,,,,,,,,,,,,,,,,,,,,,,,,,,,,
2106790,ec42f9115c2b51ba8ead2a905f78845f87600074282a12384ce9a731487ef20145955b9fdc9d0d9d9cea1e26b3f427e88e230dbc5c3c2f4404b1f61a762b0ce7,07/14/2025 05:11:00 PM,2,DRIVER,,2008457,,NOVA BUS,OTHER (EXPLAIN IN NARRATIVE),IL,2022,UNKNOWN,BUS OVER 15 PASS.,CTA,E,UNKNOWN/NA,,,1,,,,,,,,,,,Y,,,,,,,REAR-LEFT-CORNER,,,,,,,,,,,,,,,,,,,,,,,,,,,,,,,,,
2106903,9a408eb9f4dac3af1b00b250611ad2cf209464f791b7a6adb54c9576c3c5720326c15ec6d5ea5b8b09c2b6a5d957881a31d590e26d352e4db83f36da197ec38d,07/14/2025 05:10:00 PM,1,DRIVER,,2008561,,CHEVROLET,MALIBU,IL,2016,UNKNOWN,PASSENGER,PERSONAL,E,STRAIGHT AHEAD,Y,,1,,PRIVATELY,UNK,,Y,Y,,,,,,,,,,,,FRONT-RIGHT-CORNER,,,,,,,,,,,,,,,,,,,,,,,,,,,,,,,,,
2106904,9a408eb9f4dac3af1b00b250611ad2cf209464f791b7a6adb54c9576c3c5720326c15ec6d5ea5b8b09c2b6a5d957881a31d590e26d352e4db83f36da197ec38d,07/14/2025 05:10:00 PM,2,PARKED,,2008563,,LEXUS,RX350,IL,2011,UNKNOWN,SPORT UTILITY VEHICLE (SUV),PERSONAL,E,PARKED,,,0,,,,,,,,,,,Y,Y,,,,,,REAR-LEFT-CORNER,,,,,,,,,,,,,,,,,,,,,,,,,,,,,,,,,
2106776,75a82c211383db600a0431891fe1664ba78abd0afcb660df9fe6851a44f17619cec14a488e2e916c0fa45d70823af2a9c68cbc43789860e2bf64cb30a3624f31,07/14/2025 05:08:00 PM,1,DRIVER,,2008438,,ACURA,ADX,IL,2018,NONE,PASSENGER,PERSONAL,S,STRAIGHT AHEAD,,,1,,,,,,,,,,Y,,,,,,,,REAR,,,,,,,,,,,,,,,,,,,,,,,,,,,,,,,,,
2106777,75a82c211383db600a0431891fe1664ba78abd0afcb660df9fe6851a44f17619cec14a488e2e916c0fa45d70823af2a9c68cbc43789860e2bf64cb30a3624f31,07/14/2025 05:08:00 PM,2,PARKED,1,2008447,,CHEVROLET,TRAVERSE,IL,2014,NONE,PASSENGER,NOT IN USE,N,PARKED,,,1,,,,,,,,,,Y,,,,,,,,REAR,,,,,,,,,,,,,,,,,,,,,,,,,,,,,,,,,
2106754,af00962213f049cd995de3656d136602457effb5f39ac31cb1df4d71907336eefbba7b7d99f0019cd87d50ca7a55138ca032289366c13ac37b9e3391e3e589b1,07/14/2025 05:06:00 PM,1,DRIVER,,2008405,,SUBARU,FORESTER,IL,2010,NONE,PASSENGER,PERSONAL,S,STRAIGHT AHEAD,,,1,,,,,Y,,,,,,,,,,,,,FRONT-RIGHT-CORNER,,,,,,,,,,,,,,,,,,,,,,,,,,,,,,,,,
2106755,af00962213f049cd995de3656d136602457effb5f39ac31cb1df4d71907336eefbba7b7d99f0019cd87d50ca7a55138ca032289366c13ac37b9e3391e3e589b1,07/14/2025 05:06:00 PM,2,DRIVER,,2008416,,"MACK TRUCKS, INC.","MACK TRUCKS, INC.",IL,2021,NONE,TRUCK - SINGLE UNIT,COMMERCIAL - SINGLE UNIT,S,STRAIGHT AHEAD,,,1,,,,,,,,,,,Y,,,,,,,REAR-LEFT-CORNER,,,,,,,,,,,,,,,,,,,,,,,,,,,,,,,,,
2106901,147b6f251b1c77611a4152b69152f30e349969517cf0f32f9b1830aa2f31adb91a9923ecf21d3e903acdde1fa2e32dfc2e167a341d7a509160955b45dabecc6b,07/14/2025 05:05:00 PM,2,DRIVER,,2008559,,HYUNDAI,TUCSON,IL,2017,UNKNOWN,SPORT UTILITY VEHICLE (SUV),UNKNOWN/NA,S,PASSING/OVERTAKING,,,1,,,,,Y,Y,Y,Y,Y,,,,,,,,,SIDE-RIGHT-FRONT,,,,,,,,,,,,,,,,,,,,,,,,,,,,,,,,,
2106902,147b6f251b1c77611a4152b69152f30e349969517cf0f32f9b1830aa2f31adb91a9923ecf21d3e903acdde1fa2e32dfc2e167a341d7a509160955b45dabecc6b,07/14/2025 05:05:00 PM,1,DRIVER,,2008560,,DODGE,NITRO,IL,2008,UNKNOWN,SPORT UTILITY VEHICLE (SUV),UNKNOWN/NA,S,ENTERING TRAFFIC LANE FROM PARKING,Y,,1,,Private,,,N,N,N,N,N,,,,,Y,Y,Y,,SIDE-LEFT-FRONT,,,,,,,,,,,,,,,,,,,,,,,,,,,,,,,,,
2111412,09829a010d14c701ca8b9a761bdfc213aff044a2c073484ac83a5c5cbb043fc424cfe02b62f5d53f6f07ee35744938d2c961c4b5c1bc6ee1dfbc091dddc07097,07/14/2025 05:00:00 PM,1,DRIVER,,2012836,,SUBARU,FORESTER,IL,2019,UNKNOWN,SPORT UTILITY VEHICLE (SUV),PERSONAL,UNKNOWN,STRAIGHT AHEAD,,,1,,,,,,,,,,,,,,,,Y,,FRONT,,,,,,,,,,,,,,,,,,,,,,,,,,,,,,,,,
2111413,09829a010d14c701ca8b9a761bdfc213aff044a2c073484ac83a5c5cbb043fc424cfe02b62f5d53f6f07ee35744938d2c961c4b5c1bc6ee1dfbc091dddc07097,07/14/2025 05:00:00 PM,2,DRIVER,,2012841,,HONDA,CIVIC,IL,2018,UNKNOWN,PASSENGER,PERSONAL,UNKNOWN,STRAIGHT AHEAD,,,1,,,,,,,,,,Y,,,,,,,,REAR,,,,,,,,,,,,,,,,,,,,,,,,,,,,,,,,,
2106817,1bca589d81f93b52c1a1ea34e092aa4baae7773c4dca00058dde11fb35c9c05a770cc4eedd652f42da23bd270d98b24c6d06606e9e5cc601fb6c50a4eb9110c3,07/14/2025 05:00:00 PM,1,DRIVER,,2008482,,JEEP,GRAND CHEROKEE,IL,2019,NONE,PASSENGER,PERSONAL,S,STRAIGHT AHEAD,,,1,,,,,,,,,,,,,,,,Y,,FRONT,,,,,,,,,,,,,,,,,,,,,,,,,,,,,,,,,
2106818,1bca589d81f93b52c1a1ea34e092aa4baae7773c4dca00058dde11fb35c9c05a770cc4eedd652f42da23bd270d98b24c6d06606e9e5cc601fb6c50a4eb9110c3,07/14/2025 05:00:00 PM,2,DRIVER,,2008478,,HONDA,ODYSSEY,IL,2010,NONE,PASSENGER,PERSONAL,S,STRAIGHT AHEAD,,,1,,,,,,,,,,Y,,,,,,N,,REAR,,,,,,,,,,,,,,,,,,,,,,,,,,,,,,,,,
2108820,5e4570a356cd1617eff3eb81c3d4cbfd47fbf90b67555e52acf420966c4213ca4654a88bed6d2e2b707bedeecdbbf338d74a668d43b2e1eba510d3ba509f806b,07/14/2025 05:00:00 PM,1,DRIVER,,2010376,,FORD,OTHER (EXPLAIN IN NARRATIVE),IL,2007,NONE,UNKNOWN/NA,UNKNOWN/NA,UNKNOWN,BACKING,,,1,,,,Y,,,,,,,,,,,,,Y,UNKNOWN,,,,,,,,,,,,,,,,,,,,,,,,,,,,,,,,,
2108821,5e4570a356cd1617eff3eb81c3d4cbfd47fbf90b67555e52acf420966c4213ca4654a88bed6d2e2b707bedeecdbbf338d74a668d43b2e1eba510d3ba509f806b,07/14/2025 05:00:00 PM,2,PARKED,,2010382,,HONDA,ACCORD,IL,2018,UNKNOWN,VAN/MINI-VAN,PERSONAL,UNKNOWN,PARKED,,,0,,,,,,,,,,Y,Y,Y,,,,,,SIDE-LEFT-REAR,,,,,,,,,,,,,,,,,,,,,,,,,,,,,,,,,
2106764,aea9000695026bf35d7082d9fdd5f294afb7dd3a7cac2e1d82be96b22c590335a926066bd7eb2f8b6f846d7e63813b08ce5bfe14840714bf476bd2dfea12e2ea,07/14/2025 05:00:00 PM,1,DRIVER,,2008422,,UNKNOWN,OTHER (EXPLAIN IN NARRATIVE),IL,2023,NONE,PASSENGER,PERSONAL,E,STRAIGHT AHEAD,,,1,,,,,Y,Y,,,,,,,,,,Y,Y,FRONT-RIGHT-CORNER,,,,,,,,,,,,,,,,,,,,,,,,,,,,,,,,,
2106765,aea9000695026bf35d7082d9fdd5f294afb7dd3a7cac2e1d82be96b22c590335a926066bd7eb2f8b6f846d7e63813b08ce5bfe14840714bf476bd2dfea12e2ea,07/14/2025 05:00:00 PM,2,DRIVER,1,2008430,,FORD,TRANSIT,IL,2018,NONE,VAN/MINI-VAN,PERSONAL,W,TURNING LEFT,,,2,,,,,,,,Y,Y,,,,,,,,Y,REAR-RIGHT-CORNER,,,,,,,,,,,,,,,,,,,,,,,,,,,,,,,,,
2106847,bd637ec221e23d6b4b4109bfdca49331e5ccd3887965624f9b2e070f0a4245a763b7ea6ff1fd67cbbab9ef5b7560ab41fa35215ccf6021363360e06903c0db76,07/14/2025 04:55:00 PM,1,DRIVER,,2008502,,FORD,F100,IL,2004,UNKNOWN,PASSENGER,UNKNOWN/NA,S,MERGING,,,1,,,,,,,,,,,,,,,,,Y,UNKNOWN,,,,,,,,,,,,,,,,,,,,,,,,,,,,,,,,,
2106848,bd637ec221e23d6b4b4109bfdca49331e5ccd3887965624f9b2e070f0a4245a763b7ea6ff1fd67cbbab9ef5b7560ab41fa35215ccf6021363360e06903c0db76,07/14/2025 04:55:00 PM,2,DRIVER,,2008512,,LEXUS,RX,IL,2009,UNKNOWN,PASSENGER,PERSONAL,S,STRAIGHT AHEAD,Y,,1,,owner,,,,,,,,,,,,,Y,,,FRONT-LEFT-CORNER,,,,,,,,,,,,,,,,,,,,,,,,,,,,,,,,,
2107592,d258e4af75242509e342bc6c8eb3086c9a055815fdb0133b33cdbd9efbc6dfa2cfcfa233a38849656acfc423d6a6396fdba1be66a4abf1adac5dc1e5b43471bc,07/14/2025 04:55:00 PM,1,DRIVER,,2009226,,FORD,ESCAPE,IL,2006,UNKNOWN,SPORT UTILITY VEHICLE (SUV),UNKNOWN/NA,N,STRAIGHT AHEAD,,,1,,,,,,,,,,,,,,,,N,Y,FRONT,,,,,,,,,,,,,,,,,,,,,,,,,,,,,,,,,
2107593,d258e4af75242509e342bc6c8eb3086c9a055815fdb0133b33cdbd9efbc6dfa2cfcfa233a38849656acfc423d6a6396fdba1be66a4abf1adac5dc1e5b43471bc,07/14/2025 04:55:00 PM,2,DRIVER,,2009229,,VOLKSWAGEN,TIGUAN,IL,2012,NONE,SPORT UTILITY VEHICLE (SUV),PERSONAL,N,SLOW/STOP IN TRAFFIC,,,1,,,,,,,,,,Y,,,,,,,,REAR,,,,,,,,,,,,,,,,,,,,,,,,,,,,,,,,,
2108854,abc8d26c7446e814b20b7b39d3a9d6e72091f0556367ad919bfc4ba2c92cc4eef90d7cf3d0f0893e04816cedf048ec886dfd558fbb77d43417dfeb62858a0d70,07/14/2025 04:50:00 PM,1,DRIVER,,2010393,,NISSAN,VERSA,IL,2015,NONE,PASSENGER,PERSONAL,SW,TURNING LEFT,,,1,,,,,,,,,,,,,Y,,,,,SIDE-LEFT,,,,,,,,,,,,,,,,,,,,,,,,,,,,,,,,,
2108855,abc8d26c7446e814b20b7b39d3a9d6e72091f0556367ad919bfc4ba2c92cc4eef90d7cf3d0f0893e04816cedf048ec886dfd558fbb77d43417dfeb62858a0d70,07/14/2025 04:50:00 PM,2,DRIVER,,2010399,,NISSAN,ALTIMA,IN,2017,NONE,PASSENGER,PERSONAL,S,SLOW/STOP IN TRAFFIC,,,1,,,,,,,,,Y,,,,,,,,,REAR-RIGHT-CORNER,,,,,,,,,,,,,,,,,,,,,,,,,,,,,,,,,
2107481,c57f20d8ad5f2d9f1cafa85b597bda53d92022cfb88ecb14d9ef8c799ccf2fd9080d4d18582063bd31cb47707dce51eeb87c5494bdae88d3292649a9b6bbd001,07/14/2025 04:50:00 PM,1,DRIVER,,2009116,,HONDA,CIVIC,,2015,UNKNOWN,PASSENGER,PERSONAL,S,STRAIGHT AHEAD,,,1,,,,,,,,,,,,,,,Y,Y,,FRONT-LEFT-CORNER,,,,,,,,,,,,,,,,,,,,,,,,,,,,,,,,,
2107482,c57f20d8ad5f2d9f1cafa85b597bda53d92022cfb88ecb14d9ef8c799ccf2fd9080d4d18582063bd31cb47707dce51eeb87c5494bdae88d3292649a9b6bbd001,07/14/2025 04:50:00 PM,2,DRIVER,,2009123,,BUICK,ENCORE,,2022,UNKNOWN,PASSENGER,PERSONAL,W,STRAIGHT AHEAD,,,1,,,,,Y,Y,Y,,,,,,,,,,,FRONT-RIGHT-CORNER,,,,,,,,,,,,,,,,,,,,,,,,,,,,,,,,,
2106738,ce06095a6fd69077c775c754ca1a29f66a621144e3adf67e352a2e29c2d241fc0e1246b66b7730015121dfb791f822bd7a204598fcbd90ba6833aae9e0818b9f,07/14/2025 04:50:00 PM,1,DRIVER,,2008385,,TESLA,OTHER (EXPLAIN IN NARRATIVE),IL,2024,UNKNOWN,PASSENGER,UNKNOWN/NA,S,ENTERING TRAFFIC LANE FROM PARKING,,,1,,,,,,,,,,,,,,,Y,,,FRONT-LEFT-CORNER,,,,,,,,,,,,,,,,,,,,,,,,,,,,,,,,,
2106739,ce06095a6fd69077c775c754ca1a29f66a621144e3adf67e352a2e29c2d241fc0e1246b66b7730015121dfb791f822bd7a204598fcbd90ba6833aae9e0818b9f,07/14/2025 04:50:00 PM,2,DRIVER,,2008401,,HONDA,CR-V,IL,2013,NONE,SPORT UTILITY VEHICLE (SUV),PERSONAL,S,STRAIGHT AHEAD,,,1,,,,,Y,Y,,,,,,,,,,,,FRONT-RIGHT-CORNER,,,,,,,,,,,,,,,,,,,,,,,,,,,,,,,,,
2127576,6553d2dac68d72af3fd48b8b87f6bef542d716b406935efda8e8000206773bd8596a11684dc19cf4eb9cec7d9af2b4655c809d4b6166f925252db58ea94c7a32,07/14/2025 04:45:00 PM,1,DRIVER,,2028204,,NISSAN,ROGUE,IL,2016,NONE,PASSENGER,PERSONAL,N,STRAIGHT AHEAD,,,1,,,,,,,,,Y,Y,Y,,,,,,,REAR,,,,,,,,,,,,,,,,,,,,,,,,,,,,,,,,,
2127577,6553d2dac68d72af3fd48b8b87f6bef542d716b406935efda8e8000206773bd8596a11684dc19cf4eb9cec7d9af2b4655c809d4b6166f925252db58ea94c7a32,07/14/2025 04:45:00 PM,2,DRIVER,,2028205,,HONDA,CIVIC,IL,2016,NONE,PASSENGER,PERSONAL,N,STRAIGHT AHEAD,,,1,,,,,Y,,,,,,,,,,Y,Y,,FRONT,,,,,,,,,,,,,,,,,,,,,,,,,,,,,,,,,
2106704,692c18f49d628c9378db50998cfe5d7a169d5b23949e620c1ce9ad8a8923bc0b74ffe38a3479fbff7862e558dc0226d8b5d35c608c44512dd563bcc33c214ddf,07/14/2025 04:45:00 PM,1,DRIVER,,2008369,,HONDA,CR-V,IL,2008,UNKNOWN,PASSENGER,PERSONAL,N,STRAIGHT AHEAD,,,1,,,,,Y,,,,,,,,,,Y,Y,,FRONT,,,,,,,,,,,,,,,,,,,,,,,,,,,,,,,,,
2106705,692c18f49d628c9378db50998cfe5d7a169d5b23949e620c1ce9ad8a8923bc0b74ffe38a3479fbff7862e558dc0226d8b5d35c608c44512dd563bcc33c214ddf,07/14/2025 04:45:00 PM,2,DRIVER,,2008362,,CHEVROLET,IMPALA,IL,2016,NONE,PICKUP,PERSONAL,UNKNOWN,STRAIGHT AHEAD,,,1,,,,,,,,,Y,Y,Y,,,,,,,REAR,,,,,,,,,,,,,,,,,,,,,,,,,,,,,,,,,
2122799,b966d4b08e9dad6c6bf8d2f834e8cdd5fd64588babfb26f23b8728b0487bf61a5a78d90b965e4ef457dd9c4a13d5ca1efc9d59ab95cd88c95389175e31ef194b,07/14/2025 04:45:00 PM,1,DRIVER,,2023676,,TOYOTA,4RUNNER,IL,2015,NONE,SPORT UTILITY VEHICLE (SUV),PERSONAL,W,STRAIGHT AHEAD,N,,1,,,,,N,N,N,,,Y,Y,Y,,,,N,,SIDE-LEFT-REAR,,,,,,,,,,,,,,,,,,,,,,,,,,,,,,,,,
2122800,b966d4b08e9dad6c6bf8d2f834e8cdd5fd64588babfb26f23b8728b0487bf61a5a78d90b965e4ef457dd9c4a13d5ca1efc9d59ab95cd88c95389175e31ef194b,07/14/2025 04:45:00 PM,2,DRIVER,,2023677,,TOYOTA,RAV4,IL,2020,NONE,SPORT UTILITY VEHICLE (SUV),PERSONAL,S,STRAIGHT AHEAD,Y,,1,,PRIVATE TOW,UNKNOWN AUTO REPAIR SHOP.,,N,,,,,,,,Y,Y,Y,Y,,FRONT,,,,,,,,,,,,,,,,,,,,,,,,,,,,,,,,,
2111498,7c80c107949528c4c203d96db444d019119a563b32ed46f86f17cde0cf6f58e9ad1be52b2fc1ccd5f0b97fb9bc22f457e5a10619e5638c3580e83703ec4c35fe,07/14/2025 04:40:00 PM,1,DRIVER,,2012898,,VOLKSWAGEN,OTHER (EXPLAIN IN NARRATIVE),IL,2010,UNKNOWN,PASSENGER,UNKNOWN/NA,W,PASSING/OVERTAKING,,,1,,,,,,,N,N,N,,,,,,,,Y,SIDE-RIGHT-FRONT,,,,,,,,,,,,,,,,,,,,,,,,,,,,,,,,,
2111499,7c80c107949528c4c203d96db444d019119a563b32ed46f86f17cde0cf6f58e9ad1be52b2fc1ccd5f0b97fb9bc22f457e5a10619e5638c3580e83703ec4c35fe,07/14/2025 04:40:00 PM,2,DRIVER,1,2012899,,CHEVROLET,EQUINOX,IL,2019,NONE,PASSENGER,PERSONAL,SW,TURNING LEFT,,,2,,,,,,,,,,,,,,Y,Y,,,SIDE-LEFT,,,,,,,,,,,,,,,,,,,,,,,,,,,,,,,,,
2106867,9ce9db2c9ccce8ed1ddf36699a46ca34d3b885cc81d780d0ae1b34e2802ff3dcb016b0113d00319c0ae12da3c6fba47d3d022ca0c830fdc2dccb49e8869b18bc,07/14/2025 04:40:00 PM,1,DRIVER,,2008523,,NISSAN,ROGUE,IL,2021,NONE,PASSENGER,PERSONAL,N,STRAIGHT AHEAD,,,1,,,,,Y,,,,,,,,,,Y,Y,,FRONT,,,,,,,,,,,,,,,,,,,,,,,,,,,,,,,,,
2106868,9ce9db2c9ccce8ed1ddf36699a46ca34d3b885cc81d780d0ae1b34e2802ff3dcb016b0113d00319c0ae12da3c6fba47d3d022ca0c830fdc2dccb49e8869b18bc,07/14/2025 04:40:00 PM,2,DRIVER,,2008530,,TOYOTA,COROLLA,IL,2018,NONE,PASSENGER,PERSONAL,N,STRAIGHT AHEAD,,,1,,,,,,,,,Y,Y,Y,,,,,,,REAR,,,,,,,,,,,,,,,,,,,,,,,,,,,,,,,,,
2106783,f7a1d1698e0396856ff67a4df3da1d8eb4341b7858fa9f5e37c84910b17aaa9b797b47ac2c5c14dda5c9298fd9080124f98b9100f48e680061f1c0a3991c27ed,07/14/2025 04:40:00 PM,1,DRIVER,,2008456,,UNKNOWN,ULTRALIGHT,,,UNKNOWN,UNKNOWN/NA,UNKNOWN/NA,UNKNOWN,UNKNOWN/NA,,,1,,,,,,,,,,,,,,,,,,UNKNOWN,,,,,,,,,,,,,,,,,,,,,,,,,,,,,,,,,
2106784,f7a1d1698e0396856ff67a4df3da1d8eb4341b7858fa9f5e37c84910b17aaa9b797b47ac2c5c14dda5c9298fd9080124f98b9100f48e680061f1c0a3991c27ed,07/14/2025 04:40:00 PM,2,PARKED,,2008440,,CHEVROLET,EQUINOX,IL,2020,NONE,PASSENGER,PERSONAL,N,PARKED,,,0,,,,,,,,,,,,N,,Y,,,,SIDE-LEFT,,,,,,,,,,,,,,,,,,,,,,,,,,,,,,,,,
2106762,eb705a9f250dca01f7280e7873fc9c8a34b8e558e16b9abf6eacbb74533508eb152451124605418c31d4cfeeac9bdd5e2a0351b286ec25f77e52b61928f9e61f,07/14/2025 04:35:00 PM,1,DRIVER,1,2008425,,CHEVROLET,MALIBU,IL,2015,NONE,PASSENGER,PERSONAL,S,UNKNOWN/NA,,,2,,,,,Y,,,,,,,,,,Y,Y,,FRONT,,,,,,,,,,,,,,,,,,,,,,,,,,,,,,,,,
2106763,eb705a9f250dca01f7280e7873fc9c8a34b8e558e16b9abf6eacbb74533508eb152451124605418c31d4cfeeac9bdd5e2a0351b286ec25f77e52b61928f9e61f,07/14/2025 04:35:00 PM,2,DRIVER,,2008445,,CHEVROLET,IMPALA,IL,2012,NONE,PASSENGER,COMMERCIAL - SINGLE UNIT,S,UNKNOWN/NA,,,1,,,,,,,,,,Y,Y,,,,,,,REAR,,,,,,,,,,,,,,,,,,,,,,,,,,,,,,,,,
2109075,1f8ed74a9890bf38d418d2d41a84d7f69729ef8dbdc66a0af9a965b3e15e73ec515e823c8a53045321634d0f9ae3ec4bfd880539c6bb8e3ce134fd3407af58cf,07/14/2025 04:30:00 PM,1,DRIVER,,2010610,,UNKNOWN,MOTORIZED,IL,,UNKNOWN,OTHER,UNKNOWN/NA,UNKNOWN,UNKNOWN/NA,,,1,,,,,,,,,,,,,,,,,Y,UNKNOWN,,,,,,,,,,,,,,,,,,,,,,,,,,,,,,,,,
2109076,1f8ed74a9890bf38d418d2d41a84d7f69729ef8dbdc66a0af9a965b3e15e73ec515e823c8a53045321634d0f9ae3ec4bfd880539c6bb8e3ce134fd3407af58cf,07/14/2025 04:30:00 PM,2,PARKED,,2010628,,FORD,EDGE,IL,2018,NONE,PASSENGER,PERSONAL,UNKNOWN,PARKED,,,0,,,,,,,,,,Y,Y,,,,,,,SIDE-LEFT-REAR,,,,,,,,,,,,,,,,,,,,,,,,,,,,,,,,,
2120086,29ace73da6e9667de1e52a3e7c039f8a41144e60da7f083cb0c8d0426debba63875750263e0410931972dcefd7fcbc51d14f3c9f9cbe7e8b7f342b7909230736,07/14/2025 04:30:00 PM,1,DRIVER,,2021069,,UNKNOWN,OTHER (EXPLAIN IN NARRATIVE),IL,,UNKNOWN,PASSENGER,PERSONAL,W,STRAIGHT AHEAD,,,1,,,,,,,,,,,,,,,,,Y,UNKNOWN,,,,,,,,,,,,,,,,,,,,,,,,,,,,,,,,,
2120087,29ace73da6e9667de1e52a3e7c039f8a41144e60da7f083cb0c8d0426debba63875750263e0410931972dcefd7fcbc51d14f3c9f9cbe7e8b7f342b7909230736,07/14/2025 04:30:00 PM,2,DRIVER,2,2021070,,MITSUBISHI,MIRAGE,IL,2021,UNKNOWN,PASSENGER,PERSONAL,SW,STRAIGHT AHEAD,,,3,,,,,Y,Y,,,,,,,,,,,,FRONT-RIGHT-CORNER,,,,,,,,,,,,,,,,,,,,,,,,,,,,,,,,,
2106770,455c4a96761a0d2f70f199ee8e9e4c0d8b999123eb89bc5c6e9a5fc425308934ff3fe5f684ec17861e0962bb0c1d6f9e59defbd2c4e11fb7675d65e8cebc6b03,07/14/2025 04:30:00 PM,1,DRIVER,,2008423,,DODGE,RAM PROMASTER,IL,2021,NONE,VAN/MINI-VAN,STATE OWNED,W,BACKING,,,1,,,,,,,,,,Y,,,,,,,,REAR,,,,,,,,,,,,,,,,,,,,,,,,,,,,,,,,,
2106771,455c4a96761a0d2f70f199ee8e9e4c0d8b999123eb89bc5c6e9a5fc425308934ff3fe5f684ec17861e0962bb0c1d6f9e59defbd2c4e11fb7675d65e8cebc6b03,07/14/2025 04:30:00 PM,2,DRIVER,,2008429,,NISSAN,ROGUE,IL,2023,NONE,PASSENGER,PERSONAL,E,SLOW/STOP IN TRAFFIC,,,1,,,,,,,,,,,,,,,,Y,,FRONT,,,,,,,,,,,,,,,,,,,,,,,,,,,,,,,,,
2106823,fce05d89c2531e14bfd9bb02fe0bbb6dde2d89dc5b7f31cb29ae10d9f5f145cfd1ec5364336fd95f94757c9be5211eb4792cabaf6773579e1068d21b191822f7,07/14/2025 04:20:00 PM,1,DRIVER,,2008489,,UNKNOWN,MOTORIZED,,,UNKNOWN,PASSENGER,PERSONAL,UNKNOWN,STRAIGHT AHEAD,,,1,,,,,Y,,,,,,,,,,Y,Y,,FRONT,,,,,,,,,,,,,,,,,,,,,,,,,,,,,,,,,
2106824,fce05d89c2531e14bfd9bb02fe0bbb6dde2d89dc5b7f31cb29ae10d9f5f145cfd1ec5364336fd95f94757c9be5211eb4792cabaf6773579e1068d21b191822f7,07/14/2025 04:20:00 PM,2,DRIVER,,2008497,,TOYOTA,CAMRY,WI,2022,UNKNOWN,PASSENGER,PERSONAL,UNKNOWN,STRAIGHT AHEAD,,,1,,,,,,,,,,,Y,,,,,,,SIDE-LEFT-REAR,,,,,,,,,,,,,,,,,,,,,,,,,,,,,,,,,