CRASH_UNIT_ID,CRASH_RECORD_ID,CRASH_DATE,UNIT_NO,UNIT_TYPE,NUM_PASSENGERS,VEHICLE_ID,CMRC_VEH_I,MAKE,MODEL,LIC_PLATE_STATE,VEHICLE_YEAR,VEHICLE_DEFECT,VEHICLE_TYPE,VEHICLE_USE,TRAVEL_DIRECTION,MANEUVER,TOWED_I,FIRE_I,OCCUPANT_CNT,EXCEED_SPEED_LIMIT_I,TOWED_BY,TOWED_TO,AREA_00_I,AREA_01_I,AREA_02_I,AREA_03_I,AREA_04_I,AREA_05_I,AREA_06_I,AREA_07_I,AREA_08_I,AREA_09_I,AREA_10_I,AREA_11_I,AREA_12_I,AREA_99_I,FIRST_CONTACT_POINT,CMV_ID,USDOT_NO,CCMC_NO,ILCC_NO,COMMERCIAL_SRC,GVWR,CARRIER_NAME,CARRIER_STATE,CARRIER_CITY,HAZMAT_PLACARDS_I,HAZMAT_NAME,UN_NO,HAZMAT_PRESENT_I,HAZMAT_REPORT_I,HAZMAT_REPORT_NO,MCS_REPORT_I,MCS_REPORT_NO,HAZMAT_VIO_CAUSE_CRASH_I,MCS_VIO_CAUSE_CRASH_I,IDOT_PERMIT_NO,WIDE_LOAD_I,TRAILER1_WIDTH,TRAILER2_WIDTH,TRAILER1_LENGTH,TRAILER2_LENGTH,TOTAL_VEHICLE_LENGTH,AXLE_CNT,VEHICLE_CONFIG,CARGO_BODY_TYPE,LOAD_TYPE,HAZMAT_OUT_OF_SERVICE_I,MCS_OUT_OF_SERVICE_I,HAZMAT_CLASS
2106795,dc802094095edac745f08d57f05cd0a480087fd591ff8b07d815c1e8619a1b42c96ec3bb3e3c54b0a710c2e2302794408ac5e65fe14088b0c7419fb7b483d8f5,07/14/2025 04:18:00 PM,1,DRIVER,1,2008452,,LEXUS,ES,IL,2008,UNKNOWN,PASSENGER,PERSONAL,E,TURNING RIGHT,N,,2,,,,,,,,,,,Y,Y,Y,Y,Y,,,UNKNOWN,,,,,,,,,,,,,,,,,,,,,,,,,,,,,,,,,
2106796,dc802094095edac745f08d57f05cd0a480087fd591ff8b07d815c1e8619a1b42c96ec3bb3e3c54b0a710c2e2302794408ac5e65fe14088b0c7419fb7b483d8f5,07/14/2025 04:18:00 PM,2,DRIVER,,2008460,,BUICK,ENCORE,IL,2022,UNKNOWN,PASSENGER,PERSONAL,S,STRAIGHT AHEAD,,,1,,,,,Y,Y,,,,,,,,,,Y,,UNKNOWN,,,,,,,,,,,,,,,,,,,,,,,,,,,,,,,,,
2106805,fe0f4db92997bfca7491083009ce51aae2736e3da0cc4cb7dab615d430622dac4bc10548eb2ecebcd38f136e5a8a2bba5ab0e018ce03d7f9390273011c405668,07/14/2025 04:15:00 PM,1,DRIVER,,2008469,,LINCOLN,MKZ,IL,2014,NONE,PASSENGER,PERSONAL,S,STRAIGHT AHEAD,,,1,,,,,,,,,,,Y,Y,,,,,,SIDE-LEFT-REAR,,,,,,,,,,,,,,,,,,,,,,,,,,,,,,,,,
2106806,fe0f4db92997bfca7491083009ce51aae2736e3da0cc4cb7dab615d430622dac4bc10548eb2ecebcd38f136e5a8a2bba5ab0e018ce03d7f9390273011c405668,07/14/2025 04:15:00 PM,2,DRIVER,,2008483,,"MACK TRUCKS, INC.","MACK TRUCKS, INC.",IL,2020,NONE,TRUCK - SINGLE UNIT,CONSTRUCTION/MAINTENANCE,S,STRAIGHT AHEAD,,,1,,,,,,,,Y,Y,,,,,,,,,SIDE-RIGHT-REAR,,,,,,,,,,,,,,,,,,,,,,,,,,,,,,,,,
2106744,a6fcf42403ced4fd1e4bab36a32dff690e8b15232d71899e6cfd978f68366cbae58292fa25a695cae1e10964d68dd2c7a6aebffde32f8579bc688dd042c04343,07/14/2025 04:12:00 PM,1,DRIVER,,2008414,,CHEVROLET,EQUINOX,IL,2010,UNKNOWN,PASSENGER,PERSONAL,S,STRAIGHT AHEAD,,,1,,,,,Y,Y,,,,N,N,N,N,Y,Y,Y,,FRONT,,,,,,,,,,,,,,,,,,,,,,,,,,,,,,,,,
2106745,a6fcf42403ced4fd1e4bab36a32dff690e8b15232d71899e6cfd978f68366cbae58292fa25a695cae1e10964d68dd2c7a6aebffde32f8579bc688dd042c04343,07/14/2025 04:12:00 PM,2,DRIVER,,2008424,,FORD,SUPER DUTY,IL,2023,UNKNOWN,PICKUP,OTHER,S,STRAIGHT AHEAD,,,1,,,,,,,,,,Y,Y,Y,Y,,,,,REAR-LEFT-CORNER,,,,,,,,,,,,,,,,,,,,,,,,,,,,,,,,,
2106682,0489f19615b5a1fd05dff5bb6a13bcfea59c092eb303c7629a104e584b007df7e1294708a49d313c7f7321b9a1b65e37e496e89efff5e8ad2b62c26ff2d124d3,07/14/2025 04:08:00 PM,1,DRIVER,,2008349,,VOLKSWAGEN,GTI,IL,2015,UNKNOWN,PASSENGER,PERSONAL,S,TURNING LEFT,Y,,1,,UNK,UNK,,,,Y,Y,Y,Y,,,,,,,,REAR-RIGHT-CORNER,,,,,,,,,,,,,,,,,,,,,,,,,,,,,,,,,
2106683,0489f19615b5a1fd05dff5bb6a13bcfea59c092eb303c7629a104e584b007df7e1294708a49d313c7f7321b9a1b65e37e496e89efff5e8ad2b62c26ff2d124d3,07/14/2025 04:08:00 PM,2,DRIVER,,2008376,,NISSAN,MAXIMA,IL,2012,UNKNOWN,PASSENGER,PERSONAL,N,STRAIGHT AHEAD,,,1,,,,,Y,,,,,,,,,,Y,Y,,FRONT,,,,,,,,,,,,,,,,,,,,,,,,,,,,,,,,,
2107171,413145b398c6be9b7a7cc314d5b826eb698e8a2275bf309ac084a846a449eccc3f6fb469d2c988a6a9d93e0048dbf6b66cff07aa3ee067ee72b21469c5142b51,07/14/2025 04:00:00 PM,1,DRIVER,,2008814,,CHEVROLET,TRAVERSE,IL,2019,UNKNOWN,PASSENGER,PERSONAL,SE,STRAIGHT AHEAD,,,1,,,,,Y,Y,Y,Y,,,,,,,,,,SIDE-RIGHT,,,,,,,,,,,,,,,,,,,,,,,,,,,,,,,,,
2107172,413145b398c6be9b7a7cc314d5b826eb698e8a2275bf309ac084a846a449eccc3f6fb469d2c988a6a9d93e0048dbf6b66cff07aa3ee067ee72b21469c5142b51,07/14/2025 04:00:00 PM,2,PARKED,,2008819,,MERCEDES-BENZ,GLA,IL,2016,UNKNOWN,PASSENGER,NOT IN USE,S,PARKED,,,0,,,,,,,,,,,,,Y,Y,Y,,,SIDE-LEFT,,,,,,,,,,,,,,,,,,,,,,,,,,,,,,,,,
2106750,4bff2e7e77f0bbc23aeb314a71355180a711252070151538878b8fcc2a2b39f4a6b8326a1b9babac2de011d192fbde5dc1e1c706ab98a57db4fd9c3d153438af,07/14/2025 04:00:00 PM,1,DRIVER,,2008398,,JEEP,WRANGLER,FL,2024,UNKNOWN,SPORT UTILITY VEHICLE (SUV),UNKNOWN/NA,UNKNOWN,UNKNOWN/NA,,,1,,,,,,,,,,,,,,,,,Y,FRONT,,,,,,,,,,,,,,,,,,,,,,,,,,,,,,,,,
2106751,4bff2e7e77f0bbc23aeb314a71355180a711252070151538878b8fcc2a2b39f4a6b8326a1b9babac2de011d192fbde5dc1e1c706ab98a57db4fd9c3d153438af,07/14/2025 04:00:00 PM,2,DRIVER,,2008419,,TOYOTA,COROLLA,IL,2017,UNKNOWN,PASSENGER,UNKNOWN/NA,UNKNOWN,UNKNOWN/NA,,,1,,,,,,,,,Y,Y,Y,,,,,,,REAR,,,,,,,,,,,,,,,,,,,,,,,,,,,,,,,,,
2110728,664229fad5c83eb93a695b2631f111ee62df09eb3a79b6a8989ed940b4c86b799aec6ef34d2929664e76c8a886719cf7b9ed7488e5801acda3a79454d756fce9,07/14/2025 04:00:00 PM,1,DRIVER,,2012188,,JEEP,GRAND CHEROKEE,WI,2016,UNKNOWN,PASSENGER,UNKNOWN/NA,UNKNOWN,UNKNOWN/NA,,,1,,,,,,,,,,,,,,,,,Y,UNKNOWN,,,,,,,,,,,,,,,,,,,,,,,,,,,,,,,,,
2110729,664229fad5c83eb93a695b2631f111ee62df09eb3a79b6a8989ed940b4c86b799aec6ef34d2929664e76c8a886719cf7b9ed7488e5801acda3a79454d756fce9,07/14/2025 04:00:00 PM,2,PARKED,,2012200,,CHEVROLET,CAMARO,,2017,UNKNOWN,PASSENGER,PERSONAL,W,PARKED,,,0,,,,,,,,,,,,,,,,Y,,FRONT,,,,,,,,,,,,,,,,,,,,,,,,,,,,,,,,,
2106700,7dfa19b03a647c7e88f0b8ce9304043baa9573d704a548f79c43965ee59da1d9315117708ebb5249ed88413892739ab5771507d47adbabd3e079e7c79993a858,07/14/2025 04:00:00 PM,1,DRIVER,,2008352,,GENERAL MOTORS CORPORATION (GMC),SIERRA,IL,2022,NONE,TRUCK - SINGLE UNIT,PERSONAL,W,STRAIGHT AHEAD,,,1,,,,,,,,,,,,,,,,Y,,FRONT,,,,,,,,,,,,,,,,,,,,,,,,,,,,,,,,,
2106701,7dfa19b03a647c7e88f0b8ce9304043baa9573d704a548f79c43965ee59da1d9315117708ebb5249ed88413892739ab5771507d47adbabd3e079e7c79993a858,07/14/2025 04:00:00 PM,2,DRIVER,,2008357,,GENERAL MOTORS CORPORATION (GMC),SIERRA,FL,2022,NONE,TRUCK - SINGLE UNIT,PERSONAL,W,SLOW/STOP IN TRAFFIC,,,1,,,,,,,,,,Y,,,,,,,,REAR,,,,,,,,,,,,,,,,,,,,,,,,,,,,,,,,,
2106690,9696831148ee29b499e29ac64e71370d2e055d3e87c64b7371054d3f1b25513290a12e7c4891eb41fd7b1ad8c9256d2c08b69d69bc88d3814647d7cd72a2f649,07/14/2025 04:00:00 PM,1,DRIVER,,2008358,,KIA,OPTIMA / K5,IL,2022,NONE,PASSENGER,PERSONAL,W,STRAIGHT AHEAD,,,1,,,,,Y,Y,,,,,,,,,,,,SIDE-RIGHT,,,,,,,,,,,,,,,,,,,,,,,,,,,,,,,,,
2106691,9696831148ee29b499e29ac64e71370d2e055d3e87c64b7371054d3f1b25513290a12e7c4891eb41fd7b1ad8c9256d2c08b69d69bc88d3814647d7cd72a2f649,07/14/2025 04:00:00 PM,2,DRIVER,,2008363,,FORD,EDGE,IL,2013,UNKNOWN,PASSENGER,UNKNOWN/NA,W,STRAIGHT AHEAD,,,1,,,,,,,,,,,,,Y,Y,Y,,,SIDE-LEFT,,,,,,,,,,,,,,,,,,,,,,,,,,,,,,,,,
2106853,a1ef68eb468bbfca0145c9d5f951cbf4ad95a90100da73b01804a5f803353b69649d9aa5071c0914942fa919f0586cc995e9e5e42903c642c0c0a6180e3c066f,07/14/2025 04:00:00 PM,1,DRIVER,,2008507,,FORD,FUSION,IL,2010,NONE,PASSENGER,PERSONAL,E,STRAIGHT AHEAD,,,1,,,,,Y,,,,,,,,,N,Y,Y,,FRONT-LEFT-CORNER,,,,,,,,,,,,,,,,,,,,,,,,,,,,,,,,,
2106854,a1ef68eb468bbfca0145c9d5f951cbf4ad95a90100da73b01804a5f803353b69649d9aa5071c0914942fa919f0586cc995e9e5e42903c642c0c0a6180e3c066f,07/14/2025 04:00:00 PM,2,DRIVER,,2008516,,NISSAN,ROGUE,IL,2023,NONE,PASSENGER,PERSONAL,SE,STRAIGHT AHEAD,,,1,,,,,Y,Y,,,,,,,,,,Y,,FRONT-RIGHT-CORNER,,,,,,,,,,,,,,,,,,,,,,,,,,,,,,,,,
2106844,a60cc5245a1358dde0765c7fa513be0ad5a53f7e1fde08d93c35a175302e728d77e15a38da256eb37fd913a9e6937f24f93b67d5d9c87880c31ebbf64add0e38,07/14/2025 04:00:00 PM,1,DRIVER,,2008498,,UNKNOWN,OTHER (EXPLAIN IN NARRATIVE),IL,,UNKNOWN,UNKNOWN/NA,UNKNOWN/NA,UNKNOWN,UNKNOWN/NA,,,1,,,,,,,,,,,,,,,,,Y,UNKNOWN,,,,,,,,,,,,,,,,,,,,,,,,,,,,,,,,,
2107406,ec8573450e72ac096dfd83621ec5346fd0664407b974071ba57506dd1eb98b391d5dd24d7f8244c6c3d1b6f4b902ed79db263ddccdc33ef5ce8bcbbdaafcb38e,07/14/2025 04:00:00 PM,1,DRIVER,,2009071,,ACURA,ADX,IL,2006,UNKNOWN,PASSENGER,PERSONAL,W,STRAIGHT AHEAD,,,1,,,,,N,,,,,,,,,,N,Y,,FRONT,,,,,,,,,,,,,,,,,,,,,,,,,,,,,,,,,
2107407,ec8573450e72ac096dfd83621ec5346fd0664407b974071ba57506dd1eb98b391d5dd24d7f8244c6c3d1b6f4b902ed79db263ddccdc33ef5ce8bcbbdaafcb38e,07/14/2025 04:00:00 PM,2,DRIVER,,2009090,,SUBARU,OUTBACK,IL,2025,UNKNOWN,PASSENGER,PERSONAL,W,SLOW/STOP IN TRAFFIC,,,1,,,,,,,,,Y,Y,Y,,,,,,,REAR,,,,,,,,,,,,,,,,,,,,,,,,,,,,,,,,,
2106730,cfad9678269aaf3230240bc559f1b39f540d8a4a8fa856a88accec6718841dae34e3ddbcf849e3053aad5ebbb3d902ac239686a479a66a832ed2ae8005e3c03d,07/14/2025 03:57:00 PM,1,DRIVER,1,2008387,,INFINITI,Q50,IL,2014,UNKNOWN,PASSENGER,PERSONAL,W,BACKING,,,2,,,,,,,,Y,Y,Y,,,,,,,,REAR,,,,,,,,,,,,,,,,,,,,,,,,,,,,,,,,,
2106731,cfad9678269aaf3230240bc559f1b39f540d8a4a8fa856a88accec6718841dae34e3ddbcf849e3053aad5ebbb3d902ac239686a479a66a832ed2ae8005e3c03d,07/14/2025 03:57:00 PM,2,DRIVER,,2008400,,SUBARU,FORESTER,IL,2011,UNKNOWN,PASSENGER,PERSONAL,E,STRAIGHT AHEAD,,,1,,,,,,,,,,Y,Y,Y,Y,,,,,SIDE-LEFT-REAR,,,,,,,,,,,,,,,,,,,,,,,,,,,,,,,,,
2107955,8d1e2dfd247193aa95f68c4b54df25daf71adae387c0a3860fe8e7948ee9b4afcbcdeced26d21640661ae53f71c0496125de9e811d3d787835789cd5665e02fd,07/14/2025 03:55:00 PM,1,DRIVER,,2009577,,HYUNDAI,TUCSON,IL,2020,UNKNOWN,SPORT UTILITY VEHICLE (SUV),UNKNOWN/NA,SW,TURNING RIGHT,,,1,,,,,,,N,Y,Y,,,,,,,,,SIDE-RIGHT,,,,,,,,,,,,,,,,,,,,,,,,,,,,,,,,,
2107956,8d1e2dfd247193aa95f68c4b54df25daf71adae387c0a3860fe8e7948ee9b4afcbcdeced26d21640661ae53f71c0496125de9e811d3d787835789cd5665e02fd,07/14/2025 03:55:00 PM,2,DRIVER,,2009591,,DODGE,DURANGO,IL,2017,UNKNOWN,SPORT UTILITY VEHICLE (SUV),UNKNOWN/NA,SW,TURNING RIGHT,,,1,,,,,,,,,,,,,,,Y,,,FRONT-LEFT-CORNER,,,,,,,,,,,,,,,,,,,,,,,,,,,,,,,,,
2106686,fda1029def05b2ba32fffaf954acf513e73f28ab1979b6f66b5e93a19b090dfa54af5d8f98a570afc89e19138cc5e228b3a6007303aaa4b3e1785aec3ba5f74e,07/14/2025 03:55:00 PM,1,DRIVER,,2008350,,UNKNOWN,OTHER (EXPLAIN IN NARRATIVE),IL,,UNKNOWN,OTHER,UNKNOWN/NA,W,TURNING RIGHT,,,1,,,,,,,,,,,,,,,,,Y,SIDE-LEFT,,,,,,,,,,,,,,,,,,,,,,,,,,,,,,,,,
2106687,fda1029def05b2ba32fffaf954acf513e73f28ab1979b6f66b5e93a19b090dfa54af5d8f98a570afc89e19138cc5e228b3a6007303aaa4b3e1785aec3ba5f74e,07/14/2025 03:55:00 PM,2,DRIVER,,2008364,,BLUEBIRD INTERNATIONAL,OTHER (EXPLAIN IN NARRATIVE),IL,2021,UNKNOWN,TRACTOR W/ SEMI-TRAILER,OTHER,W,TURNING RIGHT,,,1,,,,,,Y,,,,,,,,,,,,SIDE-RIGHT,,,,,,,,,,,,,,,,,,,,,,,,,,,,,,,,,
2106710,4275143a0397aeef11741ebea7e1c2b8fac86f86552fe46f068e11336683621f1f10401c0bb9e854bc323dcdb94d56a5c4ca42092c6ce37ce1a5a515cdbd4f4d,07/14/2025 03:54:00 PM,1,DRIVER,,2008394,,DODGE,RAM PROMASTER,IL,2015,NONE,PASSENGER,PERSONAL,S,STRAIGHT AHEAD,,,1,,,,,Y,,,,,,,,,,Y,Y,,FRONT,,,,,,,,,,,,,,,,,,,,,,,,,,,,,,,,,
2106711,4275143a0397aeef11741ebea7e1c2b8fac86f86552fe46f068e11336683621f1f10401c0bb9e854bc323dcdb94d56a5c4ca42092c6ce37ce1a5a515cdbd4f4d,07/14/2025 03:54:00 PM,2,DRIVER,,2008404,,BMW,OTHER (EXPLAIN IN NARRATIVE),,2024,NONE,PASSENGER,PERSONAL,S,STRAIGHT AHEAD,,,1,,,,,,,,,Y,Y,Y,,,,,,,REAR,,,,,,,,,,,,,,,,,,,,,,,,,,,,,,,,,
2106698,b37f78bfb2115f8acc69159e0f09261a3d3becb1de54ecf7ff13f8d78adc6d9e6b1794846b9351021c3fbc90978e60c7386f2ad753d7279261ca787a2188721c,07/14/2025 03:52:00 PM,1,DRIVER,,2008413,,GENERAL MOTORS CORPORATION (GMC),SIERRA,IL,2009,BRAKES,SPORT UTILITY VEHICLE (SUV),PERSONAL,W,STRAIGHT AHEAD,,,1,,,,,Y,,,,,,N,,,,Y,Y,,FRONT,,,,,,,,,,,,,,,,,,,,,,,,,,,,,,,,,
2106699,b37f78bfb2115f8acc69159e0f09261a3d3becb1de54ecf7ff13f8d78adc6d9e6b1794846b9351021c3fbc90978e60c7386f2ad753d7279261ca787a2188721c,07/14/2025 03:52:00 PM,2,DRIVER,2,2008435,,JEEP,GLADIATOR,IL,2025,NONE,SPORT UTILITY VEHICLE (SUV),PERSONAL,W,STRAIGHT AHEAD,,,3,,,,,,,,,Y,Y,Y,,,,,,,REAR,,,,,,,,,,,,,,,,,,,,,,,,,,,,,,,,,
2106799,3a86bedd58da753b5ebe050a1aa424369557e0aac9a8c181e28358797cee005ad57f27e4dc47c016ae8dd4e98277fd55e99de98101eedf0f47d9b066d02a61cd,07/14/2025 03:47:00 PM,1,DRIVER,,2008470,,NISSAN,SENTRA,IL,2014,UNKNOWN,PASSENGER,PERSONAL,W,STRAIGHT AHEAD,,,1,,,,,Y,,,,,,,,,,Y,Y,,FRONT,,,,,,,,,,,,,,,,,,,,,,,,,,,,,,,,,
2106800,3a86bedd58da753b5ebe050a1aa424369557e0aac9a8c181e28358797cee005ad57f27e4dc47c016ae8dd4e98277fd55e99de98101eedf0f47d9b066d02a61cd,07/14/2025 03:47:00 PM,2,DRIVER,,2008484,,SUBARU,FORESTER,IL,2023,UNKNOWN,PASSENGER,PERSONAL,W,STRAIGHT AHEAD,,,1,,,,,,,,,,Y,,,,,,,,UNKNOWN,,,,,,,,,,,,,,,,,,,,,,,,,,,,,,,,,
2106663,8ce00dacd971fe6309979385a0fcdca5f03c9274c70624b170f9c638b7c47945e83b488163cebda8a4b4795037f10f1e17dbccb91b8c53b1e0dc2324ef538cfa,07/14/2025 03:45:00 PM,1,DRIVER,,2008372,,FORD,EXPLORER,IL,2023,NONE,SPORT UTILITY VEHICLE (SUV),POLICE,UNKNOWN,BACKING,,,1,,,,Y,,,,,,,,,,,,,,REAR,,,,,,,,,,,,,,,,,,,,,,,,,,,,,,,,,
2106664,8ce00dacd971fe6309979385a0fcdca5f03c9274c70624b170f9c638b7c47945e83b488163cebda8a4b4795037f10f1e17dbccb91b8c53b1e0dc2324ef538cfa,07/14/2025 03:45:00 PM,2,PARKED,,2008327,,TOYOTA,COROLLA,IL,2023,NONE,SPORT UTILITY VEHICLE (SUV),PERSONAL,UNKNOWN,PARKED,,,0,,,,,,,,,,Y,,,,,,,,REAR,,,,,,,,,,,,,,,,,,,,,,,,,,,,,,,,,
2106746,d7ac94b12977f01f0ba1dac54e17d8fe1d2b2ce052880e382a39041cdafea289b77dd22a113f89db9c95080bf848655c8b7ca15ddb429b9195f7096f76558b99,07/14/2025 03:45:00 PM,1,DRIVER,,2008406,,DODGE,OTHER (EXPLAIN IN NARRATIVE),,2013,NONE,PASSENGER,PERSONAL,E,STRAIGHT AHEAD,,,1,,,,,Y,Y,,,,,,,,,,N,,SIDE-RIGHT-FRONT,,,,,,,,,,,,,,,,,,,,,,,,,,,,,,,,,
2106747,d7ac94b12977f01f0ba1dac54e17d8fe1d2b2ce052880e382a39041cdafea289b77dd22a113f89db9c95080bf848655c8b7ca15ddb429b9195f7096f76558b99,07/14/2025 03:45:00 PM,2,DRIVER,,2008421,,MAZDA,OTHER (EXPLAIN IN NARRATIVE),IL,2022,UNKNOWN,SINGLE UNIT TRUCK WITH TRAILER,UNKNOWN/NA,W,U-TURN,,,1,,,,,Y,,,,,,,Y,,,,,,SIDE-LEFT-REAR,,,,,,,,,,,,,,,,,,,,,,,,,,,,,,,,,
2106742,03823c09682f35bbae4c79897713bef619d650205df65491763c883a5ad83797f50e4f60fee2e3ba11eb78d589daeedaa8c93be523ae1ee5567f5501e4aade62,07/14/2025 03:43:00 PM,1,DRIVER,,2008412,,MASERATI,GHIBLI,IL,2014,NONE,PASSENGER,PERSONAL,N,STRAIGHT AHEAD,Y,,1,,CITY OF CHICAGO,AUTO POUND #2,,Y,Y,,Y,Y,,,,,Y,Y,Y,,FRONT,,,,,,,,,,,,,,,,,,,,,,,,,,,,,,,,,
2106743,03823c09682f35bbae4c79897713bef619d650205df65491763c883a5ad83797f50e4f60fee2e3ba11eb78d589daeedaa8c93be523ae1ee5567f5501e4aade62,07/14/2025 03:43:00 PM,2,DRIVER,,2008443,,NISSAN,NV CARGO,IL,2016,NONE,PASSENGER,OTHER,W,STRAIGHT AHEAD,Y,,1,,INSURANCE COMPANY/ PRIVATE TOW,,,,,,,,,Y,Y,,Y,Y,,,FRONT-LEFT-CORNER,,,,,,,,,,,,,,,,,,,,,,,,,,,,,,,,,
2106740,87f41d79d1de98c03d4067b1b6f8996afd082ab20d1b5c49b9c8cbe29cad31539547d34b41eb843f2bafa6513b6e44a1d2681399a1ab6d69044db91f8e631e7c,07/14/2025 03:35:00 PM,1,DRIVER,,2008388,,UNKNOWN,OTHER (EXPLAIN IN NARRATIVE),,,UNKNOWN,UNKNOWN/NA,UNKNOWN/NA,S,STRAIGHT AHEAD,,,1,,,,,,,,,,,,,,,,,,UNKNOWN,,,,,,,,,,,,,,,,,,,,,,,,,,,,,,,,,
2106741,87f41d79d1de98c03d4067b1b6f8996afd082ab20d1b5c49b9c8cbe29cad31539547d34b41eb843f2bafa6513b6e44a1d2681399a1ab6d69044db91f8e631e7c,07/14/2025 03:35:00 PM,2,DRIVER,,2008403,,HONDA,PILOT,IL,2021,UNKNOWN,PASSENGER,PERSONAL,S,STRAIGHT AHEAD,,,1,,,,,,,,,,Y,,,,,,,,REAR,,,,,,,,,,,,,,,,,,,,,,,,,,,,,,,,,
2106676,3bc519e083a8fa89e34af6fb7a02cd4e103a7f96bce110278111ee93f3cf47242f4a043062ec2ccf083873ee52191a00b55348191e7ebef83e4602c7b2deccca,07/14/2025 03:31:00 PM,1,DRIVER,,2008334,,TOYOTA,HIGHLANDER,IL,2013,NONE,PASSENGER,PERSONAL,W,BACKING,,,1,,,,,,,,,,,,,,,,Y,,REAR,,,,,,,,,,,,,,,,,,,,,,,,,,,,,,,,,
2106677,3bc519e083a8fa89e34af6fb7a02cd4e103a7f96bce110278111ee93f3cf47242f4a043062ec2ccf083873ee52191a00b55348191e7ebef83e4602c7b2deccca,07/14/2025 03:31:00 PM,2,PARKED,,2008341,,HONDA,CR-V,IL,2025,NONE,PASSENGER,PERSONAL,E,PARKED,,,0,,,,,,,,,,,,,,,,Y,,FRONT,,,,,,,,,,,,,,,,,,,,,,,,,,,,,,,,,
2108920,023793ef8a345ca13d1baf48531a1600f862fbca6d4fddd49930529cdc6989ad41c0ded64b0fd16624534c6bab9f4cb712a5e45de1f47c54d20e79b92bf829ab,07/14/2025 03:30:00 PM,1,DRIVER,,2010466,,TOYOTA,HIGHLANDER,IL,2013,UNKNOWN,SPORT UTILITY VEHICLE (SUV),PERSONAL,S,STRAIGHT AHEAD,,,1,,,,,Y,,,,,,,,,,Y,Y,,FRONT,,,,,,,,,,,,,,,,,,,,,,,,,,,,,,,,,
2108921,023793ef8a345ca13d1baf48531a1600f862fbca6d4fddd49930529cdc6989ad41c0ded64b0fd16624534c6bab9f4cb712a5e45de1f47c54d20e79b92bf829ab,07/14/2025 03:30:00 PM,2,DRIVER,,2010469,,HONDA,ACCORD,IL,2010,NONE,PASSENGER,PERSONAL,S,SLOW/STOP IN TRAFFIC,,,1,,,,,,,,,Y,Y,Y,,,,,,,REAR,,,,,,,,,,,,,,,,,,,,,,,,,,,,,,,,,
2113735,830f2c8c4421d35a861a77cab8043f9cd2cf074ad8de7914c3f1665042a30481698ef30c4b33b8abc8ec98a34aefc960a5e6c485256ddf618045d4d88b8eff6a,07/14/2025 03:30:00 PM,1,DRIVER,,2015040,,UNKNOWN,OTHER (EXPLAIN IN NARRATIVE),IL,,UNKNOWN,UNKNOWN/NA,UNKNOWN/NA,UNKNOWN,UNKNOWN/NA,,,1,,,,,,,,,,,,,,,,,,UNKNOWN,,,,,,,,,,,,,,,,,,,,,,,,,,,,,,,,,
2113736,830f2c8c4421d35a861a77cab8043f9cd2cf074ad8de7914c3f1665042a30481698ef30c4b33b8abc8ec98a34aefc960a5e6c485256ddf618045d4d88b8eff6a,07/14/2025 03:30:00 PM,2,PARKED,,2015051,,NISSAN,ROGUE,IL,2018,UNKNOWN,PASSENGER,UNKNOWN/NA,UNKNOWN,PARKED,,,0,,,,,,,,,,,Y,,,,,,,REAR-LEFT-CORNER,,,,,,,,,,,,,,,,,,,,,,,,,,,,,,,,,
2106648,bdd4942b68f4ddddce6b295478221046488ce43f40add7247c3ece1e34d6096c164fa70314798e5ab220d705048509d5a2893238d562a7f5cce0b5d5c035764a,07/14/2025 03:30:00 PM,1,BICYCLE,,,,,,,,,,,,,,,,,,,,,,,,,,,,,,,,,,,,,,,,,,,,,,,,,,,,,,,,,,,,,,,,,,
2106649,bdd4942b68f4ddddce6b295478221046488ce43f40add7247c3ece1e34d6096c164fa70314798e5ab220d705048509d5a2893238d562a7f5cce0b5d5c035764a,07/14/2025 03:30:00 PM,2,DRIVER,,2008313,,KIA,SPORTAGE,IL,2020,NONE,PASSENGER,PERSONAL,N,STRAIGHT AHEAD,,,1,,,,,Y,,,,,,,,,,,Y,,FRONT-RIGHT-CORNER,,,,,,,,,,,,,,,,,,,,,,,,,,,,,,,,,
2106655,d1a11d27e365eda9f3393df7e2a42c2d96d4a62652e441ba2eaa5701159265f164841ef83e6433261e5938c7646b4756314ec63fa7821c1c1df97e6f28f950ae,07/14/2025 03:30:00 PM,1,DRIVER,,2008323,,VOLKSWAGEN,GTI,IL,2005,UNKNOWN,PASSENGER,PERSONAL,N,STRAIGHT AHEAD,,,1,,,,,,,,,,,,,,,,Y,,FRONT,,,,,,,,,,,,,,,,,,,,,,,,,,,,,,,,,
2106656,d1a11d27e365eda9f3393df7e2a42c2d96d4a62652e441ba2eaa5701159265f164841ef83e6433261e5938c7646b4756314ec63fa7821c1c1df97e6f28f950ae,07/14/2025 03:30:00 PM,2,DRIVER,,2008332,,DODGE,RAM 1500 PU,IL,2021,UNKNOWN,PICKUP,PERSONAL,N,STRAIGHT AHEAD,,,1,,,,Y,,,,,,,,,,,,,,NONE,,,,,,,,,,,,,,,,,,,,,,,,,,,,,,,,,