CRASH_UNIT_ID,CRASH_RECORD_ID,CRASH_DATE,UNIT_NO,UNIT_TYPE,NUM_PASSENGERS,VEHICLE_ID,CMRC_VEH_I,MAKE,MODEL,LIC_PLATE_STATE,VEHICLE_YEAR,VEHICLE_DEFECT,VEHICLE_TYPE,VEHICLE_USE,TRAVEL_DIRECTION,MANEUVER,TOWED_I,FIRE_I,OCCUPANT_CNT,EXCEED_SPEED_LIMIT_I,TOWED_BY,TOWED_TO,AREA_00_I,AREA_01_I,AREA_02_I,AREA_03_I,AREA_04_I,AREA_05_I,AREA_06_I,AREA_07_I,AREA_08_I,AREA_09_I,AREA_10_I,AREA_11_I,AREA_12_I,AREA_99_I,FIRST_CONTACT_POINT,CMV_ID,USDOT_NO,CCMC_NO,ILCC_NO,COMMERCIAL_SRC,GVWR,CARRIER_NAME,CARRIER_STATE,CARRIER_CITY,HAZMAT_PLACARDS_I,HAZMAT_NAME,UN_NO,HAZMAT_PRESENT_I,HAZMAT_REPORT_I,HAZMAT_REPORT_NO,MCS_REPORT_I,MCS_REPORT_NO,HAZMAT_VIO_CAUSE_CRASH_I,MCS_VIO_CAUSE_CRASH_I,IDOT_PERMIT_NO,WIDE_LOAD_I,TRAILER1_WIDTH,TRAILER2_WIDTH,TRAILER1_LENGTH,TRAILER2_LENGTH,TOTAL_VEHICLE_LENGTH,AXLE_CNT,VEHICLE_CONFIG,CARGO_BODY_TYPE,LOAD_TYPE,HAZMAT_OUT_OF_SERVICE_I,MCS_OUT_OF_SERVICE_I,HAZMAT_CLASS
2106659,0ee81a8564857a2cc466692cb0a23ecde6864991613c57334a5ff2a5f39bf167de6af53d79e295be967a67629f3e0944446009cd95aaf36e8b9faea5598f85cb,07/14/2025 03:20:00 PM,1,DRIVER,,2008325,,TOYOTA,OTHER (EXPLAIN IN NARRATIVE),IL,2010,UNKNOWN,PASSENGER,UNKNOWN/NA,E,CHANGING LANES,,,1,,,,,,,,,,,,,,,Y,,,FRONT-LEFT-CORNER,,,,,,,,,,,,,,,,,,,,,,,,,,,,,,,,,
2106660,0ee81a8564857a2cc466692cb0a23ecde6864991613c57334a5ff2a5f39bf167de6af53d79e295be967a67629f3e0944446009cd95aaf36e8b9faea5598f85cb,07/14/2025 03:20:00 PM,2,DRIVER,,2008333,,DODGE,CARAVAN,IL,2019,NONE,VAN/MINI-VAN,OTHER,E,SLOW/STOP IN TRAFFIC,,,1,,,,,,,,N,Y,,,,,,,,,REAR-RIGHT-CORNER,,,,,,,,,,,,,,,,,,,,,,,,,,,,,,,,,
2106680,9ec0681dfc57a99fc426f30904e978e1f4d9c297c85153c99fbeb8a430ae76945c05f7b4a3d8c26178125dc701c64a3eba2145f9c4e9db4ddff75feabe07ec48,07/14/2025 03:20:00 PM,1,DRIVER,,2008339,,JEEP,PATRIOT,,,UNKNOWN,PASSENGER,PERSONAL,E,STRAIGHT AHEAD,,,1,,,,,,,,,,,,,,,,,,FRONT,,,,,,,,,,,,,,,,,,,,,,,,,,,,,,,,,
2106681,9ec0681dfc57a99fc426f30904e978e1f4d9c297c85153c99fbeb8a430ae76945c05f7b4a3d8c26178125dc701c64a3eba2145f9c4e9db4ddff75feabe07ec48,07/14/2025 03:20:00 PM,2,DRIVER,,2008347,,CHEVROLET,IMPALA,,,UNKNOWN,PASSENGER,PERSONAL,E,STRAIGHT AHEAD,,,1,,,,,,,,,,,,,,,,,,REAR-RIGHT-CORNER,,,,,,,,,,,,,,,,,,,,,,,,,,,,,,,,,
2106983,aff204e7a683a531ebfcfce8bf488d4a436844b947bdcacdebd494a406ce89405d3af57f01bb47d4b2ae026b6582f4eb8cc4fb19b4be53f30fd3666eb864677d,07/14/2025 03:20:00 PM,1,DRIVER,,2008637,,LINCOLN,OTHER (EXPLAIN IN NARRATIVE),,,UNKNOWN,PASSENGER,UNKNOWN/NA,SE,TURNING LEFT,,,1,,,,,,,,,,,,,,,,,Y,UNKNOWN,,,,,,,,,,,,,,,,,,,,,,,,,,,,,,,,,
2106984,aff204e7a683a531ebfcfce8bf488d4a436844b947bdcacdebd494a406ce89405d3af57f01bb47d4b2ae026b6582f4eb8cc4fb19b4be53f30fd3666eb864677d,07/14/2025 03:20:00 PM,2,DRIVER,1,2008640,,TOYOTA,CAMRY,IL,2013,NONE,PASSENGER,TAXI/FOR HIRE,SE,TURNING LEFT,,,2,,,,,,,,,,,,,,Y,Y,,,FRONT-LEFT-CORNER,,,,,,,,,,,,,,,,,,,,,,,,,,,,,,,,,
2106893,1e3fa2cf724b066479015c2cf5fd3021dfd0ebeb0837424dc41f264cbb27c25256da653e27a542a2be822f8c1628626baf80020ed8e06b8d09fe1063c1dbc989,07/14/2025 03:19:00 PM,1,DRIVER,,2008548,,DODGE,CHARGER,IL,,NONE,PASSENGER,UNKNOWN/NA,E,STRAIGHT AHEAD,,,1,,,,,Y,Y,,,,,,,,,,,,FRONT-RIGHT-CORNER,,,,,,,,,,,,,,,,,,,,,,,,,,,,,,,,,
2106894,1e3fa2cf724b066479015c2cf5fd3021dfd0ebeb0837424dc41f264cbb27c25256da653e27a542a2be822f8c1628626baf80020ed8e06b8d09fe1063c1dbc989,07/14/2025 03:19:00 PM,2,DRIVER,,2008553,,NOVA BUS,OTHER (EXPLAIN IN NARRATIVE),IL,,NONE,BUS UP TO 15 PASS.,CTA,E,STRAIGHT AHEAD,,,1,,,,,,,,,,,,,,Y,Y,,,FRONT-LEFT-CORNER,,,,,,,,,,,,,,,,,,,,,,,,,,,,,,,,,
2106688,8d578d2fc1b7b9eeb5c6c9d4f790bfaf8aec5a9305ccd2c936662ca5fe81ee52d3a6d3f35169eb7bd179515215b7d60e85f2b4c82a44048f80356576528b9461,07/14/2025 03:18:00 PM,1,DRIVER,,2008351,,UNKNOWN,OTHER (EXPLAIN IN NARRATIVE),IL,,UNKNOWN,TRUCK - SINGLE UNIT,OTHER,W,STRAIGHT AHEAD,,,1,,,,,,,,,,,,,,,,,Y,UNKNOWN,,,,,,,,,,,,,,,,,,,,,,,,,,,,,,,,,
2106689,8d578d2fc1b7b9eeb5c6c9d4f790bfaf8aec5a9305ccd2c936662ca5fe81ee52d3a6d3f35169eb7bd179515215b7d60e85f2b4c82a44048f80356576528b9461,07/14/2025 03:18:00 PM,2,DRIVER,3,2008353,,DODGE,DART,IL,2016,UNKNOWN,PASSENGER,PERSONAL,W,STRAIGHT AHEAD,,,4,,,,,,,,,,,,,,,,,Y,UNKNOWN,,,,,,,,,,,,,,,,,,,,,,,,,,,,,,,,,
2106653,5fa08e9c1c9dc9439b4546016df08abaa3f3fccd98d858f8d02f5bcf3baf8b440abcf6cc1ba8a91d20a24d58bf9e989d12375c94fd55664a17d51abf671a194f,07/14/2025 03:15:00 PM,1,DRIVER,,2008319,,UNKNOWN,OTHER (EXPLAIN IN NARRATIVE),IL,,UNKNOWN,PASSENGER,UNKNOWN/NA,E,STRAIGHT AHEAD,,,1,,,,,,,,,,,,,,,,,Y,UNKNOWN,,,,,,,,,,,,,,,,,,,,,,,,,,,,,,,,,
2106654,5fa08e9c1c9dc9439b4546016df08abaa3f3fccd98d858f8d02f5bcf3baf8b440abcf6cc1ba8a91d20a24d58bf9e989d12375c94fd55664a17d51abf671a194f,07/14/2025 03:15:00 PM,2,DRIVER,3,2008335,,TOYOTA,COROLLA,IL,2014,NONE,PASSENGER,PERSONAL,S,STRAIGHT AHEAD,,,4,,,,,,,,,,,,,,Y,Y,Y,,FRONT-LEFT-CORNER,,,,,,,,,,,,,,,,,,,,,,,,,,,,,,,,,
2106661,831506507c0921ef8e7c80a88b54806201ed0d18365fd529840361dc88ef3376f414f2ccf3f140587563b18dc3010cfe124b740a6edc163f9446f5bb725122d1,07/14/2025 03:15:00 PM,1,DRIVER,,2008324,,CHEVROLET,IMPALA,IL,2011,UNKNOWN,PASSENGER,PERSONAL,N,UNKNOWN/NA,,,1,,,,,,,,,,,,,,,,,Y,UNKNOWN,,,,,,,,,,,,,,,,,,,,,,,,,,,,,,,,,
2106662,831506507c0921ef8e7c80a88b54806201ed0d18365fd529840361dc88ef3376f414f2ccf3f140587563b18dc3010cfe124b740a6edc163f9446f5bb725122d1,07/14/2025 03:15:00 PM,2,PARKED,,2008328,,CHEVROLET,EQUINOX,IL,2020,UNKNOWN,SPORT UTILITY VEHICLE (SUV),PERSONAL,N,PARKED,,,0,,,,,,,,,,Y,,,,,,,,REAR,,,,,,,,,,,,,,,,,,,,,,,,,,,,,,,,,
2106670,08b6334c727225ce04634d1708866a77cae92adf5e94c985acd3326f2099c1a6fe6c6e7f33fff91f0a1ce1bf87848ec3162d7544264c747fa37bd68df09e0ca9,07/14/2025 03:10:00 PM,1,DRIVER,,2008331,,BMW,X3,IL,2013,NONE,SPORT UTILITY VEHICLE (SUV),PERSONAL,E,STRAIGHT AHEAD,,,1,,,,,,,,,,,,,Y,Y,N,,,SIDE-LEFT-FRONT,,,,,,,,,,,,,,,,,,,,,,,,,,,,,,,,,
2106671,08b6334c727225ce04634d1708866a77cae92adf5e94c985acd3326f2099c1a6fe6c6e7f33fff91f0a1ce1bf87848ec3162d7544264c747fa37bd68df09e0ca9,07/14/2025 03:10:00 PM,2,DRIVER,1,2008344,,KIA,SORENTO,IL,2011,NONE,SPORT UTILITY VEHICLE (SUV),PERSONAL,N,STRAIGHT AHEAD,,,2,,,,,,,,,,,Y,,,,,,,SIDE-LEFT-REAR,,,,,,,,,,,,,,,,,,,,,,,,,,,,,,,,,
2106696,1d374adf1b5f3114c613663cdf38e58e52dd03d2ed5b7ae15ab233f8fedc3d25e7d53bc598157dda9eb637b0e4aaaa96d34b64969f89f2505651da753c260446,07/14/2025 02:57:00 PM,1,DRIVER,2,2008359,,FORD,FUSION,IL,2015,UNKNOWN,PASSENGER,PERSONAL,E,CHANGING LANES,,,3,,,,,,,,,,,Y,,,,,,,FRONT-LEFT-CORNER,,,,,,,,,,,,,,,,,,,,,,,,,,,,,,,,,
2106697,1d374adf1b5f3114c613663cdf38e58e52dd03d2ed5b7ae15ab233f8fedc3d25e7d53bc598157dda9eb637b0e4aaaa96d34b64969f89f2505651da753c260446,07/14/2025 02:57:00 PM,2,DRIVER,,2008379,,FORD,TRANSIT CONNECT,IL,2020,UNKNOWN,VAN/MINI-VAN,PERSONAL,E,STRAIGHT AHEAD,,,1,,,,,,,,,,,,,,,,,,FRONT-RIGHT-CORNER,,,,,,,,,,,,,,,,,,,,,,,,,,,,,,,,,
2106620,2fb3b03a2024cbb75e8b331870dcea3b647d1fa1a93b4b977968f0686b4e571a34e1e8d736de8434d4862ea568a36a469de0cdceafcdab36523e44cce8c4c38c,07/14/2025 02:50:00 PM,1,DRIVER,,2008278,,NISSAN,MAXIMA,IL,2019,UNKNOWN,PASSENGER,PERSONAL,W,STRAIGHT AHEAD,,,1,,,,,Y,Y,,,,,,,,,,,,FRONT-RIGHT-CORNER,,,,,,,,,,,,,,,,,,,,,,,,,,,,,,,,,
2106621,2fb3b03a2024cbb75e8b331870dcea3b647d1fa1a93b4b977968f0686b4e571a34e1e8d736de8434d4862ea568a36a469de0cdceafcdab36523e44cce8c4c38c,07/14/2025 02:50:00 PM,2,DRIVER,,2008284,,CHEVROLET,MALIBU,IL,2014,NONE,PASSENGER,PERSONAL,W,STRAIGHT AHEAD,,,1,,,,,,,,,,,,,,Y,Y,Y,,FRONT-LEFT-CORNER,,,,,,,,,,,,,,,,,,,,,,,,,,,,,,,,,
2108704,545998b02e27931ff15b7f8fe16cbec613138eba76401a1abda7bdc95fa4e720ac78c93936940bd15063268376bf690a177ef7e3935ab0a0a96b21a7380a2092,07/14/2025 02:50:00 PM,1,DRIVER,,2010263,,NISSAN,MURANO,IL,2012,UNKNOWN,SPORT UTILITY VEHICLE (SUV),PERSONAL,W,STRAIGHT AHEAD,,,1,,,,,Y,,,,,,,,,,Y,Y,,FRONT,,,,,,,,,,,,,,,,,,,,,,,,,,,,,,,,,
2108705,545998b02e27931ff15b7f8fe16cbec613138eba76401a1abda7bdc95fa4e720ac78c93936940bd15063268376bf690a177ef7e3935ab0a0a96b21a7380a2092,07/14/2025 02:50:00 PM,2,DRIVER,,2010261,,FORD,EXPLORER,IL,2021,NONE,SPORT UTILITY VEHICLE (SUV),PERSONAL,W,STRAIGHT AHEAD,,,1,,,,,,,,,Y,Y,Y,,,,,,,REAR,,,,,,,,,,,,,,,,,,,,,,,,,,,,,,,,,
2106678,246a8c58f7e84cbf7e5ebf709df98f4558c0d93eed2433bdf8c6e011ae4e2aa50b9c8e5676a5fdd9625ae7606c306802cefd09ae02a2ce205a3f124f76b62a4e,07/14/2025 02:45:00 PM,1,DRIVER,,2008338,,DODGE,CHARGER,IL,,UNKNOWN,UNKNOWN/NA,UNKNOWN/NA,E,OTHER,,,1,,,,,,,,,,,,,,,,,Y,FRONT-LEFT-CORNER,,,,,,,,,,,,,,,,,,,,,,,,,,,,,,,,,
2106679,246a8c58f7e84cbf7e5ebf709df98f4558c0d93eed2433bdf8c6e011ae4e2aa50b9c8e5676a5fdd9625ae7606c306802cefd09ae02a2ce205a3f124f76b62a4e,07/14/2025 02:45:00 PM,2,DRIVER,,2008343,,AUDI,A6,IL,2016,NONE,PASSENGER,PERSONAL,E,OTHER,,,1,,,,,,,Y,Y,Y,,,,,,,,,REAR-RIGHT-CORNER,,,,,,,,,,,,,,,,,,,,,,,,,,,,,,,,,
2106791,30457f139ae00f3e62896bd80621f5376bac7c50bae60da5890a0f7b9f5e71caca1d05b4ca67065b25ed105b8ea451652e77fe3a389ad93a1f3bb8324de60fd5,07/14/2025 02:45:00 PM,1,DRIVER,,2008461,,HONDA,PILOT,IL,2009,UNKNOWN,PASSENGER,PERSONAL,S,STRAIGHT AHEAD,,,1,,,,,Y,,,,,,,,,,Y,Y,,FRONT,,,,,,,,,,,,,,,,,,,,,,,,,,,,,,,,,
2106792,30457f139ae00f3e62896bd80621f5376bac7c50bae60da5890a0f7b9f5e71caca1d05b4ca67065b25ed105b8ea451652e77fe3a389ad93a1f3bb8324de60fd5,07/14/2025 02:45:00 PM,2,DRIVER,1,2008471,,KIA,SOUL,IL,2014,NONE,PASSENGER,PERSONAL,S,STRAIGHT AHEAD,,,2,,,,,,,,,Y,Y,Y,,,,,,,REAR,,,,,,,,,,,,,,,,,,,,,,,,,,,,,,,,,
2107258,a0376ffb15b8d1db70595aec87bb0262d03bc22057c8f1c6b6121e9f9a6a0ce85619cdd9adf442198c2b34d530750efc47bc59e52ee286dba84efbcb58092cc1,07/14/2025 02:40:00 PM,1,DRIVER,,2008902,,UNKNOWN,OTHER (EXPLAIN IN NARRATIVE),IL,,UNKNOWN,OTHER VEHICLE WITH TRAILER,UNKNOWN/NA,N,UNKNOWN/NA,,,1,,,,,,,,,,,,,,,,,,UNKNOWN,,,,,,,,,,,,,,,,,,,,,,,,,,,,,,,,,
2107259,a0376ffb15b8d1db70595aec87bb0262d03bc22057c8f1c6b6121e9f9a6a0ce85619cdd9adf442198c2b34d530750efc47bc59e52ee286dba84efbcb58092cc1,07/14/2025 02:40:00 PM,2,PARKED,,2008906,,FORD,EXPLORER,IL,2021,NONE,SPORT UTILITY VEHICLE (SUV),NOT IN USE,N,PARKED,,,0,,,,,,,,,,,,,,,Y,Y,,FRONT-LEFT-CORNER,,,,,,,,,,,,,,,,,,,,,,,,,,,,,,,,,
2106766,0552f30106085467ab184cfb53c6be1d2aa5ea4a29e9301334745573ae9d192be410571f7c2bcd246c4557c88baf04d9109d75cefc2eeca92807d3c61c96e256,07/14/2025 02:31:00 PM,1,DRIVER,,2008436,,TOYOTA,HIGHLANDER,IL,2021,NONE,OTHER,OTHER,E,AVOIDING VEHICLES/OBJECTS,,,1,,,,,Y,,,,,,,,,,,,,FRONT-RIGHT-CORNER,,,,,,,,,,,,,,,,,,,,,,,,,,,,,,,,,
2106767,0552f30106085467ab184cfb53c6be1d2aa5ea4a29e9301334745573ae9d192be410571f7c2bcd246c4557c88baf04d9109d75cefc2eeca92807d3c61c96e256,07/14/2025 02:31:00 PM,2,DRIVER,,2008451,,CHEVROLET,IMPALA,IL,2005,NONE,PASSENGER,PERSONAL,E,STRAIGHT AHEAD,,,1,,,,,,,,,Y,,,,,,,,,REAR-RIGHT-CORNER,,,,,,,,,,,,,,,,,,,,,,,,,,,,,,,,,
2106732,2a657e4f54d89acaebad0e4ee2dbffefa486db415fb96367ef64b6ef7e4b55d6cf44d708792297fa896b1143bb50a161a3cf386724f6f74f93a51afb1117e3df,07/14/2025 02:30:00 PM,1,DRIVER,,2008397,,FORD,F150,IL,2008,UNKNOWN,PICKUP,PERSONAL,N,TURNING RIGHT,,,1,,,,,,,,,,,,,,N,Y,,,FRONT-LEFT-CORNER,,,,,,,,,,,,,,,,,,,,,,,,,,,,,,,,,
2106733,2a657e4f54d89acaebad0e4ee2dbffefa486db415fb96367ef64b6ef7e4b55d6cf44d708792297fa896b1143bb50a161a3cf386724f6f74f93a51afb1117e3df,07/14/2025 02:30:00 PM,2,DRIVER,,2008411,N,NEW FLYER,OTHER (EXPLAIN IN NARRATIVE),IL,2006,UNKNOWN,BUS OVER 15 PASS.,CTA,E,STRAIGHT AHEAD,,,1,,,,,Y,,,,,,,,,,,,,FRONT-RIGHT-CORNER,,,,,,,,,,,,,,,,,,,,,,,,,,,,,,,,,
2106718,63d1e80ba12c26ff25f83090db664bdab723e751f5771e4bce25a9cf7ff6321756d37b7effcdd5ca4af921781e33359c766c6fe0102b8dfcb4c901a5cbe6fc3b,07/14/2025 02:30:00 PM,1,DRIVER,,2008374,,TOYOTA,CAMRY,IL,2004,NONE,PASSENGER,PERSONAL,SW,ENTERING TRAFFIC LANE FROM PARKING,Y,,1,,,,,,,,,,,,,,,Y,,,FRONT-LEFT-CORNER,,,,,,,,,,,,,,,,,,,,,,,,,,,,,,,,,
2106719,63d1e80ba12c26ff25f83090db664bdab723e751f5771e4bce25a9cf7ff6321756d37b7effcdd5ca4af921781e33359c766c6fe0102b8dfcb4c901a5cbe6fc3b,07/14/2025 02:30:00 PM,2,PARKED,,2008380,,TOYOTA,COROLLA,,2023,NONE,PASSENGER,NOT IN USE,W,PARKED,,,0,,,,,,Y,Y,,,,,,,,,,,SIDE-RIGHT,,,,,,,,,,,,,,,,,,,,,,,,,,,,,,,,,
2106632,ba799a95e35bcb5e3dafd67eaf55f5eef3a9da7463e851f5bc036c45a5ea8af205555869262bb31d49b0bf36ea4140554e9088f999ebd5f607f9344436ffe50e,07/14/2025 02:30:00 PM,1,DRIVER,,2008300,,PONTIAC,G6,IL,2006,UNKNOWN,PASSENGER,PERSONAL,W,STRAIGHT AHEAD,,,1,,,,,,,,,,,,,,,,Y,,FRONT,,,,,,,,,,,,,,,,,,,,,,,,,,,,,,,,,
2106633,ba799a95e35bcb5e3dafd67eaf55f5eef3a9da7463e851f5bc036c45a5ea8af205555869262bb31d49b0bf36ea4140554e9088f999ebd5f607f9344436ffe50e,07/14/2025 02:30:00 PM,2,DRIVER,,2008305,,FORD,VAN,IL,2014,UNKNOWN,VAN/MINI-VAN,OTHER,W,STRAIGHT AHEAD,,,1,,,,,,,,,,Y,,,,,,,,REAR,,,,,,,,,,,,,,,,,,,,,,,,,,,,,,,,,
2106634,414badded7a89c9e61a3c49e3002bcc1d0a54b414090e4baf3261985d2a45bf756516c5ebc61b189b0583a7959f402b8a00db7c4655a50a3b38aed6ebbdd59f7,07/14/2025 02:28:00 PM,1,DRIVER,,2008296,,JEEP,GRAND CHEROKEE,IL,2023,NONE,SPORT UTILITY VEHICLE (SUV),PERSONAL,SE,TURNING RIGHT,,,1,,,,,Y,,,,,,,,,,,Y,,REAR-RIGHT-CORNER,,,,,,,,,,,,,,,,,,,,,,,,,,,,,,,,,
2106635,414badded7a89c9e61a3c49e3002bcc1d0a54b414090e4baf3261985d2a45bf756516c5ebc61b189b0583a7959f402b8a00db7c4655a50a3b38aed6ebbdd59f7,07/14/2025 02:28:00 PM,2,BICYCLE,,,,,,,,,,,,,,,,,,,,,,,,,,,,,,,,,,,,,,,,,,,,,,,,,,,,,,,,,,,,,,,,,,
2106825,0da13f1fcbaf98eab1a7b09ac7304e7fb6f662dbb8e5fc283e0dacb5c536d016ea1cd60f14632f520663deb4fbd61fbe18ffb9762cfc73d7d93c17d03cfd0664,07/14/2025 02:15:00 PM,1,DRIVER,,2008500,,FORD,FUSION,IL,2018,NONE,PASSENGER,PERSONAL,W,BACKING,,,1,,,,,,Y,,,,,,,,,,,,SIDE-RIGHT,,,,,,,,,,,,,,,,,,,,,,,,,,,,,,,,,
2106826,0da13f1fcbaf98eab1a7b09ac7304e7fb6f662dbb8e5fc283e0dacb5c536d016ea1cd60f14632f520663deb4fbd61fbe18ffb9762cfc73d7d93c17d03cfd0664,07/14/2025 02:15:00 PM,2,PARKED,,2008513,,CHEVROLET,MALIBU,IL,2016,UNKNOWN,PASSENGER,UNKNOWN/NA,S,PARKED,,,0,,,,,,,,,,Y,,,,,,,,REAR,,,,,,,,,,,,,,,,,,,,,,,,,,,,,,,,,
2106581,ad57ae8aa7c245c44dbeb83d47c2d1a63e26e65ba9497d31e6ccaf6d20e17d0a0ae2476732bc804cf210f00c8c2fe08e94d77a783e9c20c45326726142cb92cc,07/14/2025 02:15:00 PM,1,DRIVER,,2008253,,FORD,ZX2,IL,2013,UNKNOWN,SPORT UTILITY VEHICLE (SUV),PERSONAL,E,STRAIGHT AHEAD,,,1,,,,,Y,,,,,,,,,,Y,Y,,FRONT,,,,,,,,,,,,,,,,,,,,,,,,,,,,,,,,,
2106582,ad57ae8aa7c245c44dbeb83d47c2d1a63e26e65ba9497d31e6ccaf6d20e17d0a0ae2476732bc804cf210f00c8c2fe08e94d77a783e9c20c45326726142cb92cc,07/14/2025 02:15:00 PM,2,DRIVER,,2008255,,TOYOTA,SIENNA,IL,2021,UNKNOWN,VAN/MINI-VAN,PERSONAL,S,STRAIGHT AHEAD,,,1,,,,,,Y,Y,Y,,,,,,,,,,SIDE-RIGHT,,,,,,,,,,,,,,,,,,,,,,,,,,,,,,,,,
2106585,f9058cbd1728f59a3a84e699061ebb3d3289731b3eb0042c2d1ad526b0193bc482da21700c0f43ff7ec2978199cf20c199ce9c21ec7ea7ceaaf627e963664e92,07/14/2025 02:05:00 PM,1,DRIVER,,2008263,,CHEVROLET,MALIBU,IL,2016,UNKNOWN,PASSENGER,PERSONAL,S,STRAIGHT AHEAD,,,1,,,,,,,,,,,,,,,,,,FRONT,,,,,,,,,,,,,,,,,,,,,,,,,,,,,,,,,
2106586,f9058cbd1728f59a3a84e699061ebb3d3289731b3eb0042c2d1ad526b0193bc482da21700c0f43ff7ec2978199cf20c199ce9c21ec7ea7ceaaf627e963664e92,07/14/2025 02:05:00 PM,2,DRIVER,,2008272,,MAZDA,MAZDA3,IL,2018,UNKNOWN,PASSENGER,PERSONAL,W,STRAIGHT AHEAD,,,1,,,,,,,Y,Y,Y,,,,,,,,,SIDE-RIGHT,,,,,,,,,,,,,,,,,,,,,,,,,,,,,,,,,
2106950,7dd626ad27ed4746e07a70bde0ca19c05ceacccc8c2b4efa8362999cae96de87d369459df9642553ce48ef8445b51c4a0f0b2d8ec96820ee2cda7ae86c50eb62,07/14/2025 02:00:00 PM,1,DRIVER,,2008605,,CHEVROLET,MALIBU,IL,2011,UNKNOWN,PASSENGER,PERSONAL,S,STRAIGHT AHEAD,,,1,,,,,Y,,,,,,,,,,Y,Y,Y,FRONT,,,,,,,,,,,,,,,,,,,,,,,,,,,,,,,,,
2106951,7dd626ad27ed4746e07a70bde0ca19c05ceacccc8c2b4efa8362999cae96de87d369459df9642553ce48ef8445b51c4a0f0b2d8ec96820ee2cda7ae86c50eb62,07/14/2025 02:00:00 PM,2,DRIVER,,2008609,,BMW,X3,IL,2019,UNKNOWN,PASSENGER,PERSONAL,S,STRAIGHT AHEAD,,,1,,,,,,,,,Y,Y,Y,,,,,,Y,REAR,,,,,,,,,,,,,,,,,,,,,,,,,,,,,,,,,
2106716,818b8b7e185fb7dabcff08151819b2f53d742c0f3e47195b5afa8931b8bde082b278dbaf76e1939c059a48885483ec28f752853eb822b29542de3ddaacaa28ab,07/14/2025 02:00:00 PM,1,DRIVER,,2008368,,UNKNOWN,NONREMOVABLE ENCLOSURE,IL,,UNKNOWN,UNKNOWN/NA,UNKNOWN/NA,UNKNOWN,UNKNOWN/NA,,,1,,,,,,,,,,,,,,,,,Y,UNKNOWN,,,,,,,,,,,,,,,,,,,,,,,,,,,,,,,,,
2106717,818b8b7e185fb7dabcff08151819b2f53d742c0f3e47195b5afa8931b8bde082b278dbaf76e1939c059a48885483ec28f752853eb822b29542de3ddaacaa28ab,07/14/2025 02:00:00 PM,2,DRIVERLESS,,2008373,,ACURA,ADX,IL,2024,UNKNOWN,PASSENGER,NOT IN USE,N,PARKED,,,0,,,,,,,,,,Y,,,,,,,,REAR,,,,,,,,,,,,,,,,,,,,,,,,,,,,,,,,,
2106618,e33229ddb9f8252ea01ccead0d5405e950e8e136878ce8a71fa6c602b228e8037a1e164d0aebeb0906f1d0c8f5750a2209e69407fc057a488656ac1aa075ceb0,07/14/2025 02:00:00 PM,1,DRIVER,,2008276,,TOYOTA,HIGHLANDER,IL,2015,NONE,PASSENGER,PERSONAL,S,PASSING/OVERTAKING,,,1,,,,,,,,Y,Y,,,,,,,,Y,SIDE-RIGHT-REAR,,,,,,,,,,,,,,,,,,,,,,,,,,,,,,,,,
2106619,e33229ddb9f8252ea01ccead0d5405e950e8e136878ce8a71fa6c602b228e8037a1e164d0aebeb0906f1d0c8f5750a2209e69407fc057a488656ac1aa075ceb0,07/14/2025 02:00:00 PM,2,DRIVER,,2008283,,NEW FLYER,OTHER (EXPLAIN IN NARRATIVE),IL,2008,NONE,BUS OVER 15 PASS.,CTA,S,STRAIGHT AHEAD,,,1,,,,,,,,,,,Y,,,,,,Y,REAR-LEFT-CORNER,,,,,,,,,,,,,,,,,,,,,,,,,,,,,,,,,
2106612,f485e87df1f653743b734055b3cbb66994c1b8fb8b5ffddfafe47fa61e58f7a6d62dad9134a8586a0920faf48954a469c3e2808e450b69055cf5575fda8ccfd0,07/14/2025 02:00:00 PM,1,DRIVER,,2008279,,CHEVROLET,COBALT,IL,2009,UNKNOWN,PASSENGER,PERSONAL,W,U-TURN,Y,,1,,,,,Y,Y,,,,,,,Y,Y,Y,Y,,FRONT,,,,,,,,,,,,,,,,,,,,,,,,,,,,,,,,,
2106613,f485e87df1f653743b734055b3cbb66994c1b8fb8b5ffddfafe47fa61e58f7a6d62dad9134a8586a0920faf48954a469c3e2808e450b69055cf5575fda8ccfd0,07/14/2025 02:00:00 PM,2,DRIVER,,2008286,,CHRYSLER,TOWN & COUNTRY,IL,2013,NONE,VAN/MINI-VAN,PERSONAL,W,STRAIGHT AHEAD,Y,,1,,,,,Y,Y,Y,Y,,,,,,,,,,SIDE-RIGHT,,,,,,,,,,,,,,,,,,,,,,,,,,,,,,,,,
2106714,d689f8645917dff84e757a2536f265b229fa3f712bf74a9772c749eb62e3169a20bd8790bdc570278accfe0b3fff2c6ff96a4c0831b4a90b49355ba563d8e2d7,07/14/2025 01:57:00 PM,1,DRIVER,,2008365,,CHEVROLET,MALIBU,IL,2011,NONE,PASSENGER,PERSONAL,S,STRAIGHT AHEAD,,,1,,,,,,,,,,,,,,,,Y,,FRONT,,,,,,,,,,,,,,,,,,,,,,,,,,,,,,,,,
2106715,d689f8645917dff84e757a2536f265b229fa3f712bf74a9772c749eb62e3169a20bd8790bdc570278accfe0b3fff2c6ff96a4c0831b4a90b49355ba563d8e2d7,07/14/2025 01:57:00 PM,2,DRIVER,,2008399,,BMW,X3,IL,2019,NONE,SPORT UTILITY VEHICLE (SUV),PERSONAL,S,STRAIGHT AHEAD,,,1,,,,,,,,,,Y,,,,,,,,REAR,,,,,,,,,,,,,,,,,,,,,,,,,,,,,,,,,